,player,team,position,pass_yds,pass_tds,pass_int,pass_att,pass_comp,rush_att,rush_yds,rush_tds,rcv_rec,rcv_yds,rcv_tds,source,pname_merge
0,Frank Wycheck,TEN,TE,30.0,1.0,0.0,1.0,1.0,0.0,0.0,0.0,6.0,50.0,0.0,nfl_hist,frankwycheck
1,Jake Plumme,ARI,QB,243.0,2.0,0.0,24.0,18.0,1.0,0.0,0.0,0.0,0.0,0.0,nfl_hist,jakeplumme
2,Steve Beuerlein,CAR,QB,364.0,3.0,1.0,32.0,24.0,1.0,-1.0,0.0,0.0,0.0,0.0,nfl_hist,stevebeuerlein
3,Rob Johnson,BUF,QB,259.0,3.0,1.0,26.0,18.0,7.0,31.0,0.0,0.0,0.0,0.0,nfl_hist,robjohnson
4,Randall Cunningham,DAL,QB,243.0,3.0,0.0,34.0,24.0,5.0,34.0,0.0,0.0,0.0,0.0,nfl_hist,randallcunningham
5,Kerry Collins,NYG,QB,220.0,2.0,0.0,29.0,21.0,5.0,2.0,0.0,0.0,0.0,0.0,nfl_hist,kerrycollins
6,Brian Griese,DEN,QB,268.0,3.0,0.0,33.0,20.0,1.0,0.0,0.0,0.0,0.0,0.0,nfl_hist,briangriese
7,Brett Favre,GNB,QB,269.0,2.0,0.0,35.0,25.0,3.0,-2.0,0.0,0.0,0.0,0.0,nfl_hist,brettfavre
8,Neil O'Donnell,TEN,QB,132.0,1.0,0.0,17.0,11.0,1.0,-1.0,0.0,0.0,0.0,0.0,nfl_hist,neilodonnell
9,Shaun King,TAM,QB,167.0,2.0,0.0,21.0,10.0,2.0,6.0,1.0,0.0,0.0,0.0,nfl_hist,shaunking
10,Rich Gannon,OAK,QB,207.0,0.0,0.0,22.0,15.0,10.0,37.0,3.0,0.0,0.0,0.0,nfl_hist,richgannon
11,Elvis Grbac,KAN,QB,144.0,1.0,0.0,21.0,13.0,3.0,19.0,0.0,0.0,0.0,0.0,nfl_hist,elvisgrbac
12,Kurt Warne,STL,QB,386.0,1.0,1.0,47.0,35.0,2.0,11.0,0.0,0.0,0.0,0.0,nfl_hist,kurtwarne
13,Tony Banks,BAL,QB,262.0,5.0,2.0,40.0,23.0,2.0,5.0,0.0,0.0,0.0,0.0,nfl_hist,tonybanks
14,Tim Couch,CLE,QB,259.0,2.0,1.0,31.0,19.0,4.0,7.0,0.0,0.0,0.0,0.0,nfl_hist,timcouch
15,Peyton Manning,IND,QB,367.0,3.0,2.0,48.0,33.0,2.0,20.0,0.0,0.0,0.0,0.0,nfl_hist,peytonmanning
16,Eric Zeie,TAM,QB,19.0,0.0,0.0,3.0,3.0,0.0,0.0,0.0,0.0,0.0,0.0,nfl_hist,ericzeie
17,Jeff Blake,NOR,QB,259.0,3.0,2.0,46.0,33.0,6.0,13.0,0.0,0.0,0.0,0.0,nfl_hist,jeffblake
18,Donovan McNabb,PHI,QB,214.0,1.0,0.0,33.0,19.0,5.0,45.0,1.0,0.0,0.0,0.0,nfl_hist,donovanmcnabb
19,Rick Mire,SFO,QB,126.0,1.0,0.0,20.0,10.0,3.0,0.0,0.0,0.0,0.0,0.0,nfl_hist,rickmire
20,Vinny Testaverde,NYJ,QB,281.0,3.0,1.0,37.0,16.0,3.0,0.0,0.0,0.0,0.0,0.0,nfl_hist,vinnytestaverde
21,Mark Brunell,JAX,QB,386.0,3.0,2.0,50.0,28.0,2.0,3.0,0.0,0.0,0.0,0.0,nfl_hist,markbrunell
22,Drew Bledsoe,NWE,QB,229.0,1.0,0.0,43.0,25.0,3.0,10.0,0.0,0.0,0.0,0.0,nfl_hist,drewbledsoe
23,Moses Moreno,SDG,QB,3.0,0.0,0.0,1.0,1.0,0.0,0.0,0.0,0.0,0.0,0.0,nfl_hist,mosesmoreno
24,Chris Chandle,ATL,QB,128.0,1.0,0.0,22.0,9.0,1.0,0.0,0.0,0.0,0.0,0.0,nfl_hist,chrischandle
25,Jon Kitna,SEA,QB,245.0,1.0,2.0,31.0,20.0,3.0,24.0,0.0,0.0,0.0,0.0,nfl_hist,jonkitna
26,Daunte Culpeppe,MIN,QB,355.0,1.0,3.0,37.0,23.0,8.0,37.0,0.0,0.0,0.0,0.0,nfl_hist,daunteculpeppe
27,Jeff Garcia,SFO,QB,181.0,0.0,1.0,20.0,12.0,3.0,14.0,0.0,0.0,0.0,0.0,nfl_hist,jeffgarcia
28,Doug Johnson,ATL,QB,43.0,0.0,0.0,7.0,3.0,0.0,0.0,0.0,0.0,0.0,0.0,nfl_hist,dougjohnson
29,Brad Johnson,WAS,QB,245.0,1.0,4.0,35.0,23.0,5.0,44.0,0.0,0.0,0.0,0.0,nfl_hist,bradjohnson
30,Jay Fiedle,MIA,QB,175.0,1.0,1.0,31.0,12.0,4.0,22.0,0.0,0.0,0.0,0.0,nfl_hist,jayfiedle
31,Ryan Leaf,SDG,QB,134.0,1.0,2.0,24.0,12.0,1.0,-5.0,0.0,0.0,0.0,0.0,nfl_hist,ryanleaf
32,Charlie Batch,DET,QB,194.0,0.0,2.0,31.0,16.0,2.0,-3.0,0.0,0.0,0.0,0.0,nfl_hist,charliebatch
33,Akili Smith,CIN,QB,250.0,1.0,2.0,43.0,15.0,2.0,26.0,0.0,0.0,0.0,0.0,nfl_hist,akilismith
34,Robert Chancey,SDG,RB,0.0,0.0,0.0,1.0,0.0,15.0,59.0,1.0,0.0,0.0,0.0,nfl_hist,robertchancey
35,Steve McNai,TEN,QB,93.0,0.0,2.0,18.0,11.0,7.0,42.0,0.0,0.0,0.0,0.0,nfl_hist,stevemcnai
36,Cade McNown,CHI,QB,96.0,0.0,2.0,29.0,15.0,5.0,49.0,0.0,0.0,0.0,0.0,nfl_hist,cademcnown
37,Mike Anderson,DEN,RB,0.0,0.0,0.0,0.0,0.0,31.0,131.0,2.0,1.0,18.0,0.0,nfl_hist,mikeanderson
38,Tiki Barbe,NYG,RB,0.0,0.0,0.0,0.0,0.0,11.0,96.0,1.0,3.0,29.0,0.0,nfl_hist,tikibarbe
39,Edgerrin James,IND,RB,0.0,0.0,0.0,0.0,0.0,18.0,91.0,1.0,6.0,36.0,1.0,nfl_hist,edgerrinjames
40,Kevin Faulk,NWE,RB,0.0,0.0,0.0,0.0,0.0,21.0,82.0,0.0,4.0,23.0,0.0,nfl_hist,kevinfaulk
41,Eddie George,TEN,RB,0.0,0.0,0.0,0.0,0.0,21.0,80.0,0.0,3.0,17.0,0.0,nfl_hist,eddiegeorge
42,Tim Biakabutuka,CAR,RB,0.0,0.0,0.0,0.0,0.0,22.0,75.0,1.0,1.0,16.0,0.0,nfl_hist,timbiakabutuka
43,Charlie Garne,SFO,RB,0.0,0.0,0.0,0.0,0.0,11.0,73.0,0.0,4.0,22.0,0.0,nfl_hist,charliegarne
44,Robert Smith,MIN,RB,0.0,0.0,0.0,0.0,0.0,18.0,72.0,0.0,1.0,11.0,0.0,nfl_hist,robertsmith
45,Mike Alstott,TAM,FB,0.0,0.0,0.0,0.0,0.0,15.0,71.0,1.0,1.0,4.0,0.0,nfl_hist,mikealstott
46,Thomas Jones,ARI,RB,0.0,0.0,0.0,0.0,0.0,23.0,70.0,0.0,2.0,30.0,0.0,nfl_hist,thomasjones
47,Marshall Faulk,STL,RB,0.0,0.0,0.0,0.0,0.0,15.0,68.0,1.0,9.0,85.0,0.0,nfl_hist,marshallfaulk
48,Napoleon Kaufman,OAK,RB,0.0,0.0,0.0,0.0,0.0,8.0,66.0,0.0,0.0,0.0,0.0,nfl_hist,napoleonkaufman
49,James Stewart,DET,RB,0.0,0.0,0.0,0.0,0.0,21.0,65.0,0.0,0.0,0.0,0.0,nfl_hist,jamesstewart
50,Stephen Davis,WAS,RB,0.0,0.0,0.0,0.0,0.0,17.0,59.0,0.0,3.0,28.0,0.0,nfl_hist,stephendavis
51,Emmitt Smith,DAL,RB,0.0,0.0,0.0,0.0,0.0,16.0,59.0,0.0,1.0,-1.0,0.0,nfl_hist,emmittsmith
52,Ricky Watters,SEA,RB,0.0,0.0,0.0,0.0,0.0,16.0,59.0,2.0,5.0,44.0,0.0,nfl_hist,rickywatters
53,Priest Holmes,BAL,RB,0.0,0.0,0.0,0.0,0.0,10.0,54.0,0.0,4.0,18.0,0.0,nfl_hist,priestholmes
54,Warrick Dunn,TAM,RB,0.0,0.0,0.0,0.0,0.0,14.0,53.0,0.0,2.0,5.0,0.0,nfl_hist,warrickdunn
55,Errict Rhett,CLE,RB,0.0,0.0,0.0,0.0,0.0,20.0,53.0,0.0,2.0,11.0,0.0,nfl_hist,errictrhett
56,Ron Dayne,NYG,RB,0.0,0.0,0.0,0.0,0.0,21.0,50.0,0.0,0.0,0.0,0.0,nfl_hist,rondayne
57,Ricky Williams,NOR,RB,0.0,0.0,0.0,0.0,0.0,24.0,50.0,0.0,4.0,27.0,1.0,nfl_hist,rickywilliams
58,Tyrone Wheatley,OAK,RB,0.0,0.0,0.0,0.0,0.0,20.0,49.0,2.0,2.0,26.0,0.0,nfl_hist,tyronewheatley
59,James Allen,CHI,RB,0.0,0.0,0.0,0.0,0.0,6.0,47.0,0.0,3.0,14.0,0.0,nfl_hist,jamesallen
60,Curtis Martin,NYJ,RB,0.0,0.0,0.0,0.0,0.0,11.0,47.0,0.0,0.0,0.0,0.0,nfl_hist,curtismartin
61,Ahman Green,GNB,RB,0.0,0.0,0.0,0.0,0.0,11.0,46.0,0.0,4.0,18.0,0.0,nfl_hist,ahmangreen
62,Travis Prentice,CLE,RB,0.0,0.0,0.0,0.0,0.0,8.0,46.0,1.0,1.0,10.0,0.0,nfl_hist,travisprentice
63,Corey Dillon,CIN,HB,0.0,0.0,0.0,0.0,0.0,12.0,41.0,0.0,2.0,46.0,0.0,nfl_hist,coreydillon
64,Jamal Anderson,ATL,RB,0.0,0.0,0.0,0.0,0.0,7.0,38.0,0.0,1.0,0.0,0.0,nfl_hist,jamalanderson
65,Stacey Mack,JAX,FB,0.0,0.0,0.0,0.0,0.0,11.0,36.0,0.0,0.0,0.0,0.0,nfl_hist,staceymack
66,Shawn Bryson,BUF,RB,0.0,0.0,0.0,0.0,0.0,12.0,31.0,0.0,0.0,0.0,0.0,nfl_hist,shawnbryson
67,Michael Pittman,ARI,RB,0.0,0.0,0.0,0.0,0.0,9.0,28.0,1.0,2.0,12.0,0.0,nfl_hist,michaelpittman
68,Tony Richardson,KAN,FB,0.0,0.0,0.0,0.0,0.0,14.0,28.0,0.0,1.0,2.0,0.0,nfl_hist,tonyrichardson
69,Lamar Smith,MIA,HB,0.0,0.0,0.0,0.0,0.0,11.0,27.0,0.0,1.0,12.0,0.0,nfl_hist,lamarsmith
70,Aaron Stecke,TAM,RB,0.0,0.0,0.0,0.0,0.0,5.0,26.0,0.0,0.0,0.0,0.0,nfl_hist,aaronstecke
71,Jermaine Lewis,BAL,WR,0.0,0.0,0.0,0.0,0.0,1.0,23.0,0.0,3.0,27.0,1.0,nfl_hist,jermainelewis
72,Daniel Pope,CIN,P,0.0,0.0,0.0,0.0,0.0,1.0,22.0,0.0,0.0,0.0,0.0,nfl_hist,danielpope
73,KaRon Coleman,DEN,RB,0.0,0.0,0.0,0.0,0.0,7.0,21.0,0.0,0.0,0.0,0.0,nfl_hist,karoncoleman
74,Curtis Enis,CHI,RB,0.0,0.0,0.0,0.0,0.0,11.0,20.0,0.0,0.0,0.0,0.0,nfl_hist,curtisenis
75,Greg Comella,NYG,FB,0.0,0.0,0.0,0.0,0.0,2.0,19.0,0.0,2.0,12.0,0.0,nfl_hist,gregcomella
76,Shaun Alexande,SEA,RB,0.0,0.0,0.0,0.0,0.0,3.0,18.0,0.0,0.0,0.0,0.0,nfl_hist,shaunalexande
77,Robert Holcombe,STL,RB,0.0,0.0,0.0,0.0,0.0,4.0,17.0,1.0,1.0,4.0,0.0,nfl_hist,robertholcombe
78,Antowain Smith,BUF,RB,0.0,0.0,0.0,0.0,0.0,12.0,17.0,0.0,0.0,0.0,0.0,nfl_hist,antowainsmith
79,Jeff Lewis,CAR,QB,0.0,0.0,0.0,0.0,0.0,4.0,11.0,0.0,0.0,0.0,0.0,nfl_hist,jefflewis
80,Duce Staley,PHI,RB,0.0,0.0,0.0,0.0,0.0,7.0,11.0,0.0,7.0,58.0,0.0,nfl_hist,ducestaley
81,Richie Anderson,NYJ,FB,0.0,0.0,0.0,0.0,0.0,2.0,10.0,0.0,6.0,88.0,0.0,nfl_hist,richieanderson
82,Mike Cloud,KAN,RB,0.0,0.0,0.0,0.0,0.0,7.0,10.0,0.0,0.0,0.0,0.0,nfl_hist,mikecloud
83,Kenny Bynum,SDG,RB,0.0,0.0,0.0,0.0,0.0,3.0,9.0,0.0,0.0,0.0,0.0,nfl_hist,kennybynum
84,Curtis Conway,SDG,WR,0.0,0.0,0.0,0.0,0.0,1.0,9.0,0.0,3.0,31.0,1.0,nfl_hist,curtisconway
85,Nick Luchey,CIN,FB,0.0,0.0,0.0,0.0,0.0,1.0,9.0,0.0,0.0,0.0,0.0,nfl_hist,nickluchey
86,Randy Moss,MIN,WR,0.0,0.0,0.0,0.0,0.0,1.0,9.0,0.0,6.0,87.0,1.0,nfl_hist,randymoss
87,Peter Warrick,CIN,WR,0.0,0.0,0.0,0.0,0.0,1.0,8.0,0.0,3.0,80.0,0.0,nfl_hist,peterwarrick
88,Tony Carte,NWE,FB,0.0,0.0,0.0,0.0,0.0,2.0,7.0,0.0,2.0,11.0,0.0,nfl_hist,tonycarte
89,Chris Howard,JAX,RB,0.0,0.0,0.0,0.0,0.0,8.0,7.0,0.0,2.0,13.0,0.0,nfl_hist,chrishoward
90,Jim Kleinsasse,MIN,FB,0.0,0.0,0.0,0.0,0.0,1.0,7.0,0.0,1.0,0.0,0.0,nfl_hist,jimkleinsasse
91,Jamal Lewis,BAL,RB,0.0,0.0,0.0,0.0,0.0,5.0,7.0,0.0,0.0,0.0,0.0,nfl_hist,jamallewis
92,Brad Hoove,CAR,RB,0.0,0.0,0.0,0.0,0.0,3.0,6.0,0.0,0.0,0.0,0.0,nfl_hist,bradhoove
93,Sammy Morris,BUF,RB,0.0,0.0,0.0,0.0,0.0,2.0,6.0,0.0,0.0,0.0,0.0,nfl_hist,sammymorris
94,Brandon Bennett,CIN,HB,0.0,0.0,0.0,0.0,0.0,2.0,5.0,0.0,2.0,30.0,0.0,nfl_hist,brandonbennett
95,Tim Dwight,ATL,WR/K,0.0,0.0,0.0,0.0,0.0,2.0,5.0,0.0,2.0,60.0,1.0,nfl_hist,timdwight
96,Chris Hetherington,CAR,FB,0.0,0.0,0.0,0.0,0.0,2.0,5.0,0.0,0.0,0.0,0.0,nfl_hist,chrishetherington
97,Frank Moreau,KAN,RB,0.0,0.0,0.0,0.0,0.0,7.0,4.0,0.0,0.0,0.0,0.0,nfl_hist,frankmoreau
98,Eric Moulds,BUF,WR,0.0,0.0,0.0,0.0,0.0,1.0,4.0,0.0,7.0,103.0,0.0,nfl_hist,ericmoulds
99,Ron Rivers,ATL,RB,0.0,0.0,0.0,0.0,0.0,3.0,4.0,0.0,0.0,0.0,0.0,nfl_hist,ronrivers
100,Fred Beasley,SFO,FB,0.0,0.0,0.0,0.0,0.0,4.0,2.0,1.0,3.0,56.0,0.0,nfl_hist,fredbeasley
101,Michael Bishop,NWE,QB,0.0,0.0,0.0,0.0,0.0,1.0,2.0,0.0,0.0,0.0,0.0,nfl_hist,michaelbishop
102,William Floyd,CAR,FB,0.0,0.0,0.0,0.0,0.0,2.0,2.0,1.0,3.0,21.0,0.0,nfl_hist,williamfloyd
103,Antonio Freeman,GNB,WR,0.0,0.0,0.0,0.0,0.0,1.0,2.0,0.0,7.0,80.0,2.0,nfl_hist,antoniofreeman
104,Windrell Hayes,NYJ,WR,0.0,0.0,0.0,0.0,0.0,1.0,2.0,0.0,0.0,0.0,0.0,nfl_hist,windrellhayes
105,J.R. Redmond,NWE,RB,0.0,0.0,0.0,0.0,0.0,5.0,2.0,0.0,0.0,0.0,0.0,nfl_hist,jrredmond
106,Kimble Anders,KAN,RB,0.0,0.0,0.0,0.0,0.0,2.0,1.0,0.0,0.0,0.0,0.0,nfl_hist,kimbleanders
107,Trung Canidate,STL,RB,0.0,0.0,0.0,0.0,0.0,1.0,1.0,0.0,0.0,0.0,0.0,nfl_hist,trungcanidate
108,Terry Jackson,SFO,RB,0.0,0.0,0.0,0.0,0.0,1.0,1.0,1.0,0.0,0.0,0.0,nfl_hist,terryjackson
109,Chad Morton,NOR,RB,0.0,0.0,0.0,0.0,0.0,1.0,1.0,0.0,3.0,11.0,0.0,nfl_hist,chadmorton
110,Adrian Murrell,WAS,RB,0.0,0.0,0.0,0.0,0.0,1.0,1.0,0.0,4.0,26.0,0.0,nfl_hist,adrianmurrell
111,Mack Strong,SEA,FB,0.0,0.0,0.0,0.0,0.0,1.0,1.0,0.0,2.0,17.0,0.0,nfl_hist,mackstrong
112,Bert Emanuel,MIA,WR,0.0,0.0,0.0,0.0,0.0,1.0,0.0,0.0,1.0,5.0,0.0,nfl_hist,bertemanuel
113,Sedrick Irvin,DET,RB,0.0,0.0,0.0,0.0,0.0,1.0,0.0,0.0,2.0,25.0,0.0,nfl_hist,sedrickirvin
114,Chris Floyd,NWE,FB,0.0,0.0,0.0,0.0,0.0,1.0,-1.0,0.0,1.0,21.0,0.0,nfl_hist,chrisfloyd
115,Darrell Jackson,SEA,WR,0.0,0.0,0.0,0.0,0.0,1.0,-1.0,0.0,2.0,42.0,1.0,nfl_hist,darrelljackson
116,Dennis Northcutt,CLE,WR,0.0,0.0,0.0,0.0,0.0,1.0,-1.0,0.0,1.0,12.0,0.0,nfl_hist,dennisnorthcutt
117,Terry Glenn,NWE,WR,0.0,0.0,0.0,0.0,0.0,1.0,-2.0,0.0,6.0,81.0,0.0,nfl_hist,terryglenn
118,Rocket Ismail,DAL,WR,0.0,0.0,0.0,0.0,0.0,1.0,-3.0,0.0,5.0,69.0,0.0,nfl_hist,rocketismail
119,Herbert Goodman,GNB,RB,0.0,0.0,0.0,0.0,0.0,1.0,-6.0,0.0,0.0,0.0,0.0,nfl_hist,herbertgoodman
120,Jimmy Smith,JAX,WR,0.0,0.0,0.0,0.0,0.0,0.0,0.0,0.0,15.0,291.0,3.0,nfl_hist,jimmysmith
121,Cris Carte,MIN,WR,0.0,0.0,0.0,0.0,0.0,0.0,0.0,0.0,9.0,168.0,0.0,nfl_hist,criscarte
122,Marvin Harrison,IND,WR,0.0,0.0,0.0,0.0,0.0,0.0,0.0,0.0,10.0,141.0,1.0,nfl_hist,marvinharrison
123,Tony Martin,MIA,WR,0.0,0.0,0.0,0.0,0.0,0.0,0.0,0.0,6.0,120.0,0.0,nfl_hist,tonymartin
124,Rod Smith,DEN,WR,0.0,0.0,0.0,0.0,0.0,0.0,0.0,0.0,7.0,117.0,2.0,nfl_hist,rodsmith
125,Joe Horn,NOR,WR,0.0,0.0,0.0,0.0,0.0,0.0,0.0,0.0,12.0,116.0,2.0,nfl_hist,joehorn
126,Donald Hayes,CAR,WR,0.0,0.0,0.0,0.0,0.0,0.0,0.0,0.0,6.0,115.0,1.0,nfl_hist,donaldhayes
127,Muhsin Muhammad,CAR,WR,0.0,0.0,0.0,0.0,0.0,0.0,0.0,0.0,8.0,108.0,1.0,nfl_hist,muhsinmuhammad
128,Kevin Dyson,TEN,WR,0.0,0.0,0.0,0.0,0.0,0.0,0.0,0.0,6.0,104.0,1.0,nfl_hist,kevindyson
129,Jacquez Green,TAM,WR,0.0,0.0,0.0,0.0,0.0,0.0,0.0,0.0,5.0,104.0,1.0,nfl_hist,jacquezgreen
130,David Boston,ARI,WR,0.0,0.0,0.0,0.0,0.0,0.0,0.0,0.0,6.0,102.0,0.0,nfl_hist,davidboston
131,Torry Holt,STL,WR,0.0,0.0,0.0,0.0,0.0,0.0,0.0,0.0,6.0,101.0,0.0,nfl_hist,torryholt
132,Dedric Ward,NYJ,WR,0.0,0.0,0.0,0.0,0.0,0.0,0.0,0.0,4.0,100.0,0.0,nfl_hist,dedricward
133,Wesley Walls,CAR,TE,0.0,0.0,0.0,0.0,0.0,0.0,0.0,0.0,5.0,99.0,1.0,nfl_hist,wesleywalls
134,J.J. Stokes,SFO,WR,0.0,0.0,0.0,0.0,0.0,0.0,0.0,0.0,5.0,98.0,1.0,nfl_hist,jjstokes
135,Isaac Bruce,STL,WR,0.0,0.0,0.0,0.0,0.0,0.0,0.0,0.0,6.0,97.0,0.0,nfl_hist,isaacbruce
136,Terrell Owens,SFO,WR,0.0,0.0,0.0,0.0,0.0,0.0,0.0,0.0,5.0,97.0,0.0,nfl_hist,terrellowens
137,Ken Dilge,IND,TE,0.0,0.0,0.0,0.0,0.0,0.0,0.0,0.0,8.0,96.0,0.0,nfl_hist,kendilge
138,David Patten,CLE,WR,0.0,0.0,0.0,0.0,0.0,0.0,0.0,0.0,3.0,95.0,0.0,nfl_hist,davidpatten
139,Johnnie Morton,DET,WR,0.0,0.0,0.0,0.0,0.0,0.0,0.0,0.0,5.0,88.0,0.0,nfl_hist,johnniemorton
140,James McKnight,DAL,WR,0.0,0.0,0.0,0.0,0.0,0.0,0.0,0.0,5.0,86.0,1.0,nfl_hist,jamesmcknight
141,Ike Hilliard,NYG,WR,0.0,0.0,0.0,0.0,0.0,0.0,0.0,0.0,8.0,84.0,1.0,nfl_hist,ikehilliard
142,Travis Taylo,BAL,WR,0.0,0.0,0.0,0.0,0.0,0.0,0.0,0.0,4.0,80.0,2.0,nfl_hist,travistaylo
143,Amani Toome,NYG,WR,0.0,0.0,0.0,0.0,0.0,0.0,0.0,0.0,7.0,80.0,1.0,nfl_hist,amanitoome
144,Wayne Chrebet,NYJ,WR,0.0,0.0,0.0,0.0,0.0,0.0,0.0,0.0,4.0,71.0,2.0,nfl_hist,waynechrebet
145,Sean Dawkins,SEA,WR,0.0,0.0,0.0,0.0,0.0,0.0,0.0,0.0,6.0,70.0,0.0,nfl_hist,seandawkins
146,Jay Riemersma,BUF,TE,0.0,0.0,0.0,0.0,0.0,0.0,0.0,0.0,4.0,70.0,2.0,nfl_hist,jayriemersma
147,Tim Brown,OAK,WR,0.0,0.0,0.0,0.0,0.0,0.0,0.0,0.0,4.0,68.0,0.0,nfl_hist,timbrown
148,Chad Lewis,PHI,TE,0.0,0.0,0.0,0.0,0.0,0.0,0.0,0.0,4.0,67.0,1.0,nfl_hist,chadlewis
149,Keenan McCardell,JAX,WR,0.0,0.0,0.0,0.0,0.0,0.0,0.0,0.0,7.0,61.0,0.0,nfl_hist,keenanmccardell
150,Jerome Pathon,IND,WR,0.0,0.0,0.0,0.0,0.0,0.0,0.0,0.0,5.0,61.0,0.0,nfl_hist,jeromepathon
151,Kevin Johnson,CLE,WR,0.0,0.0,0.0,0.0,0.0,0.0,0.0,0.0,5.0,59.0,0.0,nfl_hist,kevinjohnson
152,Donald Drive,GNB,WR,0.0,0.0,0.0,0.0,0.0,0.0,0.0,0.0,2.0,58.0,0.0,nfl_hist,donalddrive
153,Jackie Harris,DAL,TE,0.0,0.0,0.0,0.0,0.0,0.0,0.0,0.0,7.0,56.0,1.0,nfl_hist,jackieharris
154,Frank Sanders,ARI,WR,0.0,0.0,0.0,0.0,0.0,0.0,0.0,0.0,4.0,56.0,2.0,nfl_hist,franksanders
155,Derrick Alexande,KAN,WR,0.0,0.0,0.0,0.0,0.0,0.0,0.0,0.0,5.0,54.0,1.0,nfl_hist,derrickalexande
156,Dwayne Carswell,DEN,TE,0.0,0.0,0.0,0.0,0.0,0.0,0.0,0.0,5.0,54.0,0.0,nfl_hist,dwaynecarswell
157,Obafemi Ayanbadejo,BAL,FB,0.0,0.0,0.0,0.0,0.0,0.0,0.0,0.0,7.0,53.0,1.0,nfl_hist,obafemiayanbadejo
158,Larry Centers,WAS,FB,0.0,0.0,0.0,0.0,0.0,0.0,0.0,0.0,4.0,53.0,0.0,nfl_hist,larrycenters
159,Itula Mili,SEA,TE,0.0,0.0,0.0,0.0,0.0,0.0,0.0,0.0,3.0,52.0,0.0,nfl_hist,itulamili
160,Germane Crowell,DET,WR,0.0,0.0,0.0,0.0,0.0,0.0,0.0,0.0,6.0,51.0,0.0,nfl_hist,germanecrowell
161,Jake Reed,NOR,WR,0.0,0.0,0.0,0.0,0.0,0.0,0.0,0.0,5.0,51.0,0.0,nfl_hist,jakereed
162,Shannon Sharpe,BAL,TE,0.0,0.0,0.0,0.0,0.0,0.0,0.0,0.0,3.0,50.0,1.0,nfl_hist,shannonsharpe
163,Michael Westbrook,WAS,WR,0.0,0.0,0.0,0.0,0.0,0.0,0.0,0.0,4.0,50.0,0.0,nfl_hist,michaelwestbrook
164,Charles Johnson,PHI,WR,0.0,0.0,0.0,0.0,0.0,0.0,0.0,0.0,5.0,48.0,0.0,nfl_hist,charlesjohnson
165,Andre Rison,OAK,WR,0.0,0.0,0.0,0.0,0.0,0.0,0.0,0.0,2.0,47.0,0.0,nfl_hist,andrerison
166,Robert Brooks,DEN,WR,0.0,0.0,0.0,0.0,0.0,0.0,0.0,0.0,2.0,46.0,0.0,nfl_hist,robertbrooks
167,Jeff Graham,SDG,WR,0.0,0.0,0.0,0.0,0.0,0.0,0.0,0.0,3.0,46.0,0.0,nfl_hist,jeffgraham
168,Sylvester Morris,KAN,WR,0.0,0.0,0.0,0.0,0.0,0.0,0.0,0.0,3.0,44.0,0.0,nfl_hist,sylvestermorris
169,Ricky Proehl,STL,WR,0.0,0.0,0.0,0.0,0.0,0.0,0.0,0.0,4.0,44.0,0.0,nfl_hist,rickyproehl
170,Carl Pickens,TEN,WR,0.0,0.0,0.0,0.0,0.0,0.0,0.0,0.0,3.0,43.0,0.0,nfl_hist,carlpickens
171,John Davis,MIN,TE,0.0,0.0,0.0,0.0,0.0,0.0,0.0,0.0,2.0,42.0,0.0,nfl_hist,johndavis
172,Terance Mathis,ATL,WR,0.0,0.0,0.0,0.0,0.0,0.0,0.0,0.0,2.0,42.0,0.0,nfl_hist,terancemathis
173,Az-Zahir Hakim,STL,WR,0.0,0.0,0.0,0.0,0.0,0.0,0.0,0.0,6.0,41.0,0.0,nfl_hist,azzahirhakim
174,Eric Bjornson,NWE,TE,0.0,0.0,0.0,0.0,0.0,0.0,0.0,0.0,6.0,39.0,1.0,nfl_hist,ericbjornson
175,Jeremy McDaniel,BUF,WR,0.0,0.0,0.0,0.0,0.0,0.0,0.0,0.0,3.0,38.0,1.0,nfl_hist,jeremymcdaniel
176,Craig Yeast,CIN,WR,0.0,0.0,0.0,0.0,0.0,0.0,0.0,0.0,2.0,38.0,0.0,nfl_hist,craigyeast
177,Shawn Jefferson,ATL,WR,0.0,0.0,0.0,0.0,0.0,0.0,0.0,0.0,2.0,37.0,0.0,nfl_hist,shawnjefferson
178,Peerless Price,BUF,WR,0.0,0.0,0.0,0.0,0.0,0.0,0.0,0.0,3.0,36.0,0.0,nfl_hist,peerlessprice
179,Rickey Dudley,OAK,TE,0.0,0.0,0.0,0.0,0.0,0.0,0.0,0.0,3.0,35.0,0.0,nfl_hist,rickeydudley
180,Irving Frya,WAS,WR,0.0,0.0,0.0,0.0,0.0,0.0,0.0,0.0,3.0,35.0,0.0,nfl_hist,irvingfrya
181,Albert Connell,WAS,WR,0.0,0.0,0.0,0.0,0.0,0.0,0.0,0.0,2.0,34.0,0.0,nfl_hist,albertconnell
182,Billy Davis,BAL,WR,0.0,0.0,0.0,0.0,0.0,0.0,0.0,0.0,2.0,34.0,0.0,nfl_hist,billydavis
183,Tony McGee,CIN,TE,0.0,0.0,0.0,0.0,0.0,0.0,0.0,0.0,1.0,34.0,0.0,nfl_hist,tonymcgee
184,Keyshawn Johnson,TAM,WR,0.0,0.0,0.0,0.0,0.0,0.0,0.0,0.0,2.0,32.0,1.0,nfl_hist,keyshawnjohnson
185,William Henderson,GNB,FB,0.0,0.0,0.0,0.0,0.0,0.0,0.0,0.0,3.0,31.0,0.0,nfl_hist,williamhenderson
186,Charles Lee,GNB,WR,0.0,0.0,0.0,0.0,0.0,0.0,0.0,0.0,3.0,30.0,0.0,nfl_hist,charleslee
187,Aaron Shea,CLE,TE,0.0,0.0,0.0,0.0,0.0,0.0,0.0,0.0,1.0,30.0,0.0,nfl_hist,aaronshea
188,Kevin Lockett,KAN,WR,0.0,0.0,0.0,0.0,0.0,0.0,0.0,0.0,2.0,28.0,0.0,nfl_hist,kevinlockett
189,Troy Brown,NWE,WR,0.0,0.0,0.0,0.0,0.0,0.0,0.0,0.0,4.0,27.0,0.0,nfl_hist,troybrown
190,Andrew Jordan,MIN,TE,0.0,0.0,0.0,0.0,0.0,0.0,0.0,0.0,3.0,27.0,0.0,nfl_hist,andrewjordan
191,Herman Moore,DET,WR,0.0,0.0,0.0,0.0,0.0,0.0,0.0,0.0,2.0,27.0,0.0,nfl_hist,hermanmoore
192,Karl Williams,TAM,WR,0.0,0.0,0.0,0.0,0.0,0.0,0.0,0.0,1.0,27.0,0.0,nfl_hist,karlwilliams
193,Marcus Robinson,CHI,WR,0.0,0.0,0.0,0.0,0.0,0.0,0.0,0.0,2.0,25.0,0.0,nfl_hist,marcusrobinson
194,Tyrone Davis,GNB,TE,0.0,0.0,0.0,0.0,0.0,0.0,0.0,0.0,2.0,24.0,0.0,nfl_hist,tyronedavis
195,Oronde Gadsden,MIA,WR,0.0,0.0,0.0,0.0,0.0,0.0,0.0,0.0,2.0,24.0,0.0,nfl_hist,orondegadsden
196,Yancey Thigpen,TEN,WR,0.0,0.0,0.0,0.0,0.0,0.0,0.0,0.0,3.0,24.0,1.0,nfl_hist,yanceythigpen
197,Andrew Glove,NOR,TE,0.0,0.0,0.0,0.0,0.0,0.0,0.0,0.0,4.0,23.0,0.0,nfl_hist,andrewglove
198,Todd Pinkston,PHI,WR,0.0,0.0,0.0,0.0,0.0,0.0,0.0,0.0,1.0,23.0,0.0,nfl_hist,toddpinkston
199,Michael Wiley,DAL,RB,0.0,0.0,0.0,0.0,0.0,0.0,0.0,0.0,3.0,23.0,1.0,nfl_hist,michaelwiley
200,Chris Calloway,NWE,WR,0.0,0.0,0.0,0.0,0.0,0.0,0.0,0.0,1.0,22.0,0.0,nfl_hist,chriscalloway
201,Jerry Rice,SFO,WR,0.0,0.0,0.0,0.0,0.0,0.0,0.0,0.0,3.0,22.0,0.0,nfl_hist,jerryrice
202,Trevor Gaylo,SDG,WR,0.0,0.0,0.0,0.0,0.0,0.0,0.0,0.0,4.0,21.0,0.0,nfl_hist,trevorgaylo
203,Derrick Mayes,SEA,WR,0.0,0.0,0.0,0.0,0.0,0.0,0.0,0.0,2.0,20.0,0.0,nfl_hist,derrickmayes
204,Chris Walsh,MIN,WR,0.0,0.0,0.0,0.0,0.0,0.0,0.0,0.0,1.0,20.0,0.0,nfl_hist,chriswalsh
205,Stephen Alexande,WAS,TE,0.0,0.0,0.0,0.0,0.0,0.0,0.0,0.0,3.0,19.0,1.0,nfl_hist,stephenalexande
206,Macey Brooks,CHI,WR,0.0,0.0,0.0,0.0,0.0,0.0,0.0,0.0,2.0,19.0,0.0,nfl_hist,maceybrooks
207,Mac Cody,ARI,WR,0.0,0.0,0.0,0.0,0.0,0.0,0.0,0.0,1.0,19.0,0.0,nfl_hist,maccody
208,Terry Hardy,ARI,TE,0.0,0.0,0.0,0.0,0.0,0.0,0.0,0.0,2.0,19.0,0.0,nfl_hist,terryhardy
209,Freddie Jones,SDG,TE,0.0,0.0,0.0,0.0,0.0,0.0,0.0,0.0,1.0,19.0,0.0,nfl_hist,freddiejones
210,Fred McCrary,SDG,FB,0.0,0.0,0.0,0.0,0.0,0.0,0.0,0.0,1.0,19.0,0.0,nfl_hist,fredmccrary
211,Vincent Brisby,NYJ,WR,0.0,0.0,0.0,0.0,0.0,0.0,0.0,0.0,1.0,18.0,0.0,nfl_hist,vincentbrisby
212,Darrin Chiaverini,CLE,WR,0.0,0.0,0.0,0.0,0.0,0.0,0.0,0.0,1.0,18.0,0.0,nfl_hist,darrinchiaverini
213,Desmond Clark,DEN,TE,0.0,0.0,0.0,0.0,0.0,0.0,0.0,0.0,2.0,17.0,0.0,nfl_hist,desmondclark
214,Willie Jackson,NOR,WR,0.0,0.0,0.0,0.0,0.0,0.0,0.0,0.0,2.0,17.0,0.0,nfl_hist,williejackson
215,Erron Kinney,TEN,TE,0.0,0.0,0.0,0.0,0.0,0.0,0.0,0.0,2.0,17.0,0.0,nfl_hist,erronkinney
216,Marcus Pollard,IND,TE,0.0,0.0,0.0,0.0,0.0,0.0,0.0,0.0,2.0,17.0,1.0,nfl_hist,marcuspollard
217,Bob Christian,ATL,FB,0.0,0.0,0.0,0.0,0.0,0.0,0.0,0.0,3.0,16.0,0.0,nfl_hist,bobchristian
218,Tony Gonzalez,KAN,TE,0.0,0.0,0.0,0.0,0.0,0.0,0.0,0.0,2.0,16.0,0.0,nfl_hist,tonygonzalez
219,E.G. Green,IND,WR,0.0,0.0,0.0,0.0,0.0,0.0,0.0,0.0,2.0,16.0,0.0,nfl_hist,eggreen
220,Bill Schroede,GNB,WR,0.0,0.0,0.0,0.0,0.0,0.0,0.0,0.0,2.0,16.0,0.0,nfl_hist,billschroede
221,Ron Dixon,NYG,WR,0.0,0.0,0.0,0.0,0.0,0.0,0.0,0.0,1.0,15.0,0.0,nfl_hist,rondixon
222,Dez White,CHI,WR,0.0,0.0,0.0,0.0,0.0,0.0,0.0,0.0,2.0,15.0,0.0,nfl_hist,dezwhite
223,JaJuan Dawson,CLE,WR,0.0,0.0,0.0,0.0,0.0,0.0,0.0,0.0,3.0,14.0,0.0,nfl_hist,jajuandawson
224,Terrelle Smith,NOR,FB,0.0,0.0,0.0,0.0,0.0,0.0,0.0,0.0,3.0,14.0,0.0,nfl_hist,terrellesmith
225,Patrick Hape,TAM,TE,0.0,0.0,0.0,0.0,0.0,0.0,0.0,0.0,1.0,13.0,0.0,nfl_hist,patrickhape
226,Jon Ritchie,OAK,FB,0.0,0.0,0.0,0.0,0.0,0.0,0.0,0.0,1.0,13.0,0.0,nfl_hist,jonritchie
227,Kyle Brady,JAX,TE,0.0,0.0,0.0,0.0,0.0,0.0,0.0,0.0,2.0,12.0,0.0,nfl_hist,kylebrady
228,Greg Clark,SFO,TE,0.0,0.0,0.0,0.0,0.0,0.0,0.0,0.0,2.0,12.0,0.0,nfl_hist,gregclark
229,Bubba Franks,GNB,TE,0.0,0.0,0.0,0.0,0.0,0.0,0.0,0.0,2.0,12.0,0.0,nfl_hist,bubbafranks
230,Clif Groce,CIN,FB,0.0,0.0,0.0,0.0,0.0,0.0,0.0,0.0,3.0,12.0,0.0,nfl_hist,clifgroce
231,Sheldon Jackson,BUF,TE,0.0,0.0,0.0,0.0,0.0,0.0,0.0,0.0,1.0,12.0,0.0,nfl_hist,sheldonjackson
232,Jed Weave,MIA,TE,0.0,0.0,0.0,0.0,0.0,0.0,0.0,0.0,1.0,12.0,0.0,nfl_hist,jedweave
233,Howard Griffith,DEN,FB,0.0,0.0,0.0,0.0,0.0,0.0,0.0,0.0,2.0,11.0,1.0,nfl_hist,howardgriffith
234,Jeremy Brigham,OAK,TE,0.0,0.0,0.0,0.0,0.0,0.0,0.0,0.0,2.0,10.0,0.0,nfl_hist,jeremybrigham
235,Ron Dugans,CIN,WR,0.0,0.0,0.0,0.0,0.0,0.0,0.0,0.0,2.0,10.0,1.0,nfl_hist,rondugans
236,Bobby Engram,CHI,WR,0.0,0.0,0.0,0.0,0.0,0.0,0.0,0.0,4.0,10.0,0.0,nfl_hist,bobbyengram
237,Brian Finneran,ATL,WR,0.0,0.0,0.0,0.0,0.0,0.0,0.0,0.0,1.0,10.0,0.0,nfl_hist,brianfinneran
238,Dameane Douglas,PHI,WR,0.0,0.0,0.0,0.0,0.0,0.0,0.0,0.0,1.0,9.0,0.0,nfl_hist,dameanedouglas
239,Bubba Mille,PHI,C,0.0,0.0,0.0,0.0,0.0,0.0,0.0,0.0,1.0,9.0,0.0,nfl_hist,bubbamille
240,R. Jay Soward,JAX,WR,0.0,0.0,0.0,0.0,0.0,0.0,0.0,0.0,2.0,9.0,0.0,nfl_hist,rjaysoward
241,James Jett,OAK,WR,0.0,0.0,0.0,0.0,0.0,0.0,0.0,0.0,1.0,8.0,0.0,nfl_hist,jamesjett
242,Alonzo Mayes,CHI,TE,0.0,0.0,0.0,0.0,0.0,0.0,0.0,0.0,1.0,8.0,0.0,nfl_hist,alonzomayes
243,Jeff Robinson,STL,TE,0.0,0.0,0.0,0.0,0.0,0.0,0.0,0.0,1.0,8.0,0.0,nfl_hist,jeffrobinson
244,Robert Thomas,DAL,FB,0.0,0.0,0.0,0.0,0.0,0.0,0.0,0.0,2.0,8.0,0.0,nfl_hist,robertthomas
245,Brian Kozlowski,ATL,TE,0.0,0.0,0.0,0.0,0.0,0.0,0.0,0.0,1.0,6.0,0.0,nfl_hist,briankozlowski
246,Michael Bates,CAR,RB,0.0,0.0,0.0,0.0,0.0,0.0,0.0,0.0,1.0,5.0,0.0,nfl_hist,michaelbates
247,Mark Campbell,CLE,TE,0.0,0.0,0.0,0.0,0.0,0.0,0.0,0.0,1.0,5.0,1.0,nfl_hist,markcampbell
248,Marc Edwards,CLE,FB,0.0,0.0,0.0,0.0,0.0,0.0,0.0,0.0,1.0,5.0,1.0,nfl_hist,marcedwards
249,Chris Gedney,ARI,TE,0.0,0.0,0.0,0.0,0.0,0.0,0.0,0.0,1.0,5.0,0.0,nfl_hist,chrisgedney
250,Eddie Kennison,CHI,WR,0.0,0.0,0.0,0.0,0.0,0.0,0.0,0.0,1.0,5.0,0.0,nfl_hist,eddiekennison
251,Ed McCaffrey,DEN,WR,0.0,0.0,0.0,0.0,0.0,0.0,0.0,0.0,1.0,5.0,0.0,nfl_hist,edmccaffrey
252,Tony Simmons,NWE,WR,0.0,0.0,0.0,0.0,0.0,0.0,0.0,0.0,1.0,5.0,0.0,nfl_hist,tonysimmons
253,Fred Baxte,NYJ,TE,0.0,0.0,0.0,0.0,0.0,0.0,0.0,0.0,1.0,4.0,1.0,nfl_hist,fredbaxte
254,Roland Williams,STL,TE,0.0,0.0,0.0,0.0,0.0,0.0,0.0,0.0,1.0,4.0,1.0,nfl_hist,rolandwilliams
255,David Sloan,DET,TE,0.0,0.0,0.0,0.0,0.0,0.0,0.0,0.0,1.0,3.0,0.0,nfl_hist,davidsloan
256,Ernie Conwell,STL,TE,0.0,0.0,0.0,0.0,0.0,0.0,0.0,0.0,1.0,2.0,0.0,nfl_hist,ernieconwell
257,David LaFleu,DAL,TE,0.0,0.0,0.0,0.0,0.0,0.0,0.0,0.0,1.0,2.0,0.0,nfl_hist,davidlafleu
258,Thurman Thomas,MIA,RB,0.0,0.0,0.0,0.0,0.0,0.0,0.0,0.0,1.0,2.0,1.0,nfl_hist,thurmanthomas
259,Ronney Jenkins,SDG,RB,0.0,0.0,0.0,0.0,0.0,0.0,0.0,0.0,1.0,1.0,0.0,nfl_hist,ronneyjenkins
260,Todd Yode,TAM,TE,0.0,0.0,0.0,0.0,0.0,0.0,0.0,0.0,1.0,1.0,0.0,nfl_hist,toddyode
261,Tremain Mack,CIN,FS,0.0,0.0,0.0,0.0,0.0,0.0,0.0,0.0,0.0,0.0,0.0,nfl_hist,tremainmack
262,MarTay Jenkins,ARI,WR,0.0,0.0,0.0,0.0,0.0,0.0,0.0,0.0,0.0,0.0,0.0,nfl_hist,martayjenkins
263,Glyn Milburn,CHI,RB/K,0.0,0.0,0.0,0.0,0.0,0.0,0.0,0.0,0.0,0.0,0.0,nfl_hist,glynmilburn
264,Damon Dunn,NYJ,WR,0.0,0.0,0.0,0.0,0.0,0.0,0.0,0.0,0.0,0.0,0.0,nfl_hist,damondunn
265,Allen Rossum,GNB,CB/K,0.0,0.0,0.0,0.0,0.0,0.0,0.0,0.0,0.0,0.0,0.0,nfl_hist,allenrossum
