,player,team,position,pass_yds,pass_tds,pass_int,pass_att,pass_comp,rush_att,rush_yds,rush_tds,rcv_rec,rcv_yds,rcv_tds,source,pname_merge
0,Shaun King,TAM,QB,267.0,4.0,0.0,23.0,16.0,2.0,4.0,0.0,0.0,0.0,0.0,nfl_hist,shaunking
1,Mark Brunell,JAX,QB,231.0,3.0,0.0,24.0,20.0,5.0,41.0,0.0,0.0,0.0,0.0,nfl_hist,markbrunell
2,Troy Aikman,DAL,QB,43.0,1.0,0.0,5.0,4.0,0.0,0.0,0.0,0.0,0.0,0.0,nfl_hist,troyaikman
3,Steve McNai,TEN,QB,96.0,1.0,0.0,18.0,14.0,3.0,16.0,0.0,0.0,0.0,0.0,nfl_hist,stevemcnai
4,Peyton Manning,IND,QB,288.0,3.0,2.0,33.0,22.0,0.0,0.0,0.0,0.0,0.0,0.0,nfl_hist,peytonmanning
5,Jim Harbaugh,SDG,QB,222.0,2.0,1.0,35.0,25.0,1.0,1.0,0.0,0.0,0.0,0.0,nfl_hist,jimharbaugh
6,Jay Fiedle,MIA,QB,158.0,1.0,0.0,25.0,16.0,5.0,6.0,1.0,0.0,0.0,0.0,nfl_hist,jayfiedle
7,Kordell Stewart,PIT,QB,133.0,1.0,0.0,18.0,9.0,9.0,31.0,0.0,0.0,0.0,0.0,nfl_hist,kordellstewart
8,Vinny Testaverde,NYJ,QB,293.0,2.0,2.0,38.0,28.0,0.0,0.0,0.0,0.0,0.0,0.0,nfl_hist,vinnytestaverde
9,Jeff Garcia,SFO,QB,243.0,2.0,0.0,44.0,26.0,4.0,51.0,0.0,0.0,0.0,0.0,nfl_hist,jeffgarcia
10,Kerry Collins,NYG,QB,253.0,1.0,0.0,37.0,22.0,4.0,3.0,0.0,0.0,0.0,0.0,nfl_hist,kerrycollins
11,Trent Green,STL,QB,310.0,2.0,1.0,39.0,22.0,5.0,6.0,0.0,0.0,0.0,0.0,nfl_hist,trentgreen
12,Elvis Grbac,KAN,QB,342.0,3.0,3.0,35.0,22.0,0.0,0.0,0.0,0.0,0.0,0.0,nfl_hist,elvisgrbac
13,Jeff Blake,NOR,QB,167.0,1.0,1.0,26.0,16.0,6.0,16.0,0.0,0.0,0.0,0.0,nfl_hist,jeffblake
14,Doug Flutie,BUF,QB,253.0,0.0,0.0,35.0,18.0,4.0,15.0,0.0,0.0,0.0,0.0,nfl_hist,dougflutie
15,Randall Cunningham,DAL,QB,177.0,0.0,1.0,20.0,13.0,3.0,-3.0,1.0,0.0,0.0,0.0,nfl_hist,randallcunningham
16,Brett Favre,GNB,QB,194.0,0.0,1.0,34.0,21.0,0.0,0.0,0.0,0.0,0.0,0.0,nfl_hist,brettfavre
17,Jake Plumme,ARI,QB,289.0,1.0,2.0,47.0,26.0,1.0,13.0,0.0,0.0,0.0,0.0,nfl_hist,jakeplumme
18,Daunte Culpeppe,MIN,QB,313.0,1.0,2.0,53.0,29.0,4.0,35.0,0.0,0.0,0.0,0.0,nfl_hist,daunteculpeppe
19,Jon Kitna,SEA,QB,224.0,2.0,3.0,42.0,26.0,0.0,0.0,0.0,0.0,0.0,0.0,nfl_hist,jonkitna
20,Chris Chandle,ATL,QB,191.0,0.0,2.0,29.0,19.0,2.0,7.0,0.0,0.0,0.0,0.0,nfl_hist,chrischandle
21,Brad Johnson,WAS,QB,202.0,2.0,3.0,40.0,21.0,1.0,13.0,0.0,0.0,0.0,0.0,nfl_hist,bradjohnson
22,Trent Dilfe,BAL,QB,152.0,0.0,1.0,25.0,12.0,3.0,23.0,0.0,0.0,0.0,0.0,nfl_hist,trentdilfe
23,Doug Pederson,CLE,QB,65.0,0.0,0.0,16.0,6.0,2.0,10.0,0.0,0.0,0.0,0.0,nfl_hist,dougpederson
24,Charlie Batch,DET,QB,190.0,1.0,2.0,39.0,18.0,4.0,62.0,0.0,0.0,0.0,0.0,nfl_hist,charliebatch
25,Rich Gannon,OAK,QB,156.0,0.0,1.0,35.0,16.0,7.0,27.0,0.0,0.0,0.0,0.0,nfl_hist,richgannon
26,Donovan McNabb,PHI,QB,129.0,1.0,1.0,31.0,10.0,3.0,42.0,0.0,0.0,0.0,0.0,nfl_hist,donovanmcnabb
27,Steve Beuerlein,CAR,QB,202.0,0.0,3.0,41.0,21.0,3.0,1.0,0.0,0.0,0.0,0.0,nfl_hist,stevebeuerlein
28,Spergon Wynn,CLE,QB,82.0,0.0,1.0,16.0,7.0,0.0,0.0,0.0,0.0,0.0,0.0,nfl_hist,spergonwynn
29,Akili Smith,CIN,QB,84.0,0.0,1.0,20.0,7.0,5.0,12.0,0.0,0.0,0.0,0.0,nfl_hist,akilismith
30,Edgerrin James,IND,RB,0.0,0.0,0.0,0.0,0.0,31.0,139.0,1.0,2.0,24.0,0.0,nfl_hist,edgerrinjames
31,Corey Dillon,CIN,HB,0.0,0.0,0.0,0.0,0.0,27.0,137.0,1.0,0.0,0.0,0.0,nfl_hist,coreydillon
32,Fred Taylo,JAX,RB,0.0,0.0,0.0,0.0,0.0,31.0,107.0,0.0,2.0,9.0,0.0,nfl_hist,fredtaylo
33,Emmitt Smith,DAL,RB,0.0,0.0,0.0,0.0,0.0,24.0,102.0,0.0,0.0,0.0,0.0,nfl_hist,emmittsmith
34,Ahman Green,GNB,RB,0.0,0.0,0.0,0.0,0.0,15.0,94.0,0.0,3.0,19.0,0.0,nfl_hist,ahmangreen
35,Ron Dayne,NYG,RB,0.0,0.0,0.0,0.0,0.0,25.0,93.0,1.0,1.0,12.0,0.0,nfl_hist,rondayne
36,Jamal Lewis,BAL,RB,0.0,0.0,0.0,0.0,0.0,19.0,93.0,0.0,3.0,53.0,0.0,nfl_hist,jamallewis
37,Jamal Anderson,ATL,RB,0.0,0.0,0.0,0.0,0.0,25.0,90.0,1.0,5.0,15.0,0.0,nfl_hist,jamalanderson
38,Ricky Watters,SEA,RB,0.0,0.0,0.0,0.0,0.0,21.0,90.0,0.0,5.0,38.0,1.0,nfl_hist,rickywatters
39,Warrick Dunn,TAM,RB,0.0,0.0,0.0,0.0,0.0,11.0,89.0,0.0,1.0,23.0,1.0,nfl_hist,warrickdunn
40,Michael Pittman,ARI,RB,0.0,0.0,0.0,0.0,0.0,20.0,86.0,0.0,3.0,40.0,0.0,nfl_hist,michaelpittman
41,Marshall Faulk,STL,RB,0.0,0.0,0.0,0.0,0.0,19.0,83.0,2.0,6.0,61.0,2.0,nfl_hist,marshallfaulk
42,Eddie George,TEN,RB,0.0,0.0,0.0,0.0,0.0,22.0,71.0,0.0,5.0,42.0,0.0,nfl_hist,eddiegeorge
43,Lamar Smith,MIA,RB,0.0,0.0,0.0,0.0,0.0,20.0,71.0,1.0,2.0,1.0,0.0,nfl_hist,lamarsmith
44,Jerome Bettis,PIT,RB,0.0,0.0,0.0,0.0,0.0,18.0,65.0,0.0,0.0,0.0,0.0,nfl_hist,jeromebettis
45,James Stewart,DET,RB,0.0,0.0,0.0,0.0,0.0,16.0,63.0,0.0,3.0,66.0,0.0,nfl_hist,jamesstewart
46,Stephen Davis,WAS,RB,0.0,0.0,0.0,0.0,0.0,21.0,62.0,1.0,1.0,2.0,0.0,nfl_hist,stephendavis
47,Robert Smith,MIN,RB,0.0,0.0,0.0,0.0,0.0,12.0,61.0,0.0,7.0,53.0,0.0,nfl_hist,robertsmith
48,Mike Alstott,TAM,FB,0.0,0.0,0.0,0.0,0.0,10.0,56.0,0.0,0.0,0.0,0.0,nfl_hist,mikealstott
49,Kimble Anders,KAN,RB,0.0,0.0,0.0,0.0,0.0,19.0,54.0,0.0,4.0,17.0,0.0,nfl_hist,kimbleanders
50,Sammy Morris,BUF,RB,0.0,0.0,0.0,0.0,0.0,19.0,54.0,1.0,5.0,39.0,0.0,nfl_hist,sammymorris
51,Ricky Williams,NOR,RB,0.0,0.0,0.0,0.0,0.0,21.0,54.0,1.0,9.0,92.0,0.0,nfl_hist,rickywilliams
52,Shaun Alexande,SEA,RB,0.0,0.0,0.0,0.0,0.0,4.0,53.0,0.0,1.0,7.0,0.0,nfl_hist,shaunalexande
53,Tiki Barbe,NYG,RB,0.0,0.0,0.0,0.0,0.0,14.0,52.0,0.0,4.0,71.0,0.0,nfl_hist,tikibarbe
54,Curtis Martin,NYJ,RB,0.0,0.0,0.0,0.0,0.0,18.0,46.0,0.0,6.0,31.0,0.0,nfl_hist,curtismartin
55,Justin Watson,STL,RB,0.0,0.0,0.0,0.0,0.0,4.0,43.0,0.0,0.0,0.0,0.0,nfl_hist,justinwatson
56,Travis Prentice,CLE,RB,0.0,0.0,0.0,0.0,0.0,16.0,40.0,0.0,0.0,0.0,0.0,nfl_hist,travisprentice
57,Brandon Bennett,CIN,HB,0.0,0.0,0.0,0.0,0.0,17.0,39.0,0.0,1.0,21.0,0.0,nfl_hist,brandonbennett
58,Larry Izzo,MIA,LB,0.0,0.0,0.0,0.0,0.0,1.0,39.0,0.0,0.0,0.0,0.0,nfl_hist,larryizzo
59,Mario Bates,DET,RB,0.0,0.0,0.0,0.0,0.0,3.0,29.0,1.0,2.0,20.0,0.0,nfl_hist,mariobates
60,Charlie Garne,SFO,RB,0.0,0.0,0.0,0.0,0.0,10.0,28.0,1.0,6.0,30.0,0.0,nfl_hist,charliegarne
61,Napoleon Kaufman,OAK,RB,0.0,0.0,0.0,0.0,0.0,6.0,27.0,0.0,1.0,11.0,0.0,nfl_hist,napoleonkaufman
62,Dorsey Levens,GNB,RB,0.0,0.0,0.0,0.0,0.0,8.0,27.0,2.0,4.0,29.0,0.0,nfl_hist,dorseylevens
63,Thomas Jones,ARI,RB,0.0,0.0,0.0,0.0,0.0,6.0,26.0,0.0,3.0,19.0,0.0,nfl_hist,thomasjones
64,Richard Huntley,PIT,RB,0.0,0.0,0.0,0.0,0.0,7.0,24.0,0.0,1.0,7.0,0.0,nfl_hist,richardhuntley
65,Tim Biakabutuka,CAR,RB,0.0,0.0,0.0,0.0,0.0,14.0,23.0,0.0,4.0,51.0,0.0,nfl_hist,timbiakabutuka
66,Terrell Fletche,SDG,RB,0.0,0.0,0.0,0.0,0.0,9.0,23.0,0.0,5.0,30.0,0.0,nfl_hist,terrellfletche
67,Tyrone Wheatley,OAK,RB,0.0,0.0,0.0,0.0,0.0,12.0,21.0,0.0,3.0,12.0,0.0,nfl_hist,tyronewheatley
68,Priest Holmes,BAL,RB,0.0,0.0,0.0,0.0,0.0,5.0,19.0,0.0,0.0,0.0,0.0,nfl_hist,priestholmes
69,Tony Richardson,KAN,FB,0.0,0.0,0.0,0.0,0.0,4.0,18.0,0.0,2.0,10.0,0.0,nfl_hist,tonyrichardson
70,Shawn Bryson,BUF,RB,0.0,0.0,0.0,0.0,0.0,6.0,17.0,0.0,2.0,3.0,0.0,nfl_hist,shawnbryson
71,Ernie Conwell,STL,TE,0.0,0.0,0.0,0.0,0.0,1.0,17.0,0.0,0.0,0.0,0.0,nfl_hist,ernieconwell
72,Stanley Pritchett,PHI,RB,0.0,0.0,0.0,0.0,0.0,6.0,17.0,0.0,3.0,25.0,0.0,nfl_hist,stanleypritchett
73,Joe Horn,NOR,WR,0.0,0.0,0.0,0.0,0.0,1.0,16.0,0.0,2.0,10.0,0.0,nfl_hist,joehorn
74,Charles Johnson,PHI,WR,0.0,0.0,0.0,0.0,0.0,1.0,15.0,0.0,1.0,25.0,1.0,nfl_hist,charlesjohnson
75,Leslie Shepherd,MIA,WR,0.0,0.0,0.0,0.0,0.0,1.0,14.0,0.0,3.0,60.0,0.0,nfl_hist,leslieshepherd
76,William Henderson,GNB,FB,0.0,0.0,0.0,0.0,0.0,1.0,12.0,0.0,2.0,27.0,0.0,nfl_hist,williamhenderson
77,Shyrone Stith,JAX,RB,0.0,0.0,0.0,0.0,0.0,1.0,12.0,0.0,0.0,0.0,0.0,nfl_hist,shyronestith
78,Tommy Barnhardt,WAS,P,0.0,0.0,0.0,0.0,0.0,1.0,11.0,0.0,0.0,0.0,0.0,nfl_hist,tommybarnhardt
79,Fred Beasley,SFO,FB,0.0,0.0,0.0,0.0,0.0,3.0,11.0,0.0,2.0,14.0,0.0,nfl_hist,fredbeasley
80,Thurman Thomas,MIA,RB,0.0,0.0,0.0,0.0,0.0,3.0,10.0,0.0,2.0,11.0,0.0,nfl_hist,thurmanthomas
81,Jermaine Fazande,SDG,RB,0.0,0.0,0.0,0.0,0.0,5.0,9.0,0.0,0.0,0.0,0.0,nfl_hist,jermainefazande
82,Rodney Thomas,TEN,RB,0.0,0.0,0.0,0.0,0.0,2.0,9.0,0.0,1.0,2.0,0.0,nfl_hist,rodneythomas
83,Chris Warren,DAL,RB,0.0,0.0,0.0,0.0,0.0,2.0,9.0,0.0,0.0,0.0,0.0,nfl_hist,chriswarren
84,Zack Crockett,OAK,FB,0.0,0.0,0.0,0.0,0.0,3.0,8.0,0.0,0.0,0.0,0.0,nfl_hist,zackcrockett
85,Robert Thomas,DAL,FB,0.0,0.0,0.0,0.0,0.0,2.0,8.0,0.0,2.0,11.0,0.0,nfl_hist,robertthomas
86,William Floyd,CAR,FB,0.0,0.0,0.0,0.0,0.0,3.0,6.0,0.0,3.0,20.0,0.0,nfl_hist,williamfloyd
87,Richie Anderson,NYJ,FB,0.0,0.0,0.0,0.0,0.0,2.0,5.0,0.0,6.0,24.0,0.0,nfl_hist,richieanderson
88,Larry Centers,WAS,RB,0.0,0.0,0.0,0.0,0.0,1.0,4.0,0.0,6.0,39.0,1.0,nfl_hist,larrycenters
89,Joe Montgomery,NYG,RB,0.0,0.0,0.0,0.0,0.0,1.0,4.0,1.0,0.0,0.0,0.0,nfl_hist,joemontgomery
90,Frank Moreau,KAN,RB,0.0,0.0,0.0,0.0,0.0,3.0,4.0,0.0,0.0,0.0,0.0,nfl_hist,frankmoreau
91,Aaron Stecke,TAM,RB,0.0,0.0,0.0,0.0,0.0,1.0,4.0,0.0,1.0,15.0,0.0,nfl_hist,aaronstecke
92,Jamel White,CLE,RB,0.0,0.0,0.0,0.0,0.0,2.0,4.0,0.0,0.0,0.0,0.0,nfl_hist,jamelwhite
93,Curtis Keaton,CIN,HB,0.0,0.0,0.0,0.0,0.0,1.0,3.0,0.0,0.0,0.0,0.0,nfl_hist,curtiskeaton
94,Jim Kleinsasse,MIN,FB,0.0,0.0,0.0,0.0,0.0,1.0,3.0,0.0,2.0,22.0,0.0,nfl_hist,jimkleinsasse
95,Terrelle Smith,NOR,FB,0.0,0.0,0.0,0.0,0.0,1.0,3.0,0.0,0.0,0.0,0.0,nfl_hist,terrellesmith
96,Rocket Ismail,DAL,WR,0.0,0.0,0.0,0.0,0.0,1.0,2.0,0.0,5.0,57.0,0.0,nfl_hist,rocketismail
97,Paul Smith,SFO,RB,0.0,0.0,0.0,0.0,0.0,1.0,2.0,0.0,0.0,0.0,0.0,nfl_hist,paulsmith
98,Anthony Johnson,JAX,RB,0.0,0.0,0.0,0.0,0.0,1.0,1.0,0.0,1.0,11.0,0.0,nfl_hist,anthonyjohnson
99,Peter Warrick,CIN,WR,0.0,0.0,0.0,0.0,0.0,1.0,1.0,0.0,3.0,25.0,0.0,nfl_hist,peterwarrick
100,Robert Holcombe,STL,RB,0.0,0.0,0.0,0.0,0.0,1.0,0.0,0.0,0.0,0.0,0.0,nfl_hist,robertholcombe
101,Fred McCrary,SDG,FB,0.0,0.0,0.0,0.0,0.0,2.0,-1.0,0.0,0.0,0.0,0.0,nfl_hist,fredmccrary
102,Eric Zeie,TAM,QB,0.0,0.0,0.0,0.0,0.0,1.0,-1.0,0.0,0.0,0.0,0.0,nfl_hist,ericzeie
103,Brian Mitchell,PHI,RB,0.0,0.0,0.0,0.0,0.0,1.0,-2.0,0.0,1.0,12.0,0.0,nfl_hist,brianmitchell
104,Ronney Jenkins,SDG,RB,0.0,0.0,0.0,0.0,0.0,3.0,-3.0,0.0,0.0,0.0,0.0,nfl_hist,ronneyjenkins
105,Kyle Brady,JAX,TE,0.0,0.0,0.0,0.0,0.0,0.0,0.0,0.0,10.0,138.0,1.0,nfl_hist,kylebrady
106,Derrick Alexande,KAN,Z,0.0,0.0,0.0,0.0,0.0,0.0,0.0,0.0,4.0,137.0,2.0,nfl_hist,derrickalexande
107,Eric Moulds,BUF,WR,0.0,0.0,0.0,0.0,0.0,0.0,0.0,0.0,6.0,137.0,0.0,nfl_hist,ericmoulds
108,Laveranues Coles,NYJ,WR,0.0,0.0,0.0,0.0,0.0,0.0,0.0,0.0,5.0,131.0,0.0,nfl_hist,laveranuescoles
109,Isaac Bruce,STL,WR,0.0,0.0,0.0,0.0,0.0,0.0,0.0,0.0,8.0,129.0,0.0,nfl_hist,isaacbruce
110,Keyshawn Johnson,TAM,WR,0.0,0.0,0.0,0.0,0.0,0.0,0.0,0.0,6.0,121.0,1.0,nfl_hist,keyshawnjohnson
111,Cris Carte,MIN,WR,0.0,0.0,0.0,0.0,0.0,0.0,0.0,0.0,7.0,115.0,0.0,nfl_hist,criscarte
112,Terrell Owens,SFO,WR,0.0,0.0,0.0,0.0,0.0,0.0,0.0,0.0,8.0,115.0,2.0,nfl_hist,terrellowens
113,James McKnight,DAL,WR,0.0,0.0,0.0,0.0,0.0,0.0,0.0,0.0,6.0,113.0,0.0,nfl_hist,jamesmcknight
114,Freddie Jones,SDG,TE,0.0,0.0,0.0,0.0,0.0,0.0,0.0,0.0,10.0,111.0,2.0,nfl_hist,freddiejones
115,Marvin Harrison,IND,WR,0.0,0.0,0.0,0.0,0.0,0.0,0.0,0.0,9.0,109.0,1.0,nfl_hist,marvinharrison
116,Amani Toome,NYG,WR,0.0,0.0,0.0,0.0,0.0,0.0,0.0,0.0,9.0,108.0,1.0,nfl_hist,amanitoome
117,Kevin Johnson,CLE,WR,0.0,0.0,0.0,0.0,0.0,0.0,0.0,0.0,6.0,102.0,0.0,nfl_hist,kevinjohnson
118,Tony Gonzalez,KAN,TE,0.0,0.0,0.0,0.0,0.0,0.0,0.0,0.0,8.0,101.0,0.0,nfl_hist,tonygonzalez
119,Terance Mathis,ATL,WR,0.0,0.0,0.0,0.0,0.0,0.0,0.0,0.0,7.0,89.0,0.0,nfl_hist,terancemathis
120,Kevin Lockett,KAN,WR,0.0,0.0,0.0,0.0,0.0,0.0,0.0,0.0,4.0,77.0,1.0,nfl_hist,kevinlockett
121,Marcus Pollard,IND,WR,0.0,0.0,0.0,0.0,0.0,0.0,0.0,0.0,3.0,74.0,1.0,nfl_hist,marcuspollard
122,Oronde Gadsden,MIA,WR,0.0,0.0,0.0,0.0,0.0,0.0,0.0,0.0,5.0,70.0,1.0,nfl_hist,orondegadsden
123,Wayne Chrebet,NYJ,WR,0.0,0.0,0.0,0.0,0.0,0.0,0.0,0.0,6.0,69.0,1.0,nfl_hist,waynechrebet
124,Andre Rison,OAK,WR,0.0,0.0,0.0,0.0,0.0,0.0,0.0,0.0,5.0,67.0,0.0,nfl_hist,andrerison
125,Randy Moss,MIN,WR,0.0,0.0,0.0,0.0,0.0,0.0,0.0,0.0,7.0,65.0,1.0,nfl_hist,randymoss
126,Sean Dawkins,SEA,WR,0.0,0.0,0.0,0.0,0.0,0.0,0.0,0.0,7.0,64.0,0.0,nfl_hist,seandawkins
127,Torry Holt,STL,WR,0.0,0.0,0.0,0.0,0.0,0.0,0.0,0.0,5.0,64.0,0.0,nfl_hist,torryholt
128,Irving Frya,WAS,WR,0.0,0.0,0.0,0.0,0.0,0.0,0.0,0.0,3.0,55.0,0.0,nfl_hist,irvingfrya
129,Hines Ward,PIT,WR,0.0,0.0,0.0,0.0,0.0,0.0,0.0,0.0,2.0,55.0,1.0,nfl_hist,hinesward
130,Alvis Whitted,JAX,WR,0.0,0.0,0.0,0.0,0.0,0.0,0.0,0.0,3.0,55.0,2.0,nfl_hist,alviswhitted
131,Frank Sanders,ARI,WR,0.0,0.0,0.0,0.0,0.0,0.0,0.0,0.0,2.0,54.0,0.0,nfl_hist,franksanders
132,Jerry Rice,SFO,WR,0.0,0.0,0.0,0.0,0.0,0.0,0.0,0.0,6.0,53.0,0.0,nfl_hist,jerryrice
133,Ken Dilge,IND,TE,0.0,0.0,0.0,0.0,0.0,0.0,0.0,0.0,5.0,52.0,1.0,nfl_hist,kendilge
134,Christian Fauria,SEA,TE,0.0,0.0,0.0,0.0,0.0,0.0,0.0,0.0,5.0,50.0,1.0,nfl_hist,christianfauria
135,David Boston,ARI,WR,0.0,0.0,0.0,0.0,0.0,0.0,0.0,0.0,5.0,49.0,0.0,nfl_hist,davidboston
136,Bill Schroede,GNB,WR,0.0,0.0,0.0,0.0,0.0,0.0,0.0,0.0,4.0,48.0,0.0,nfl_hist,billschroede
137,Wesley Walls,CAR,TE,0.0,0.0,0.0,0.0,0.0,0.0,0.0,0.0,4.0,47.0,0.0,nfl_hist,wesleywalls
138,Jacquez Green,TAM,WR,0.0,0.0,0.0,0.0,0.0,0.0,0.0,0.0,3.0,45.0,0.0,nfl_hist,jacquezgreen
139,Terry Hardy,ARI,TE,0.0,0.0,0.0,0.0,0.0,0.0,0.0,0.0,7.0,45.0,1.0,nfl_hist,terryhardy
140,Jeremy McDaniel,BUF,WR,0.0,0.0,0.0,0.0,0.0,0.0,0.0,0.0,3.0,44.0,0.0,nfl_hist,jeremymcdaniel
141,Bubba Franks,GNB,TE,0.0,0.0,0.0,0.0,0.0,0.0,0.0,0.0,3.0,42.0,0.0,nfl_hist,bubbafranks
142,Matthew Hatchette,MIN,WR,0.0,0.0,0.0,0.0,0.0,0.0,0.0,0.0,4.0,42.0,0.0,nfl_hist,matthewhatchette
143,Donald Hayes,CAR,WR,0.0,0.0,0.0,0.0,0.0,0.0,0.0,0.0,4.0,41.0,0.0,nfl_hist,donaldhayes
144,Qadry Ismail,BAL,WR,0.0,0.0,0.0,0.0,0.0,0.0,0.0,0.0,3.0,41.0,0.0,nfl_hist,qadryismail
145,Ike Hilliard,NYG,WR,0.0,0.0,0.0,0.0,0.0,0.0,0.0,0.0,5.0,39.0,0.0,nfl_hist,ikehilliard
146,Stephen Alexande,WAS,TE,0.0,0.0,0.0,0.0,0.0,0.0,0.0,0.0,4.0,38.0,0.0,nfl_hist,stephenalexande
147,Tim Dwight,ATL,WR,0.0,0.0,0.0,0.0,0.0,0.0,0.0,0.0,3.0,37.0,0.0,nfl_hist,timdwight
148,Reidel Anthony,TAM,WR,0.0,0.0,0.0,0.0,0.0,0.0,0.0,0.0,3.0,36.0,1.0,nfl_hist,reidelanthony
149,Reggie Jones,SDG,WR,0.0,0.0,0.0,0.0,0.0,0.0,0.0,0.0,4.0,35.0,0.0,nfl_hist,reggiejones
150,Shannon Sharpe,BAL,TE,0.0,0.0,0.0,0.0,0.0,0.0,0.0,0.0,3.0,35.0,0.0,nfl_hist,shannonsharpe
151,Jackie Harris,DAL,TE,0.0,0.0,0.0,0.0,0.0,0.0,0.0,0.0,3.0,34.0,1.0,nfl_hist,jackieharris
152,Albert Connell,WAS,WR,0.0,0.0,0.0,0.0,0.0,0.0,0.0,0.0,2.0,33.0,0.0,nfl_hist,albertconnell
153,MarTay Jenkins,ARI,WR,0.0,0.0,0.0,0.0,0.0,0.0,0.0,0.0,1.0,31.0,0.0,nfl_hist,martayjenkins
154,Herman Moore,DET,WR,0.0,0.0,0.0,0.0,0.0,0.0,0.0,0.0,2.0,31.0,1.0,nfl_hist,hermanmoore
155,Jeff Graham,SDG,WR,0.0,0.0,0.0,0.0,0.0,0.0,0.0,0.0,4.0,30.0,0.0,nfl_hist,jeffgraham
156,Bobby Shaw,PIT,WR,0.0,0.0,0.0,0.0,0.0,0.0,0.0,0.0,2.0,30.0,0.0,nfl_hist,bobbyshaw
157,Tim Brown,OAK,WR,0.0,0.0,0.0,0.0,0.0,0.0,0.0,0.0,3.0,29.0,0.0,nfl_hist,timbrown
158,Reggie Kelly,ATL,TE,0.0,0.0,0.0,0.0,0.0,0.0,0.0,0.0,2.0,29.0,0.0,nfl_hist,reggiekelly
159,Derrick Mayes,SEA,WR,0.0,0.0,0.0,0.0,0.0,0.0,0.0,0.0,3.0,29.0,0.0,nfl_hist,derrickmayes
160,Frank Wycheck,TEN,TE,0.0,0.0,0.0,0.0,0.0,0.0,0.0,0.0,5.0,28.0,1.0,nfl_hist,frankwycheck
161,Dave Moore,TAM,TE,0.0,0.0,0.0,0.0,0.0,0.0,0.0,0.0,2.0,27.0,1.0,nfl_hist,davemoore
162,Ricky Proehl,STL,WR,0.0,0.0,0.0,0.0,0.0,0.0,0.0,0.0,1.0,27.0,0.0,nfl_hist,rickyproehl
163,Terrence Wilkins,IND,WR,0.0,0.0,0.0,0.0,0.0,0.0,0.0,0.0,2.0,27.0,0.0,nfl_hist,terrencewilkins
164,Isaac Byrd,CAR,WR,0.0,0.0,0.0,0.0,0.0,0.0,0.0,0.0,3.0,26.0,0.0,nfl_hist,isaacbyrd
165,Chad Lewis,PHI,TE,0.0,0.0,0.0,0.0,0.0,0.0,0.0,0.0,1.0,26.0,0.0,nfl_hist,chadlewis
166,Dedric Ward,NYJ,WR,0.0,0.0,0.0,0.0,0.0,0.0,0.0,0.0,3.0,25.0,0.0,nfl_hist,dedricward
167,Mac Cody,ARI,WR,0.0,0.0,0.0,0.0,0.0,0.0,0.0,0.0,2.0,24.0,0.0,nfl_hist,maccody
168,Larry Foste,DET,WR,0.0,0.0,0.0,0.0,0.0,0.0,0.0,0.0,4.0,24.0,0.0,nfl_hist,larryfoste
169,Andrew Glove,NOR,TE,0.0,0.0,0.0,0.0,0.0,0.0,0.0,0.0,1.0,24.0,0.0,nfl_hist,andrewglove
170,Dennis Northcutt,CLE,WR,0.0,0.0,0.0,0.0,0.0,0.0,0.0,0.0,4.0,23.0,0.0,nfl_hist,dennisnorthcutt
171,Travis Taylo,BAL,WR,0.0,0.0,0.0,0.0,0.0,0.0,0.0,0.0,3.0,23.0,0.0,nfl_hist,travistaylo
172,Bob Christian,ATL,FB,0.0,0.0,0.0,0.0,0.0,0.0,0.0,0.0,2.0,21.0,0.0,nfl_hist,bobchristian
173,Chad Morton,NOR,RB,0.0,0.0,0.0,0.0,0.0,0.0,0.0,0.0,1.0,21.0,0.0,nfl_hist,chadmorton
174,Amp Lee,PHI,RB,0.0,0.0,0.0,0.0,0.0,0.0,0.0,0.0,1.0,20.0,0.0,nfl_hist,amplee
175,David Sloan,DET,TE,0.0,0.0,0.0,0.0,0.0,0.0,0.0,0.0,4.0,20.0,0.0,nfl_hist,davidsloan
176,James Thrash,WAS,WR,0.0,0.0,0.0,0.0,0.0,0.0,0.0,0.0,3.0,20.0,0.0,nfl_hist,jamesthrash
177,Tyrone Davis,GNB,TE,0.0,0.0,0.0,0.0,0.0,0.0,0.0,0.0,3.0,19.0,0.0,nfl_hist,tyronedavis
178,Willie Jackson,NOR,WR,0.0,0.0,0.0,0.0,0.0,0.0,0.0,0.0,2.0,19.0,0.0,nfl_hist,williejackson
179,Keenan McCardell,JAX,WR,0.0,0.0,0.0,0.0,0.0,0.0,0.0,0.0,3.0,19.0,0.0,nfl_hist,keenanmccardell
180,Craig Yeast,CIN,WR,0.0,0.0,0.0,0.0,0.0,0.0,0.0,0.0,1.0,19.0,0.0,nfl_hist,craigyeast
181,Az-Zahir Hakim,STL,WR,0.0,0.0,0.0,0.0,0.0,0.0,0.0,0.0,2.0,18.0,0.0,nfl_hist,azzahirhakim
182,Tywan Mitchell,ARI,WR/T,0.0,0.0,0.0,0.0,0.0,0.0,0.0,0.0,1.0,18.0,0.0,nfl_hist,tywanmitchell
183,Greg Clark,SFO,TE,0.0,0.0,0.0,0.0,0.0,0.0,0.0,0.0,3.0,17.0,0.0,nfl_hist,gregclark
184,Darrell Jackson,SEA,WR,0.0,0.0,0.0,0.0,0.0,0.0,0.0,0.0,2.0,17.0,0.0,nfl_hist,darrelljackson
185,O.J. McDuffie,MIA,WR,0.0,0.0,0.0,0.0,0.0,0.0,0.0,0.0,3.0,17.0,0.0,nfl_hist,ojmcduffie
186,Brock Olivo,DET,FB,0.0,0.0,0.0,0.0,0.0,0.0,0.0,0.0,1.0,17.0,0.0,nfl_hist,brockolivo
187,Peerless Price,BUF,WR,0.0,0.0,0.0,0.0,0.0,0.0,0.0,0.0,1.0,17.0,0.0,nfl_hist,peerlessprice
188,Plaxico Burress,PIT,WR,0.0,0.0,0.0,0.0,0.0,0.0,0.0,0.0,2.0,16.0,0.0,nfl_hist,plaxicoburress
189,Curtis Conway,SDG,WR,0.0,0.0,0.0,0.0,0.0,0.0,0.0,0.0,2.0,16.0,0.0,nfl_hist,curtisconway
190,Jeremy Brigham,OAK,TE,0.0,0.0,0.0,0.0,0.0,0.0,0.0,0.0,1.0,15.0,0.0,nfl_hist,jeremybrigham
191,Dan Kreide,PIT,FB,0.0,0.0,0.0,0.0,0.0,0.0,0.0,0.0,1.0,14.0,0.0,nfl_hist,dankreide
192,J.J. Stokes,SFO,WR,0.0,0.0,0.0,0.0,0.0,0.0,0.0,0.0,1.0,14.0,0.0,nfl_hist,jjstokes
193,Fred Baxte,NYJ,TE,0.0,0.0,0.0,0.0,0.0,0.0,0.0,0.0,2.0,13.0,1.0,nfl_hist,fredbaxte
194,Na Brown,PHI,WR,0.0,0.0,0.0,0.0,0.0,0.0,0.0,0.0,1.0,13.0,0.0,nfl_hist,nabrown
195,Tony McGee,CIN,TE,0.0,0.0,0.0,0.0,0.0,0.0,0.0,0.0,1.0,13.0,0.0,nfl_hist,tonymcgee
196,Pete Mitchell,NYG,TE,0.0,0.0,0.0,0.0,0.0,0.0,0.0,0.0,2.0,13.0,0.0,nfl_hist,petemitchell
197,Jay Riemersma,BUF,TE,0.0,0.0,0.0,0.0,0.0,0.0,0.0,0.0,1.0,13.0,0.0,nfl_hist,jayriemersma
198,Marc Edwards,CLE,FB,0.0,0.0,0.0,0.0,0.0,0.0,0.0,0.0,1.0,12.0,0.0,nfl_hist,marcedwards
199,Derrick Mason,TEN,WR,0.0,0.0,0.0,0.0,0.0,0.0,0.0,0.0,2.0,12.0,0.0,nfl_hist,derrickmason
200,Itula Mili,SEA,TE,0.0,0.0,0.0,0.0,0.0,0.0,0.0,0.0,1.0,12.0,0.0,nfl_hist,itulamili
201,Chris Sanders,TEN,WR,0.0,0.0,0.0,0.0,0.0,0.0,0.0,0.0,1.0,12.0,0.0,nfl_hist,chrissanders
202,Mark Bruene,PIT,TE,0.0,0.0,0.0,0.0,0.0,0.0,0.0,0.0,1.0,11.0,0.0,nfl_hist,markbruene
203,John Davis,MIN,TE,0.0,0.0,0.0,0.0,0.0,0.0,0.0,0.0,1.0,11.0,0.0,nfl_hist,johndavis
204,Greg Comella,NYG,FB,0.0,0.0,0.0,0.0,0.0,0.0,0.0,0.0,1.0,10.0,0.0,nfl_hist,gregcomella
205,David Dunn,OAK,WR,0.0,0.0,0.0,0.0,0.0,0.0,0.0,0.0,1.0,10.0,0.0,nfl_hist,daviddunn
206,Antonio Freeman,GNB,WR,0.0,0.0,0.0,0.0,0.0,0.0,0.0,0.0,2.0,10.0,0.0,nfl_hist,antoniofreeman
207,Kris Mangum,CAR,TE,0.0,0.0,0.0,0.0,0.0,0.0,0.0,0.0,2.0,10.0,0.0,nfl_hist,krismangum
208,Andre Reed,WAS,WR,0.0,0.0,0.0,0.0,0.0,0.0,0.0,0.0,1.0,10.0,0.0,nfl_hist,andrereed
209,Johnnie Morton,DET,WR,0.0,0.0,0.0,0.0,0.0,0.0,0.0,0.0,1.0,7.0,0.0,nfl_hist,johnniemorton
210,Muhsin Muhammad,CAR,WR,0.0,0.0,0.0,0.0,0.0,0.0,0.0,0.0,1.0,7.0,0.0,nfl_hist,muhsinmuhammad
211,David Patten,CLE,WR,0.0,0.0,0.0,0.0,0.0,0.0,0.0,0.0,1.0,7.0,0.0,nfl_hist,davidpatten
212,Torrance Small,PHI,WR,0.0,0.0,0.0,0.0,0.0,0.0,0.0,0.0,1.0,7.0,0.0,nfl_hist,torrancesmall
213,Mack Strong,SEA,FB,0.0,0.0,0.0,0.0,0.0,0.0,0.0,0.0,2.0,7.0,0.0,nfl_hist,mackstrong
214,Marco Battaglia,CIN,TE,0.0,0.0,0.0,0.0,0.0,0.0,0.0,0.0,1.0,6.0,0.0,nfl_hist,marcobattaglia
215,Rickey Dudley,OAK,TE,0.0,0.0,0.0,0.0,0.0,0.0,0.0,0.0,1.0,6.0,0.0,nfl_hist,rickeydudley
216,Jon Ritchie,OAK,FB,0.0,0.0,0.0,0.0,0.0,0.0,0.0,0.0,1.0,6.0,0.0,nfl_hist,jonritchie
217,David LaFleu,DAL,TE,0.0,0.0,0.0,0.0,0.0,0.0,0.0,0.0,1.0,5.0,0.0,nfl_hist,davidlafleu
218,Joel Makovicka,ARI,FB,0.0,0.0,0.0,0.0,0.0,0.0,0.0,0.0,1.0,5.0,0.0,nfl_hist,joelmakovicka
219,Mike Sellers,WAS,FB,0.0,0.0,0.0,0.0,0.0,0.0,0.0,0.0,1.0,5.0,1.0,nfl_hist,mikesellers
220,Brian Stablein,DET,WR,0.0,0.0,0.0,0.0,0.0,0.0,0.0,0.0,1.0,5.0,0.0,nfl_hist,brianstablein
221,Moe Williams,MIN,RB,0.0,0.0,0.0,0.0,0.0,0.0,0.0,0.0,1.0,5.0,0.0,nfl_hist,moewilliams
222,Jay Tant,ARI,TE,0.0,0.0,0.0,0.0,0.0,0.0,0.0,0.0,1.0,4.0,0.0,nfl_hist,jaytant
223,Aaron Shea,CLE,TE,0.0,0.0,0.0,0.0,0.0,0.0,0.0,0.0,1.0,3.0,0.0,nfl_hist,aaronshea
224,Jim Finn,IND,RB,0.0,0.0,0.0,0.0,0.0,0.0,0.0,0.0,1.0,2.0,0.0,nfl_hist,jimfinn
225,Lamont Hall,NOR,TE,0.0,0.0,0.0,0.0,0.0,0.0,0.0,0.0,1.0,1.0,1.0,nfl_hist,lamonthall
226,Cecil Martin,PHI,FB,0.0,0.0,0.0,0.0,0.0,0.0,0.0,0.0,1.0,1.0,0.0,nfl_hist,cecilmartin
227,Rob Konrad,MIA,FB,0.0,0.0,0.0,0.0,0.0,0.0,0.0,0.0,1.0,-1.0,0.0,nfl_hist,robkonrad
228,R. Jay Soward,JAX,WR,0.0,0.0,0.0,0.0,0.0,0.0,0.0,0.0,1.0,-1.0,0.0,nfl_hist,rjaysoward
229,Tony Horne,STL,WR,0.0,0.0,0.0,0.0,0.0,0.0,0.0,0.0,0.0,0.0,0.0,nfl_hist,tonyhorne
230,Corey Harris,BAL,S,0.0,0.0,0.0,0.0,0.0,0.0,0.0,0.0,0.0,0.0,0.0,nfl_hist,coreyharris
231,Allen Rossum,GNB,CB/K,0.0,0.0,0.0,0.0,0.0,0.0,0.0,0.0,0.0,0.0,0.0,nfl_hist,allenrossum
