,player,team,position,pass_yds,pass_tds,pass_int,pass_att,pass_comp,rush_att,rush_yds,rush_tds,rcv_rec,rcv_yds,rcv_tds,source,pname_merge
0,Rich Gannon,OAK,QB,231.0,2.0,0.0,22.0,15.0,4.0,64.0,0.0,0.0,0.0,0.0,nfl_hist,richgannon
1,Daunte Culpeppe,MIN,QB,205.0,2.0,0.0,22.0,15.0,2.0,8.0,0.0,0.0,0.0,0.0,nfl_hist,daunteculpeppe
2,Kordell Stewart,PIT,QB,182.0,3.0,0.0,20.0,11.0,6.0,31.0,1.0,0.0,0.0,0.0,nfl_hist,kordellstewart
3,Tony Banks,BAL,QB,45.0,0.0,0.0,3.0,2.0,0.0,0.0,0.0,0.0,0.0,0.0,nfl_hist,tonybanks
4,Stoney Case,DET,QB,10.0,0.0,0.0,1.0,1.0,2.0,-3.0,0.0,0.0,0.0,0.0,nfl_hist,stoneycase
5,Charlie Batch,DET,QB,194.0,1.0,0.0,24.0,16.0,4.0,17.0,1.0,0.0,0.0,0.0,nfl_hist,charliebatch
6,Kerry Collins,NYG,QB,232.0,1.0,0.0,30.0,20.0,0.0,0.0,0.0,0.0,0.0,0.0,nfl_hist,kerrycollins
7,Rob Johnson,BUF,QB,262.0,2.0,0.0,39.0,24.0,4.0,19.0,0.0,0.0,0.0,0.0,nfl_hist,robjohnson
8,Doug Johnson,ATL,QB,85.0,1.0,0.0,17.0,11.0,0.0,0.0,0.0,0.0,0.0,0.0,nfl_hist,dougjohnson
9,Kent Graham,PIT,QB,27.0,0.0,0.0,2.0,1.0,2.0,-2.0,0.0,0.0,0.0,0.0,nfl_hist,kentgraham
10,Steve Beuerlein,CAR,QB,243.0,3.0,1.0,37.0,22.0,4.0,6.0,0.0,0.0,0.0,0.0,nfl_hist,stevebeuerlein
11,Jeff George,WAS,QB,288.0,2.0,0.0,43.0,25.0,2.0,8.0,0.0,0.0,0.0,0.0,nfl_hist,jeffgeorge
12,Damon Huard,MIA,QB,183.0,1.0,0.0,33.0,22.0,0.0,0.0,0.0,0.0,0.0,0.0,nfl_hist,damonhuard
13,Akili Smith,CIN,QB,129.0,1.0,0.0,20.0,10.0,6.0,15.0,0.0,0.0,0.0,0.0,nfl_hist,akilismith
14,Trent Dilfe,BAL,QB,169.0,2.0,1.0,23.0,12.0,2.0,10.0,0.0,0.0,0.0,0.0,nfl_hist,trentdilfe
15,Steve McNai,TEN,QB,228.0,0.0,0.0,24.0,13.0,5.0,46.0,0.0,0.0,0.0,0.0,nfl_hist,stevemcnai
16,Troy Aikman,DAL,QB,276.0,1.0,1.0,43.0,30.0,2.0,3.0,0.0,0.0,0.0,0.0,nfl_hist,troyaikman
17,Vinny Testaverde,NYJ,QB,215.0,2.0,1.0,34.0,20.0,2.0,-2.0,0.0,0.0,0.0,0.0,nfl_hist,vinnytestaverde
18,Chris Greisen,ARI,QB,19.0,0.0,0.0,3.0,2.0,0.0,0.0,0.0,0.0,0.0,0.0,nfl_hist,chrisgreisen
19,Ray Lucas,NYJ,QB,3.0,0.0,0.0,1.0,1.0,0.0,0.0,0.0,0.0,0.0,0.0,nfl_hist,raylucas
20,Trent Green,STL,QB,289.0,2.0,1.0,41.0,20.0,1.0,0.0,0.0,0.0,0.0,0.0,nfl_hist,trentgreen
21,Brock Huard,SEA,QB,48.0,0.0,0.0,6.0,3.0,0.0,0.0,0.0,0.0,0.0,0.0,nfl_hist,brockhuard
22,Peyton Manning,IND,QB,209.0,2.0,1.0,34.0,16.0,5.0,26.0,0.0,0.0,0.0,0.0,nfl_hist,peytonmanning
23,Shaun King,TAM,QB,106.0,0.0,0.0,18.0,10.0,5.0,8.0,1.0,0.0,0.0,0.0,nfl_hist,shaunking
24,Mark Brunell,JAX,QB,237.0,1.0,2.0,25.0,15.0,3.0,1.0,0.0,0.0,0.0,0.0,nfl_hist,markbrunell
25,Donovan McNabb,PHI,QB,137.0,1.0,1.0,30.0,19.0,11.0,125.0,1.0,0.0,0.0,0.0,nfl_hist,donovanmcnabb
26,Ryan Leaf,SDG,QB,177.0,2.0,2.0,30.0,17.0,4.0,-1.0,0.0,0.0,0.0,0.0,nfl_hist,ryanleaf
27,Dave Brown,ARI,QB,192.0,1.0,1.0,36.0,18.0,1.0,0.0,0.0,0.0,0.0,0.0,nfl_hist,davebrown
28,Spergon Wynn,CLE,QB,30.0,0.0,0.0,9.0,5.0,0.0,0.0,0.0,0.0,0.0,0.0,nfl_hist,spergonwynn
29,Aaron Brooks,NOR,QB,190.0,1.0,2.0,29.0,17.0,7.0,34.0,2.0,0.0,0.0,0.0,nfl_hist,aaronbrooks
30,Doug Flutie,BUF,QB,57.0,0.0,0.0,10.0,4.0,2.0,11.0,0.0,0.0,0.0,0.0,nfl_hist,dougflutie
31,Gus Frerotte,DEN,QB,244.0,1.0,2.0,31.0,15.0,6.0,23.0,0.0,0.0,0.0,0.0,nfl_hist,gusfrerotte
32,Shane Matthews,CHI,QB,98.0,1.0,0.0,32.0,13.0,1.0,0.0,0.0,0.0,0.0,0.0,nfl_hist,shanematthews
33,Brett Favre,GNB,QB,267.0,1.0,3.0,51.0,31.0,0.0,0.0,0.0,0.0,0.0,0.0,nfl_hist,brettfavre
34,Jon Kitna,SEA,QB,226.0,1.0,2.0,42.0,20.0,1.0,3.0,0.0,0.0,0.0,0.0,nfl_hist,jonkitna
35,Chris Chandle,ATL,QB,97.0,0.0,1.0,12.0,7.0,1.0,5.0,0.0,0.0,0.0,0.0,nfl_hist,chrischandle
36,Doug Pederson,CLE,QB,108.0,0.0,1.0,16.0,8.0,2.0,3.0,0.0,0.0,0.0,0.0,nfl_hist,dougpederson
37,Tom Brady,NWE,QB,6.0,0.0,0.0,3.0,1.0,0.0,0.0,0.0,0.0,0.0,0.0,nfl_hist,tombrady
38,Drew Bledsoe,NWE,QB,148.0,0.0,2.0,32.0,17.0,4.0,27.0,0.0,0.0,0.0,0.0,nfl_hist,drewbledsoe
39,Brian Mitchell,PHI,RB,0.0,0.0,0.0,1.0,0.0,0.0,0.0,0.0,0.0,0.0,0.0,nfl_hist,brianmitchell
40,Warren Moon,KAN,QB,130.0,0.0,1.0,31.0,12.0,2.0,2.0,0.0,0.0,0.0,0.0,nfl_hist,warrenmoon
41,Mike Anderson,DEN,RB,0.0,0.0,0.0,0.0,0.0,30.0,195.0,2.0,2.0,14.0,0.0,nfl_hist,mikeanderson
42,Jamal Lewis,BAL,RB,0.0,0.0,0.0,0.0,0.0,30.0,170.0,2.0,0.0,0.0,0.0,nfl_hist,jamallewis
43,Robert Smith,MIN,RB,0.0,0.0,0.0,0.0,0.0,21.0,148.0,1.0,1.0,-6.0,0.0,nfl_hist,robertsmith
44,Corey Dillon,CIN,RB,0.0,0.0,0.0,0.0,0.0,23.0,128.0,2.0,0.0,0.0,0.0,nfl_hist,coreydillon
45,James Allen,CHI,RB,0.0,0.0,0.0,0.0,0.0,25.0,122.0,0.0,3.0,23.0,0.0,nfl_hist,jamesallen
46,Edgerrin James,IND,RB,0.0,0.0,0.0,0.0,0.0,26.0,118.0,0.0,5.0,37.0,0.0,nfl_hist,edgerrinjames
47,Brad Hoove,CAR,RB,0.0,0.0,0.0,0.0,0.0,24.0,117.0,1.0,3.0,41.0,0.0,nfl_hist,bradhoove
48,Warrick Dunn,TAM,RB,0.0,0.0,0.0,0.0,0.0,20.0,106.0,2.0,1.0,23.0,0.0,nfl_hist,warrickdunn
49,Fred Taylo,JAX,RB,0.0,0.0,0.0,0.0,0.0,24.0,104.0,0.0,4.0,22.0,1.0,nfl_hist,fredtaylo
50,Emmitt Smith,DAL,RB,0.0,0.0,0.0,0.0,0.0,12.0,100.0,0.0,1.0,8.0,0.0,nfl_hist,emmittsmith
51,Jerome Bettis,PIT,RB,0.0,0.0,0.0,0.0,0.0,23.0,93.0,1.0,1.0,-1.0,0.0,nfl_hist,jeromebettis
52,Ron Dayne,NYG,RB,0.0,0.0,0.0,0.0,0.0,24.0,85.0,1.0,0.0,0.0,0.0,nfl_hist,rondayne
53,Tyrone Wheatley,OAK,RB,0.0,0.0,0.0,0.0,0.0,12.0,85.0,1.0,1.0,7.0,0.0,nfl_hist,tyronewheatley
54,Rod Smith,DEN,WR,0.0,0.0,0.0,0.0,0.0,3.0,78.0,1.0,4.0,82.0,0.0,nfl_hist,rodsmith
55,Michael Pittman,ARI,RB,0.0,0.0,0.0,0.0,0.0,13.0,77.0,0.0,10.0,96.0,1.0,nfl_hist,michaelpittman
56,Ricky Watters,SEA,RB,0.0,0.0,0.0,0.0,0.0,16.0,77.0,1.0,9.0,126.0,0.0,nfl_hist,rickywatters
57,Eddie George,TEN,RB,0.0,0.0,0.0,0.0,0.0,24.0,69.0,1.0,7.0,109.0,0.0,nfl_hist,eddiegeorge
58,Priest Holmes,BAL,RB,0.0,0.0,0.0,0.0,0.0,17.0,64.0,1.0,0.0,0.0,0.0,nfl_hist,priestholmes
59,Ahman Green,GNB,RB,0.0,0.0,0.0,0.0,0.0,12.0,61.0,1.0,9.0,56.0,0.0,nfl_hist,ahmangreen
60,Jerald Moore,NOR,RB,0.0,0.0,0.0,0.0,0.0,18.0,61.0,1.0,0.0,0.0,0.0,nfl_hist,jeraldmoore
61,J.J. Johnson,MIA,RB,0.0,0.0,0.0,0.0,0.0,21.0,60.0,1.0,5.0,29.0,0.0,nfl_hist,jjjohnson
62,Brandon Bennett,CIN,HB,0.0,0.0,0.0,0.0,0.0,5.0,55.0,1.0,2.0,8.0,0.0,nfl_hist,brandonbennett
63,Tony Richardson,KAN,FB,0.0,0.0,0.0,0.0,0.0,9.0,52.0,0.0,3.0,27.0,0.0,nfl_hist,tonyrichardson
64,James Stewart,DET,RB,0.0,0.0,0.0,0.0,0.0,18.0,51.0,1.0,0.0,0.0,0.0,nfl_hist,jamesstewart
65,Zack Crockett,OAK,FB,0.0,0.0,0.0,0.0,0.0,10.0,48.0,1.0,0.0,0.0,0.0,nfl_hist,zackcrockett
66,Sedrick Irvin,DET,RB,0.0,0.0,0.0,0.0,0.0,4.0,45.0,0.0,1.0,18.0,0.0,nfl_hist,sedrickirvin
67,Terrell Fletche,SDG,RB,0.0,0.0,0.0,0.0,0.0,14.0,40.0,0.0,4.0,15.0,0.0,nfl_hist,terrellfletche
68,Napoleon Kaufman,OAK,RB,0.0,0.0,0.0,0.0,0.0,5.0,40.0,0.0,1.0,7.0,0.0,nfl_hist,napoleonkaufman
69,Hines Ward,PIT,WR,0.0,0.0,0.0,0.0,0.0,2.0,38.0,0.0,4.0,70.0,1.0,nfl_hist,hinesward
70,Chad Morton,NOR,RB,0.0,0.0,0.0,0.0,0.0,12.0,35.0,0.0,2.0,12.0,0.0,nfl_hist,chadmorton
71,Randy Jordan,OAK,RB,0.0,0.0,0.0,0.0,0.0,7.0,33.0,0.0,2.0,14.0,0.0,nfl_hist,randyjordan
72,Tiki Barbe,NYG,RB,0.0,0.0,0.0,0.0,0.0,12.0,32.0,1.0,4.0,52.0,0.0,nfl_hist,tikibarbe
73,Shawn Bryson,BUF,RB,0.0,0.0,0.0,0.0,0.0,8.0,32.0,0.0,1.0,17.0,0.0,nfl_hist,shawnbryson
74,Amani Toome,NYG,WR,0.0,0.0,0.0,0.0,0.0,2.0,31.0,1.0,4.0,58.0,0.0,nfl_hist,amanitoome
75,J.R. Redmond,NWE,RB,0.0,0.0,0.0,0.0,0.0,11.0,30.0,0.0,1.0,5.0,0.0,nfl_hist,jrredmond
76,Antowain Smith,BUF,RB,0.0,0.0,0.0,0.0,0.0,11.0,30.0,0.0,1.0,7.0,0.0,nfl_hist,antowainsmith
77,Curtis Martin,NYJ,RB,0.0,0.0,0.0,0.0,0.0,17.0,29.0,0.0,1.0,-2.0,0.0,nfl_hist,curtismartin
78,Marshall Faulk,STL,RB,0.0,0.0,0.0,0.0,0.0,8.0,27.0,0.0,2.0,16.0,0.0,nfl_hist,marshallfaulk
79,Peerless Price,BUF,WR,0.0,0.0,0.0,0.0,0.0,1.0,27.0,0.0,6.0,44.0,0.0,nfl_hist,peerlessprice
80,Jamal Anderson,ATL,RB,0.0,0.0,0.0,0.0,0.0,12.0,26.0,1.0,2.0,21.0,0.0,nfl_hist,jamalanderson
81,De'Mond Parke,GNB,RB,0.0,0.0,0.0,0.0,0.0,2.0,26.0,0.0,4.0,18.0,0.0,nfl_hist,demondparke
82,Bernie Parmalee,NYJ,RB,0.0,0.0,0.0,0.0,0.0,10.0,26.0,0.0,6.0,48.0,0.0,nfl_hist,bernieparmalee
83,Darnell Autry,PHI,RB,0.0,0.0,0.0,0.0,0.0,9.0,25.0,0.0,2.0,24.0,0.0,nfl_hist,darnellautry
84,Autry Denson,MIA,RB,0.0,0.0,0.0,0.0,0.0,3.0,22.0,0.0,6.0,63.0,0.0,nfl_hist,autrydenson
85,Skip Hicks,WAS,RB,0.0,0.0,0.0,0.0,0.0,10.0,22.0,0.0,2.0,32.0,0.0,nfl_hist,skiphicks
86,Kimble Anders,KAN,RB,0.0,0.0,0.0,0.0,0.0,16.0,20.0,0.0,3.0,18.0,0.0,nfl_hist,kimbleanders
87,Richard Huntley,PIT,RB,0.0,0.0,0.0,0.0,0.0,2.0,20.0,0.0,0.0,0.0,0.0,nfl_hist,richardhuntley
88,Eric Moulds,BUF,WR,0.0,0.0,0.0,0.0,0.0,1.0,20.0,0.0,8.0,102.0,1.0,nfl_hist,ericmoulds
89,Terrelle Smith,NOR,FB,0.0,0.0,0.0,0.0,0.0,6.0,20.0,0.0,0.0,0.0,0.0,nfl_hist,terrellesmith
90,Stanley Pritchett,PHI,RB,0.0,0.0,0.0,0.0,0.0,5.0,18.0,0.0,1.0,-3.0,0.0,nfl_hist,stanleypritchett
91,Nick Luchey,CIN,FB,0.0,0.0,0.0,0.0,0.0,5.0,16.0,0.0,0.0,0.0,0.0,nfl_hist,nickluchey
92,Adrian Murrell,WAS,RB,0.0,0.0,0.0,0.0,0.0,7.0,14.0,0.0,3.0,13.0,0.0,nfl_hist,adrianmurrell
93,Jermaine Fazande,SDG,RB,0.0,0.0,0.0,0.0,0.0,4.0,13.0,0.0,2.0,16.0,0.0,nfl_hist,jermainefazande
94,Travis Prentice,CLE,RB,0.0,0.0,0.0,0.0,0.0,11.0,13.0,1.0,1.0,3.0,0.0,nfl_hist,travisprentice
95,Jamel White,CLE,RB,0.0,0.0,0.0,0.0,0.0,4.0,12.0,0.0,1.0,-2.0,0.0,nfl_hist,jamelwhite
96,Moe Williams,MIN,RB,0.0,0.0,0.0,0.0,0.0,4.0,12.0,0.0,0.0,0.0,0.0,nfl_hist,moewilliams
97,Marlon Barnes,CHI,RB,0.0,0.0,0.0,0.0,0.0,3.0,11.0,0.0,1.0,7.0,0.0,nfl_hist,marlonbarnes
98,Thomas Jones,ARI,RB,0.0,0.0,0.0,0.0,0.0,2.0,11.0,0.0,1.0,4.0,0.0,nfl_hist,thomasjones
99,Wane McGarity,DAL,WR,0.0,0.0,0.0,0.0,0.0,1.0,11.0,0.0,5.0,54.0,0.0,nfl_hist,wanemcgarity
100,Chris Warren,DAL,RB,0.0,0.0,0.0,0.0,0.0,8.0,10.0,0.0,5.0,40.0,0.0,nfl_hist,chriswarren
101,Patrick Pass,NWE,RB,0.0,0.0,0.0,0.0,0.0,3.0,9.0,0.0,1.0,-6.0,0.0,nfl_hist,patrickpass
102,Anthony Johnson,JAX,RB,0.0,0.0,0.0,0.0,0.0,1.0,6.0,0.0,1.0,44.0,0.0,nfl_hist,anthonyjohnson
103,Richie Anderson,NYJ,FB,0.0,0.0,0.0,0.0,0.0,2.0,5.0,0.0,6.0,69.0,1.0,nfl_hist,richieanderson
104,Dameyune Craig,CAR,QB,0.0,0.0,0.0,0.0,0.0,1.0,5.0,0.0,0.0,0.0,0.0,nfl_hist,dameyunecraig
105,Amos Zereoue,PIT,RB,0.0,0.0,0.0,0.0,0.0,3.0,5.0,0.0,0.0,0.0,0.0,nfl_hist,amoszereoue
106,Michael Bates,CAR,RB,0.0,0.0,0.0,0.0,0.0,1.0,4.0,0.0,2.0,7.0,0.0,nfl_hist,michaelbates
107,Mack Strong,SEA,FB,0.0,0.0,0.0,0.0,0.0,1.0,4.0,0.0,1.0,10.0,0.0,nfl_hist,mackstrong
108,Jason Tucke,DAL,WR,0.0,0.0,0.0,0.0,0.0,1.0,4.0,0.0,6.0,57.0,0.0,nfl_hist,jasontucke
109,Donnell Bennett,KAN,FB,0.0,0.0,0.0,0.0,0.0,4.0,3.0,0.0,0.0,0.0,0.0,nfl_hist,donnellbennett
110,Howard Griffith,DEN,FB,0.0,0.0,0.0,0.0,0.0,1.0,3.0,0.0,0.0,0.0,0.0,nfl_hist,howardgriffith
111,Cecil Martin,PHI,FB,0.0,0.0,0.0,0.0,0.0,1.0,3.0,0.0,1.0,0.0,0.0,nfl_hist,cecilmartin
112,KaRon Coleman,DEN,RB,0.0,0.0,0.0,0.0,0.0,1.0,2.0,0.0,0.0,0.0,0.0,nfl_hist,karoncoleman
113,Curtis Enis,CHI,RB,0.0,0.0,0.0,0.0,0.0,1.0,2.0,0.0,0.0,0.0,0.0,nfl_hist,curtisenis
114,Patrick Johnson,BAL,WR,0.0,0.0,0.0,0.0,0.0,1.0,2.0,0.0,2.0,54.0,1.0,nfl_hist,patrickjohnson
115,Rodney Thomas,TEN,RB,0.0,0.0,0.0,0.0,0.0,2.0,2.0,0.0,0.0,0.0,0.0,nfl_hist,rodneythomas
116,Shaun Alexande,SEA,RB,0.0,0.0,0.0,0.0,0.0,3.0,1.0,0.0,0.0,0.0,0.0,nfl_hist,shaunalexande
117,Sam Gash,BAL,FB,0.0,0.0,0.0,0.0,0.0,1.0,1.0,0.0,2.0,8.0,1.0,nfl_hist,samgash
118,Chris Hetherington,CAR,FB,0.0,0.0,0.0,0.0,0.0,1.0,1.0,0.0,2.0,12.0,1.0,nfl_hist,chrishetherington
119,Robert Holcombe,STL,RB,0.0,0.0,0.0,0.0,0.0,1.0,1.0,1.0,0.0,0.0,0.0,nfl_hist,robertholcombe
120,Dedric Ward,NYJ,WR,0.0,0.0,0.0,0.0,0.0,1.0,1.0,0.0,6.0,93.0,0.0,nfl_hist,dedricward
121,Tony Carte,NWE,FB,0.0,0.0,0.0,0.0,0.0,2.0,0.0,0.0,1.0,15.0,0.0,nfl_hist,tonycarte
122,Jason Garrett,NYG,QB,0.0,0.0,0.0,0.0,0.0,2.0,-2.0,0.0,0.0,0.0,0.0,nfl_hist,jasongarrett
123,Fred McAfee,NOR,RB,0.0,0.0,0.0,0.0,0.0,1.0,-3.0,0.0,0.0,0.0,0.0,nfl_hist,fredmcafee
124,Peter Warrick,CIN,WR,0.0,0.0,0.0,0.0,0.0,2.0,-5.0,0.0,3.0,25.0,1.0,nfl_hist,peterwarrick
125,Randy Moss,MIN,WR,0.0,0.0,0.0,0.0,0.0,0.0,0.0,0.0,7.0,144.0,2.0,nfl_hist,randymoss
126,Muhsin Muhammad,CAR,WR,0.0,0.0,0.0,0.0,0.0,0.0,0.0,0.0,11.0,131.0,2.0,nfl_hist,muhsinmuhammad
127,James Thrash,WAS,WR,0.0,0.0,0.0,0.0,0.0,0.0,0.0,0.0,5.0,121.0,1.0,nfl_hist,jamesthrash
128,Shawn Jefferson,ATL,WR,0.0,0.0,0.0,0.0,0.0,0.0,0.0,0.0,7.0,109.0,0.0,nfl_hist,shawnjefferson
129,Tim Brown,OAK,WR,0.0,0.0,0.0,0.0,0.0,0.0,0.0,0.0,6.0,95.0,1.0,nfl_hist,timbrown
130,Torry Holt,STL,WR,0.0,0.0,0.0,0.0,0.0,0.0,0.0,0.0,6.0,89.0,0.0,nfl_hist,torryholt
131,Kevin Johnson,CLE,WR,0.0,0.0,0.0,0.0,0.0,0.0,0.0,0.0,4.0,85.0,0.0,nfl_hist,kevinjohnson
132,James Jett,OAK,WR,0.0,0.0,0.0,0.0,0.0,0.0,0.0,0.0,1.0,84.0,1.0,nfl_hist,jamesjett
133,Jay Riemersma,BUF,TE,0.0,0.0,0.0,0.0,0.0,0.0,0.0,0.0,5.0,82.0,0.0,nfl_hist,jayriemersma
134,Joe Horn,NOR,WR,0.0,0.0,0.0,0.0,0.0,0.0,0.0,0.0,7.0,77.0,0.0,nfl_hist,joehorn
135,Terry Glenn,NWE,WR,0.0,0.0,0.0,0.0,0.0,0.0,0.0,0.0,5.0,76.0,0.0,nfl_hist,terryglenn
136,Marvin Harrison,IND,WR,0.0,0.0,0.0,0.0,0.0,0.0,0.0,0.0,4.0,74.0,2.0,nfl_hist,marvinharrison
137,Desmond Clark,DEN,TE,0.0,0.0,0.0,0.0,0.0,0.0,0.0,0.0,3.0,73.0,1.0,nfl_hist,desmondclark
138,Joe Jurevicius,NYG,WR,0.0,0.0,0.0,0.0,0.0,0.0,0.0,0.0,5.0,71.0,0.0,nfl_hist,joejurevicius
139,Bill Schroede,GNB,WR,0.0,0.0,0.0,0.0,0.0,0.0,0.0,0.0,6.0,70.0,0.0,nfl_hist,billschroede
140,Brandon Stokley,BAL,WR,0.0,0.0,0.0,0.0,0.0,0.0,0.0,0.0,4.0,68.0,0.0,nfl_hist,brandonstokley
141,Derrick Alexande,KAN,WR,0.0,0.0,0.0,0.0,0.0,0.0,0.0,0.0,4.0,67.0,0.0,nfl_hist,derrickalexande
142,Ricky Proehl,STL,WR,0.0,0.0,0.0,0.0,0.0,0.0,0.0,0.0,3.0,66.0,1.0,nfl_hist,rickyproehl
143,Bobby Shaw,PIT,WR,0.0,0.0,0.0,0.0,0.0,0.0,0.0,0.0,2.0,66.0,1.0,nfl_hist,bobbyshaw
144,David Sloan,DET,TE,0.0,0.0,0.0,0.0,0.0,0.0,0.0,0.0,3.0,66.0,1.0,nfl_hist,davidsloan
145,Willie Jackson,NOR,WR,0.0,0.0,0.0,0.0,0.0,0.0,0.0,0.0,4.0,64.0,0.0,nfl_hist,williejackson
146,Isaac Bruce,STL,WR,0.0,0.0,0.0,0.0,0.0,0.0,0.0,0.0,4.0,59.0,0.0,nfl_hist,isaacbruce
147,Danny Farme,CIN,WR,0.0,0.0,0.0,0.0,0.0,0.0,0.0,0.0,3.0,59.0,0.0,nfl_hist,dannyfarme
148,Sean Dawkins,SEA,WR,0.0,0.0,0.0,0.0,0.0,0.0,0.0,0.0,7.0,54.0,1.0,nfl_hist,seandawkins
149,Az-Zahir Hakim,STL,WR,0.0,0.0,0.0,0.0,0.0,0.0,0.0,0.0,4.0,54.0,1.0,nfl_hist,azzahirhakim
150,Chad Lewis,PHI,TE,0.0,0.0,0.0,0.0,0.0,0.0,0.0,0.0,6.0,53.0,0.0,nfl_hist,chadlewis
151,Keenan McCardell,JAX,WR,0.0,0.0,0.0,0.0,0.0,0.0,0.0,0.0,3.0,53.0,0.0,nfl_hist,keenanmccardell
152,Jacquez Green,TAM,WR,0.0,0.0,0.0,0.0,0.0,0.0,0.0,0.0,4.0,51.0,0.0,nfl_hist,jacquezgreen
153,Irving Frya,WAS,WR,0.0,0.0,0.0,0.0,0.0,0.0,0.0,0.0,4.0,50.0,0.0,nfl_hist,irvingfrya
154,Derrick Mayes,SEA,WR,0.0,0.0,0.0,0.0,0.0,0.0,0.0,0.0,2.0,49.0,0.0,nfl_hist,derrickmayes
155,Jeff Graham,SDG,WR,0.0,0.0,0.0,0.0,0.0,0.0,0.0,0.0,3.0,48.0,0.0,nfl_hist,jeffgraham
156,Freddie Jones,SDG,TE,0.0,0.0,0.0,0.0,0.0,0.0,0.0,0.0,4.0,47.0,2.0,nfl_hist,freddiejones
157,Johnnie Morton,DET,WR,0.0,0.0,0.0,0.0,0.0,0.0,0.0,0.0,4.0,46.0,0.0,nfl_hist,johnniemorton
158,Marty Booke,CHI,WR,0.0,0.0,0.0,0.0,0.0,0.0,0.0,0.0,5.0,45.0,1.0,nfl_hist,martybooke
159,David LaFleu,DAL,TE,0.0,0.0,0.0,0.0,0.0,0.0,0.0,0.0,6.0,45.0,1.0,nfl_hist,davidlafleu
160,Jimmy Smith,JAX,WR,0.0,0.0,0.0,0.0,0.0,0.0,0.0,0.0,3.0,45.0,0.0,nfl_hist,jimmysmith
161,R. Jay Soward,JAX,WR,0.0,0.0,0.0,0.0,0.0,0.0,0.0,0.0,1.0,45.0,0.0,nfl_hist,rjaysoward
162,Frank Sanders,ARI,WR,0.0,0.0,0.0,0.0,0.0,0.0,0.0,0.0,3.0,44.0,0.0,nfl_hist,franksanders
163,Antonio Freeman,GNB,WR,0.0,0.0,0.0,0.0,0.0,0.0,0.0,0.0,4.0,43.0,0.0,nfl_hist,antoniofreeman
164,Jeremy McDaniel,BUF,WR,0.0,0.0,0.0,0.0,0.0,0.0,0.0,0.0,3.0,43.0,0.0,nfl_hist,jeremymcdaniel
165,Dwayne Carswell,DEN,TE,0.0,0.0,0.0,0.0,0.0,0.0,0.0,0.0,3.0,42.0,0.0,nfl_hist,dwaynecarswell
166,Herman Moore,DET,WR,0.0,0.0,0.0,0.0,0.0,0.0,0.0,0.0,4.0,42.0,0.0,nfl_hist,hermanmoore
167,James McKnight,DAL,WR,0.0,0.0,0.0,0.0,0.0,0.0,0.0,0.0,3.0,41.0,0.0,nfl_hist,jamesmcknight
168,Leslie Shepherd,MIA,WR,0.0,0.0,0.0,0.0,0.0,0.0,0.0,0.0,7.0,41.0,0.0,nfl_hist,leslieshepherd
169,Stephen Alexande,WAS,TE,0.0,0.0,0.0,0.0,0.0,0.0,0.0,0.0,4.0,39.0,1.0,nfl_hist,stephenalexande
170,Qadry Ismail,BAL,WR,0.0,0.0,0.0,0.0,0.0,0.0,0.0,0.0,3.0,39.0,0.0,nfl_hist,qadryismail
171,Yancey Thigpen,TEN,WR,0.0,0.0,0.0,0.0,0.0,0.0,0.0,0.0,1.0,37.0,0.0,nfl_hist,yanceythigpen
172,Craig Yeast,CIN,WR,0.0,0.0,0.0,0.0,0.0,0.0,0.0,0.0,2.0,37.0,0.0,nfl_hist,craigyeast
173,Terrence Wilkins,IND,WR,0.0,0.0,0.0,0.0,0.0,0.0,0.0,0.0,2.0,34.0,0.0,nfl_hist,terrencewilkins
174,Larry Centers,WAS,RB,0.0,0.0,0.0,0.0,0.0,0.0,0.0,0.0,7.0,33.0,0.0,nfl_hist,larrycenters
175,Derrick Mason,TEN,WR,0.0,0.0,0.0,0.0,0.0,0.0,0.0,0.0,2.0,33.0,0.0,nfl_hist,derrickmason
176,Ed McCaffrey,DEN,WR,0.0,0.0,0.0,0.0,0.0,0.0,0.0,0.0,3.0,33.0,0.0,nfl_hist,edmccaffrey
177,David Boston,ARI,WR,0.0,0.0,0.0,0.0,0.0,0.0,0.0,0.0,1.0,32.0,0.0,nfl_hist,davidboston
178,Curtis Conway,SDG,WR,0.0,0.0,0.0,0.0,0.0,0.0,0.0,0.0,2.0,32.0,0.0,nfl_hist,curtisconway
179,Donald Drive,GNB,WR,0.0,0.0,0.0,0.0,0.0,0.0,0.0,0.0,1.0,32.0,1.0,nfl_hist,donalddrive
180,Kris Mangum,CAR,TE,0.0,0.0,0.0,0.0,0.0,0.0,0.0,0.0,1.0,31.0,0.0,nfl_hist,krismangum
181,Chris Sanders,TEN,WR,0.0,0.0,0.0,0.0,0.0,0.0,0.0,0.0,1.0,31.0,0.0,nfl_hist,chrissanders
182,Oronde Gadsden,MIA,WR,0.0,0.0,0.0,0.0,0.0,0.0,0.0,0.0,2.0,30.0,1.0,nfl_hist,orondegadsden
183,Marcus Pollard,IND,TE,0.0,0.0,0.0,0.0,0.0,0.0,0.0,0.0,2.0,30.0,0.0,nfl_hist,marcuspollard
184,Kyle Brady,JAX,TE,0.0,0.0,0.0,0.0,0.0,0.0,0.0,0.0,3.0,28.0,0.0,nfl_hist,kylebrady
185,Billy Davis,BAL,WR,0.0,0.0,0.0,0.0,0.0,0.0,0.0,0.0,1.0,28.0,0.0,nfl_hist,billydavis
186,Pete Mitchell,NYG,TE,0.0,0.0,0.0,0.0,0.0,0.0,0.0,0.0,3.0,28.0,0.0,nfl_hist,petemitchell
187,Troy Brown,NWE,WR,0.0,0.0,0.0,0.0,0.0,0.0,0.0,0.0,4.0,27.0,0.0,nfl_hist,troybrown
188,Troy Edwards,PIT,WR,0.0,0.0,0.0,0.0,0.0,0.0,0.0,0.0,1.0,27.0,0.0,nfl_hist,troyedwards
189,Johnny McWilliams,MIN,TE,0.0,0.0,0.0,0.0,0.0,0.0,0.0,0.0,2.0,26.0,0.0,nfl_hist,johnnymcwilliams
190,Mark Bruene,PIT,TE,0.0,0.0,0.0,0.0,0.0,0.0,0.0,0.0,2.0,25.0,1.0,nfl_hist,markbruene
191,Mark Campbell,CLE,TE,0.0,0.0,0.0,0.0,0.0,0.0,0.0,0.0,2.0,25.0,0.0,nfl_hist,markcampbell
192,Rod Rutledge,NWE,TE,0.0,0.0,0.0,0.0,0.0,0.0,0.0,0.0,4.0,25.0,0.0,nfl_hist,rodrutledge
193,Reggie Kelly,ATL,TE,0.0,0.0,0.0,0.0,0.0,0.0,0.0,0.0,3.0,23.0,0.0,nfl_hist,reggiekelly
194,David Patten,CLE,WR,0.0,0.0,0.0,0.0,0.0,0.0,0.0,0.0,4.0,23.0,0.0,nfl_hist,davidpatten
195,Cris Carte,MIN,WR,0.0,0.0,0.0,0.0,0.0,0.0,0.0,0.0,2.0,22.0,0.0,nfl_hist,criscarte
196,Jackie Harris,DAL,TE,0.0,0.0,0.0,0.0,0.0,0.0,0.0,0.0,2.0,21.0,0.0,nfl_hist,jackieharris
197,Charles Lee,GNB,WR,0.0,0.0,0.0,0.0,0.0,0.0,0.0,0.0,2.0,20.0,0.0,nfl_hist,charleslee
198,Macey Brooks,CHI,WR,0.0,0.0,0.0,0.0,0.0,0.0,0.0,0.0,2.0,19.0,0.0,nfl_hist,maceybrooks
199,Darrell Jackson,SEA,WR,0.0,0.0,0.0,0.0,0.0,0.0,0.0,0.0,1.0,19.0,0.0,nfl_hist,darrelljackson
200,Fred McCrary,SDG,FB,0.0,0.0,0.0,0.0,0.0,0.0,0.0,0.0,2.0,19.0,0.0,nfl_hist,fredmccrary
201,Jerome Pathon,IND,WR,0.0,0.0,0.0,0.0,0.0,0.0,0.0,0.0,2.0,19.0,0.0,nfl_hist,jeromepathon
202,Sylvester Morris,KAN,WR,0.0,0.0,0.0,0.0,0.0,0.0,0.0,0.0,2.0,18.0,0.0,nfl_hist,sylvestermorris
203,Keith Poole,NOR,WR,0.0,0.0,0.0,0.0,0.0,0.0,0.0,0.0,1.0,18.0,0.0,nfl_hist,keithpoole
204,Torrance Small,PHI,WR,0.0,0.0,0.0,0.0,0.0,0.0,0.0,0.0,1.0,18.0,0.0,nfl_hist,torrancesmall
205,Frank Wycheck,TEN,TE,0.0,0.0,0.0,0.0,0.0,0.0,0.0,0.0,2.0,18.0,0.0,nfl_hist,frankwycheck
206,Bob Christian,ATL,FB,0.0,0.0,0.0,0.0,0.0,0.0,0.0,0.0,2.0,17.0,0.0,nfl_hist,bobchristian
207,Courtney Hawkins,PIT,WR,0.0,0.0,0.0,0.0,0.0,0.0,0.0,0.0,1.0,17.0,0.0,nfl_hist,courtneyhawkins
208,Charles Johnson,PHI,WR,0.0,0.0,0.0,0.0,0.0,0.0,0.0,0.0,3.0,17.0,0.0,nfl_hist,charlesjohnson
209,Dave Moore,TAM,TE,0.0,0.0,0.0,0.0,0.0,0.0,0.0,0.0,3.0,17.0,0.0,nfl_hist,davemoore
210,Shannon Sharpe,BAL,TE,0.0,0.0,0.0,0.0,0.0,0.0,0.0,0.0,2.0,17.0,0.0,nfl_hist,shannonsharpe
211,Christian Fauria,SEA,TE,0.0,0.0,0.0,0.0,0.0,0.0,0.0,0.0,3.0,16.0,0.0,nfl_hist,christianfauria
212,Matthew Hatchette,MIN,WR,0.0,0.0,0.0,0.0,0.0,0.0,0.0,0.0,2.0,16.0,0.0,nfl_hist,matthewhatchette
213,William Henderson,GNB,FB,0.0,0.0,0.0,0.0,0.0,0.0,0.0,0.0,2.0,16.0,0.0,nfl_hist,williamhenderson
214,Ken Dilge,IND,TE,0.0,0.0,0.0,0.0,0.0,0.0,0.0,0.0,1.0,15.0,0.0,nfl_hist,kendilge
215,Sheldon Jackson,BUF,TE,0.0,0.0,0.0,0.0,0.0,0.0,0.0,0.0,2.0,15.0,0.0,nfl_hist,sheldonjackson
216,Keyshawn Johnson,TAM,WR,0.0,0.0,0.0,0.0,0.0,0.0,0.0,0.0,2.0,15.0,0.0,nfl_hist,keyshawnjohnson
217,Walter Rasby,DET,TE,0.0,0.0,0.0,0.0,0.0,0.0,0.0,0.0,2.0,14.0,0.0,nfl_hist,walterrasby
218,Brian Stablein,DET,WR,0.0,0.0,0.0,0.0,0.0,0.0,0.0,0.0,2.0,14.0,0.0,nfl_hist,brianstablein
219,Ron Dixon,NYG,WR,0.0,0.0,0.0,0.0,0.0,0.0,0.0,0.0,1.0,13.0,0.0,nfl_hist,rondixon
220,Terry Hardy,ARI,T,0.0,0.0,0.0,0.0,0.0,0.0,0.0,0.0,2.0,13.0,0.0,nfl_hist,terryhardy
221,MarTay Jenkins,ARI,WR,0.0,0.0,0.0,0.0,0.0,0.0,0.0,0.0,1.0,13.0,0.0,nfl_hist,martayjenkins
222,Shockmain Davis,NWE,WR,0.0,0.0,0.0,0.0,0.0,0.0,0.0,0.0,2.0,12.0,0.0,nfl_hist,shockmaindavis
223,Casey Crawford,CAR,TE,0.0,0.0,0.0,0.0,0.0,0.0,0.0,0.0,1.0,11.0,0.0,nfl_hist,caseycrawford
224,Rickey Dudley,OAK,TE,0.0,0.0,0.0,0.0,0.0,0.0,0.0,0.0,1.0,11.0,0.0,nfl_hist,rickeydudley
225,Bubba Franks,GNB,TE,0.0,0.0,0.0,0.0,0.0,0.0,0.0,0.0,2.0,11.0,0.0,nfl_hist,bubbafranks
226,Tony Martin,MIA,WR,0.0,0.0,0.0,0.0,0.0,0.0,0.0,0.0,1.0,11.0,0.0,nfl_hist,tonymartin
227,Karl Hankton,CAR,WR,0.0,0.0,0.0,0.0,0.0,0.0,0.0,0.0,2.0,10.0,0.0,nfl_hist,karlhankton
228,Na Brown,PHI,WR,0.0,0.0,0.0,0.0,0.0,0.0,0.0,0.0,1.0,9.0,0.0,nfl_hist,nabrown
229,Bert Emanuel,MIA,WR,0.0,0.0,0.0,0.0,0.0,0.0,0.0,0.0,1.0,9.0,0.0,nfl_hist,bertemanuel
230,Terance Mathis,ATL,WR,0.0,0.0,0.0,0.0,0.0,0.0,0.0,0.0,1.0,9.0,0.0,nfl_hist,terancemathis
231,Robert Wilson,NOR,WR,0.0,0.0,0.0,0.0,0.0,0.0,0.0,0.0,1.0,9.0,0.0,nfl_hist,robertwilson
232,Wayne Chrebet,NYJ,WR,0.0,0.0,0.0,0.0,0.0,0.0,0.0,0.0,1.0,8.0,0.0,nfl_hist,waynechrebet
233,Michael Wiley,DAL,RB,0.0,0.0,0.0,0.0,0.0,0.0,0.0,0.0,1.0,8.0,0.0,nfl_hist,michaelwiley
234,Eddie Kennison,CHI,WR,0.0,0.0,0.0,0.0,0.0,0.0,0.0,0.0,1.0,7.0,0.0,nfl_hist,eddiekennison
235,Jeff Thomason,PHI,TE,0.0,0.0,0.0,0.0,0.0,0.0,0.0,0.0,2.0,7.0,1.0,nfl_hist,jeffthomason
236,Jeremy Brigham,OAK,TE,0.0,0.0,0.0,0.0,0.0,0.0,0.0,0.0,1.0,6.0,0.0,nfl_hist,jeremybrigham
237,Luther Broughton,PHI,TE,0.0,0.0,0.0,0.0,0.0,0.0,0.0,0.0,1.0,6.0,0.0,nfl_hist,lutherbroughton
238,Howard Cross,NYG,TE,0.0,0.0,0.0,0.0,0.0,0.0,0.0,0.0,1.0,6.0,0.0,nfl_hist,howardcross
239,Chris Gedney,ARI,TE,0.0,0.0,0.0,0.0,0.0,0.0,0.0,0.0,1.0,6.0,0.0,nfl_hist,chrisgedney
240,Andrew Glove,NOR,TE,0.0,0.0,0.0,0.0,0.0,0.0,0.0,0.0,1.0,6.0,0.0,nfl_hist,andrewglove
241,Todd Pinkston,PHI,WR,0.0,0.0,0.0,0.0,0.0,0.0,0.0,0.0,1.0,6.0,0.0,nfl_hist,toddpinkston
242,Dan Campbell,NYG,TE,0.0,0.0,0.0,0.0,0.0,0.0,0.0,0.0,1.0,5.0,1.0,nfl_hist,dancampbell
243,Kwame Cavil,BUF,WR,0.0,0.0,0.0,0.0,0.0,0.0,0.0,0.0,1.0,5.0,0.0,nfl_hist,kwamecavil
244,Matt Cushing,PIT,TE,0.0,0.0,0.0,0.0,0.0,0.0,0.0,0.0,1.0,5.0,0.0,nfl_hist,mattcushing
245,Roland Williams,STL,TE,0.0,0.0,0.0,0.0,0.0,0.0,0.0,0.0,1.0,5.0,0.0,nfl_hist,rolandwilliams
246,Marc Edwards,CLE,FB,0.0,0.0,0.0,0.0,0.0,0.0,0.0,0.0,1.0,4.0,0.0,nfl_hist,marcedwards
247,Brian Kozlowski,ATL,TE,0.0,0.0,0.0,0.0,0.0,0.0,0.0,0.0,1.0,4.0,1.0,nfl_hist,briankozlowski
248,Jonathan Linton,BUF,RB,0.0,0.0,0.0,0.0,0.0,0.0,0.0,0.0,1.0,4.0,1.0,nfl_hist,jonathanlinton
249,Brian Milne,NOR,FB,0.0,0.0,0.0,0.0,0.0,0.0,0.0,0.0,1.0,4.0,1.0,nfl_hist,brianmilne
250,Jon Ritchie,OAK,FB,0.0,0.0,0.0,0.0,0.0,0.0,0.0,0.0,1.0,4.0,0.0,nfl_hist,jonritchie
251,Cory Schlesinge,DET,FB,0.0,0.0,0.0,0.0,0.0,0.0,0.0,0.0,1.0,4.0,0.0,nfl_hist,coryschlesinge
252,Mac Cody,ARI,WR,0.0,0.0,0.0,0.0,0.0,0.0,0.0,0.0,1.0,3.0,0.0,nfl_hist,maccody
253,David Dunn,OAK,WR,0.0,0.0,0.0,0.0,0.0,0.0,0.0,0.0,1.0,3.0,0.0,nfl_hist,daviddunn
254,Chris Walsh,MIN,WR,0.0,0.0,0.0,0.0,0.0,0.0,0.0,0.0,1.0,3.0,0.0,nfl_hist,chriswalsh
255,Anthony Becht,NYJ,TE,0.0,0.0,0.0,0.0,0.0,0.0,0.0,0.0,1.0,2.0,1.0,nfl_hist,anthonybecht
256,Chris Brazzell,DAL,WR,0.0,0.0,0.0,0.0,0.0,0.0,0.0,0.0,1.0,2.0,0.0,nfl_hist,chrisbrazzell
257,Tyrone Davis,GNB,TE,0.0,0.0,0.0,0.0,0.0,0.0,0.0,0.0,1.0,1.0,0.0,nfl_hist,tyronedavis
258,Greg Comella,NYG,FB,0.0,0.0,0.0,0.0,0.0,0.0,0.0,0.0,1.0,-1.0,0.0,nfl_hist,gregcomella
259,Tim Dwight,ATL,WR,0.0,0.0,0.0,0.0,0.0,0.0,0.0,0.0,2.0,-1.0,0.0,nfl_hist,timdwight
260,Marcus Robinson,CHI,WR,0.0,0.0,0.0,0.0,0.0,0.0,0.0,0.0,1.0,-3.0,0.0,nfl_hist,marcusrobinson
261,Nate Jacquet,SDG,WR,0.0,0.0,0.0,0.0,0.0,0.0,0.0,0.0,0.0,0.0,0.0,nfl_hist,natejacquet
262,Mike McKenzie,GNB,CB,0.0,0.0,0.0,0.0,0.0,0.0,0.0,0.0,0.0,0.0,0.0,nfl_hist,mikemckenzie
263,Marquis Walke,DET,WLB,0.0,0.0,0.0,0.0,0.0,0.0,0.0,0.0,0.0,0.0,0.0,nfl_hist,marquiswalke
264,Dennis Northcutt,CLE,WR,0.0,0.0,0.0,0.0,0.0,0.0,0.0,0.0,0.0,0.0,0.0,nfl_hist,dennisnorthcutt
265,Deltha O'Neal,DEN,CB,0.0,0.0,0.0,0.0,0.0,0.0,0.0,0.0,0.0,0.0,0.0,nfl_hist,delthaoneal
266,Darrien Gordon,OAK,CB,0.0,0.0,0.0,0.0,0.0,0.0,0.0,0.0,0.0,0.0,0.0,nfl_hist,darriengordon
