,player,team,position,pass_yds,pass_tds,pass_int,pass_att,pass_comp,rush_att,rush_yds,rush_tds,rcv_rec,rcv_yds,rcv_tds,source,pname_merge
0,Jeff Garcia,SFO,QB,402.0,2.0,0.0,44.0,36.0,8.0,15.0,0.0,0.0,0.0,0.0,nfl_hist,jeffgarcia
1,Neil O'Donnell,TEN,QB,26.0,0.0,0.0,2.0,2.0,0.0,0.0,0.0,0.0,0.0,0.0,nfl_hist,neilodonnell
2,Brett Favre,GNB,QB,290.0,3.0,0.0,38.0,26.0,5.0,-7.0,0.0,0.0,0.0,0.0,nfl_hist,brettfavre
3,Peyton Manning,IND,QB,206.0,1.0,0.0,28.0,21.0,3.0,20.0,1.0,0.0,0.0,0.0,nfl_hist,peytonmanning
4,Daunte Culpeppe,MIN,QB,335.0,3.0,1.0,38.0,23.0,7.0,42.0,1.0,0.0,0.0,0.0,nfl_hist,daunteculpeppe
5,Doug Flutie,BUF,QB,193.0,1.0,0.0,25.0,15.0,9.0,50.0,0.0,0.0,0.0,0.0,nfl_hist,dougflutie
6,Brad Johnson,WAS,QB,53.0,0.0,0.0,5.0,3.0,0.0,0.0,0.0,0.0,0.0,0.0,nfl_hist,bradjohnson
7,Mark Brunell,JAX,QB,170.0,1.0,0.0,28.0,19.0,1.0,2.0,0.0,0.0,0.0,0.0,nfl_hist,markbrunell
8,Aaron Brooks,NOR,QB,285.0,0.0,0.0,35.0,24.0,5.0,7.0,0.0,0.0,0.0,0.0,nfl_hist,aaronbrooks
9,Jon Kitna,SEA,QB,177.0,2.0,1.0,30.0,19.0,3.0,1.0,0.0,0.0,0.0,0.0,nfl_hist,jonkitna
10,Steve Beuerlein,CAR,QB,139.0,2.0,0.0,27.0,12.0,4.0,5.0,0.0,0.0,0.0,0.0,nfl_hist,stevebeuerlein
11,Gus Frerotte,DEN,QB,234.0,0.0,0.0,34.0,22.0,2.0,4.0,0.0,0.0,0.0,0.0,nfl_hist,gusfrerotte
12,Kordell Stewart,PIT,QB,175.0,0.0,0.0,21.0,11.0,8.0,19.0,0.0,0.0,0.0,0.0,nfl_hist,kordellstewart
13,Ryan Leaf,SDG,QB,259.0,2.0,1.0,43.0,23.0,5.0,13.0,0.0,0.0,0.0,0.0,nfl_hist,ryanleaf
14,Kurt Warne,STL,QB,316.0,2.0,3.0,32.0,20.0,0.0,0.0,0.0,0.0,0.0,0.0,nfl_hist,kurtwarne
15,Drew Bledsoe,NWE,QB,156.0,0.0,0.0,26.0,13.0,2.0,14.0,0.0,0.0,0.0,0.0,nfl_hist,drewbledsoe
16,Elvis Grbac,KAN,QB,160.0,0.0,0.0,28.0,14.0,3.0,38.0,0.0,0.0,0.0,0.0,nfl_hist,elvisgrbac
17,Shaun King,TAM,QB,256.0,2.0,2.0,38.0,18.0,7.0,58.0,0.0,0.0,0.0,0.0,nfl_hist,shaunking
18,Vinny Testaverde,NYJ,QB,194.0,0.0,1.0,36.0,21.0,1.0,0.0,0.0,0.0,0.0,0.0,nfl_hist,vinnytestaverde
19,Jake Plumme,ARI,QB,266.0,1.0,2.0,43.0,23.0,4.0,6.0,0.0,0.0,0.0,0.0,nfl_hist,jakeplumme
20,Kerry Collins,NYG,QB,140.0,1.0,1.0,26.0,12.0,2.0,-1.0,0.0,0.0,0.0,0.0,nfl_hist,kerrycollins
21,Scott Mitchell,CIN,QB,171.0,0.0,1.0,22.0,10.0,1.0,12.0,1.0,0.0,0.0,0.0,nfl_hist,scottmitchell
22,Doug Pederson,CLE,QB,75.0,0.0,0.0,30.0,13.0,1.0,15.0,0.0,0.0,0.0,0.0,nfl_hist,dougpederson
23,Jay Fiedle,MIA,QB,150.0,0.0,1.0,25.0,12.0,1.0,29.0,0.0,0.0,0.0,0.0,nfl_hist,jayfiedle
24,Anthony Wright,DAL,QB,119.0,0.0,1.0,25.0,13.0,4.0,26.0,0.0,0.0,0.0,0.0,nfl_hist,anthonywright
25,Jeff George,WAS,QB,178.0,0.0,2.0,27.0,15.0,0.0,0.0,0.0,0.0,0.0,0.0,nfl_hist,jeffgeorge
26,Steve McNai,TEN,QB,79.0,0.0,1.0,18.0,10.0,2.0,9.0,0.0,0.0,0.0,0.0,nfl_hist,stevemcnai
27,Rob Johnson,BUF,QB,4.0,0.0,0.0,3.0,1.0,0.0,0.0,0.0,0.0,0.0,0.0,nfl_hist,robjohnson
28,Trent Dilfe,BAL,QB,70.0,0.0,1.0,22.0,12.0,3.0,17.0,0.0,0.0,0.0,0.0,nfl_hist,trentdilfe
29,Charlie Batch,DET,QB,110.0,0.0,1.0,18.0,8.0,4.0,12.0,0.0,0.0,0.0,0.0,nfl_hist,charliebatch
30,Rich Gannon,OAK,QB,136.0,1.0,3.0,17.0,5.0,5.0,26.0,0.0,0.0,0.0,0.0,nfl_hist,richgannon
31,Travis Brown,SEA,QB,0.0,0.0,0.0,1.0,0.0,0.0,0.0,0.0,0.0,0.0,0.0,nfl_hist,travisbrown
32,Jeff Feagles,SEA,P,0.0,0.0,0.0,1.0,0.0,0.0,0.0,0.0,0.0,0.0,0.0,nfl_hist,jefffeagles
33,Jarious Jackson,DEN,QB,0.0,0.0,0.0,1.0,0.0,0.0,0.0,0.0,0.0,0.0,0.0,nfl_hist,jariousjackson
34,Lamar Smith,MIA,RB,0.0,0.0,0.0,1.0,0.0,22.0,97.0,1.0,3.0,10.0,0.0,nfl_hist,lamarsmith
35,Chris Chandle,ATL,QB,81.0,0.0,1.0,10.0,4.0,2.0,9.0,0.0,0.0,0.0,0.0,nfl_hist,chrischandle
36,Cade McNown,CHI,QB,73.0,0.0,1.0,29.0,9.0,1.0,3.0,0.0,0.0,0.0,0.0,nfl_hist,cademcnown
37,Doug Johnson,ATL,QB,45.0,0.0,1.0,10.0,5.0,1.0,2.0,0.0,0.0,0.0,0.0,nfl_hist,dougjohnson
38,Jeff Lewis,CAR,QB,41.0,0.0,1.0,13.0,6.0,1.0,5.0,0.0,0.0,0.0,0.0,nfl_hist,jefflewis
39,Eddie George,TEN,RB,0.0,0.0,0.0,0.0,0.0,34.0,176.0,3.0,1.0,0.0,0.0,nfl_hist,eddiegeorge
40,Ricky Watters,SEA,RB,0.0,0.0,0.0,0.0,0.0,26.0,168.0,0.0,4.0,37.0,0.0,nfl_hist,rickywatters
41,James Stewart,DET,RB,0.0,0.0,0.0,0.0,0.0,37.0,164.0,0.0,1.0,32.0,0.0,nfl_hist,jamesstewart
42,Ahman Green,GNB,RB,0.0,0.0,0.0,0.0,0.0,25.0,161.0,0.0,4.0,31.0,1.0,nfl_hist,ahmangreen
43,Tony Richardson,KAN,FB,0.0,0.0,0.0,0.0,0.0,23.0,156.0,1.0,3.0,13.0,0.0,nfl_hist,tonyrichardson
44,Tyrone Wheatley,OAK,RB,0.0,0.0,0.0,0.0,0.0,26.0,146.0,0.0,0.0,0.0,0.0,nfl_hist,tyronewheatley
45,Warrick Dunn,TAM,RB,0.0,0.0,0.0,0.0,0.0,22.0,145.0,3.0,5.0,53.0,0.0,nfl_hist,warrickdunn
46,Jamal Lewis,BAL,RB,0.0,0.0,0.0,0.0,0.0,29.0,126.0,1.0,3.0,5.0,0.0,nfl_hist,jamallewis
47,Edgerrin James,IND,RB,0.0,0.0,0.0,0.0,0.0,32.0,112.0,0.0,5.0,31.0,0.0,nfl_hist,edgerrinjames
48,Fred Taylo,JAX,RB,0.0,0.0,0.0,0.0,0.0,32.0,110.0,1.0,2.0,13.0,0.0,nfl_hist,fredtaylo
49,Jerome Bettis,PIT,RB,0.0,0.0,0.0,0.0,0.0,25.0,104.0,0.0,1.0,25.0,0.0,nfl_hist,jeromebettis
50,Terry Allen,NOR,RB,0.0,0.0,0.0,0.0,0.0,21.0,82.0,1.0,1.0,7.0,0.0,nfl_hist,terryallen
51,Shawn Bryson,BUF,RB,0.0,0.0,0.0,0.0,0.0,19.0,82.0,0.0,3.0,34.0,0.0,nfl_hist,shawnbryson
52,Tiki Barbe,NYG,RB,0.0,0.0,0.0,0.0,0.0,20.0,80.0,1.0,4.0,47.0,0.0,nfl_hist,tikibarbe
53,Marshall Faulk,STL,RB,0.0,0.0,0.0,0.0,0.0,22.0,79.0,3.0,4.0,53.0,1.0,nfl_hist,marshallfaulk
54,Corey Dillon,CIN,HB,0.0,0.0,0.0,0.0,0.0,17.0,76.0,0.0,0.0,0.0,0.0,nfl_hist,coreydillon
55,J.R. Redmond,NWE,RB,0.0,0.0,0.0,0.0,0.0,20.0,66.0,0.0,0.0,0.0,0.0,nfl_hist,jrredmond
56,Frank Moreau,KAN,RB,0.0,0.0,0.0,0.0,0.0,14.0,59.0,1.0,0.0,0.0,0.0,nfl_hist,frankmoreau
57,Richard Huntley,PIT,RB,0.0,0.0,0.0,0.0,0.0,7.0,56.0,2.0,0.0,0.0,0.0,nfl_hist,richardhuntley
58,Randy Jordan,OAK,RB,0.0,0.0,0.0,0.0,0.0,11.0,55.0,2.0,1.0,55.0,0.0,nfl_hist,randyjordan
59,Jamal Anderson,ATL,RB,0.0,0.0,0.0,0.0,0.0,18.0,53.0,0.0,3.0,79.0,0.0,nfl_hist,jamalanderson
60,Kevin Faulk,NWE,RB,0.0,0.0,0.0,0.0,0.0,14.0,52.0,1.0,1.0,8.0,0.0,nfl_hist,kevinfaulk
61,Curtis Martin,NYJ,RB,0.0,0.0,0.0,0.0,0.0,16.0,52.0,1.0,5.0,57.0,0.0,nfl_hist,curtismartin
62,Mike Anderson,DEN,RB,0.0,0.0,0.0,0.0,0.0,12.0,49.0,0.0,3.0,29.0,0.0,nfl_hist,mikeanderson
63,Terrell Fletche,SDG,RB,0.0,0.0,0.0,0.0,0.0,16.0,47.0,0.0,7.0,66.0,1.0,nfl_hist,terrellfletche
64,Emmitt Smith,DAL,RB,0.0,0.0,0.0,0.0,0.0,24.0,46.0,1.0,0.0,0.0,0.0,nfl_hist,emmittsmith
65,Charlie Garne,SFO,RB,0.0,0.0,0.0,0.0,0.0,14.0,43.0,0.0,4.0,18.0,0.0,nfl_hist,charliegarne
66,Sammy Morris,BUF,RB,0.0,0.0,0.0,0.0,0.0,11.0,43.0,0.0,3.0,11.0,0.0,nfl_hist,sammymorris
67,Stephen Davis,WAS,RB,0.0,0.0,0.0,0.0,0.0,16.0,39.0,0.0,2.0,12.0,0.0,nfl_hist,stephendavis
68,Thomas Jones,ARI,RB,0.0,0.0,0.0,0.0,0.0,14.0,39.0,0.0,7.0,41.0,0.0,nfl_hist,thomasjones
69,Larry Centers,WAS,FB,0.0,0.0,0.0,0.0,0.0,4.0,35.0,0.0,7.0,67.0,0.0,nfl_hist,larrycenters
70,Mario Bates,DET,RB,0.0,0.0,0.0,0.0,0.0,3.0,34.0,0.0,0.0,0.0,0.0,nfl_hist,mariobates
71,Tony Carte,NWE,FB,0.0,0.0,0.0,0.0,0.0,9.0,34.0,0.0,1.0,21.0,0.0,nfl_hist,tonycarte
72,Travis Prentice,CLE,RB,0.0,0.0,0.0,0.0,0.0,12.0,32.0,0.0,2.0,13.0,0.0,nfl_hist,travisprentice
73,James Allen,CHI,RB,0.0,0.0,0.0,0.0,0.0,16.0,31.0,0.0,0.0,0.0,0.0,nfl_hist,jamesallen
74,Jermaine Fazande,SDG,RB,0.0,0.0,0.0,0.0,0.0,12.0,31.0,0.0,0.0,0.0,0.0,nfl_hist,jermainefazande
75,Priest Holmes,BAL,RB,0.0,0.0,0.0,0.0,0.0,4.0,28.0,0.0,1.0,-7.0,0.0,nfl_hist,priestholmes
76,Rodney Thomas,TEN,RB,0.0,0.0,0.0,0.0,0.0,11.0,27.0,0.0,0.0,0.0,0.0,nfl_hist,rodneythomas
77,Robert Smith,MIN,RB,0.0,0.0,0.0,0.0,0.0,10.0,26.0,0.0,3.0,16.0,0.0,nfl_hist,robertsmith
78,Troy Brown,NWE,WR,0.0,0.0,0.0,0.0,0.0,2.0,23.0,0.0,2.0,15.0,0.0,nfl_hist,troybrown
79,Ron Dayne,NYG,RB,0.0,0.0,0.0,0.0,0.0,8.0,19.0,0.0,0.0,0.0,0.0,nfl_hist,rondayne
80,Brandon Bennett,CIN,HB,0.0,0.0,0.0,0.0,0.0,7.0,14.0,0.0,0.0,0.0,0.0,nfl_hist,brandonbennett
81,Hines Ward,PIT,WR,0.0,0.0,0.0,0.0,0.0,1.0,12.0,0.0,3.0,31.0,0.0,nfl_hist,hinesward
82,Derrick Alexande,KAN,WR,0.0,0.0,0.0,0.0,0.0,1.0,11.0,0.0,5.0,79.0,0.0,nfl_hist,derrickalexande
83,Isaac Bruce,STL,WR,0.0,0.0,0.0,0.0,0.0,1.0,11.0,0.0,3.0,36.0,0.0,nfl_hist,isaacbruce
84,Autry Denson,MIA,RB,0.0,0.0,0.0,0.0,0.0,2.0,11.0,0.0,1.0,9.0,0.0,nfl_hist,autrydenson
85,Fred Beasley,SFO,FB,0.0,0.0,0.0,0.0,0.0,3.0,9.0,0.0,1.0,2.0,0.0,nfl_hist,fredbeasley
86,Curtis Conway,SDG,WR,0.0,0.0,0.0,0.0,0.0,1.0,9.0,0.0,5.0,63.0,0.0,nfl_hist,curtisconway
87,Amos Zereoue,PIT,RB,0.0,0.0,0.0,0.0,0.0,3.0,9.0,0.0,0.0,0.0,0.0,nfl_hist,amoszereoue
88,Muhsin Muhammad,CAR,WR,0.0,0.0,0.0,0.0,0.0,1.0,8.0,0.0,9.0,72.0,1.0,nfl_hist,muhsinmuhammad
89,Michael Pittman,ARI,RB,0.0,0.0,0.0,0.0,0.0,5.0,6.0,0.0,1.0,3.0,0.0,nfl_hist,michaelpittman
90,Brandon Stokley,BAL,WR,0.0,0.0,0.0,0.0,0.0,1.0,6.0,0.0,0.0,0.0,0.0,nfl_hist,brandonstokley
91,Marty Booke,CHI,WR,0.0,0.0,0.0,0.0,0.0,1.0,5.0,0.0,5.0,47.0,0.0,nfl_hist,martybooke
92,Toby Gowin,NOR,P,0.0,0.0,0.0,0.0,0.0,1.0,5.0,0.0,0.0,0.0,0.0,nfl_hist,tobygowin
93,Terrell Owens,SFO,WR,0.0,0.0,0.0,0.0,0.0,1.0,5.0,0.0,20.0,283.0,1.0,nfl_hist,terrellowens
94,Paul Smith,SFO,RB,0.0,0.0,0.0,0.0,0.0,2.0,5.0,0.0,0.0,0.0,0.0,nfl_hist,paulsmith
95,Shaun Alexande,SEA,RB,0.0,0.0,0.0,0.0,0.0,2.0,4.0,1.0,0.0,0.0,0.0,nfl_hist,shaunalexande
96,Chad Morton,NOR,RB,0.0,0.0,0.0,0.0,0.0,1.0,4.0,0.0,3.0,24.0,0.0,nfl_hist,chadmorton
97,Peter Warrick,CIN,WR,0.0,0.0,0.0,0.0,0.0,2.0,4.0,0.0,3.0,38.0,0.0,nfl_hist,peterwarrick
98,Brad Hoove,CAR,RB,0.0,0.0,0.0,0.0,0.0,4.0,3.0,0.0,0.0,0.0,0.0,nfl_hist,bradhoove
99,J.J. Johnson,MIA,RB,0.0,0.0,0.0,0.0,0.0,1.0,3.0,0.0,0.0,0.0,0.0,nfl_hist,jjjohnson
100,Antowain Smith,BUF,RB,0.0,0.0,0.0,0.0,0.0,1.0,3.0,0.0,0.0,0.0,0.0,nfl_hist,antowainsmith
101,Robert Thomas,DAL,FB,0.0,0.0,0.0,0.0,0.0,1.0,3.0,0.0,1.0,2.0,0.0,nfl_hist,robertthomas
102,Jamel White,CLE,RB,0.0,0.0,0.0,0.0,0.0,4.0,3.0,0.0,2.0,12.0,0.0,nfl_hist,jamelwhite
103,Mike Alstott,TAM,FB,0.0,0.0,0.0,0.0,0.0,3.0,2.0,0.0,0.0,0.0,0.0,nfl_hist,mikealstott
104,Shyrone Stith,JAX,RB,0.0,0.0,0.0,0.0,0.0,1.0,2.0,0.0,0.0,0.0,0.0,nfl_hist,shyronestith
105,Ron Dixon,NYG,WR,0.0,0.0,0.0,0.0,0.0,1.0,1.0,0.0,0.0,0.0,0.0,nfl_hist,rondixon
106,Chris Hetherington,CAR,FB,0.0,0.0,0.0,0.0,0.0,2.0,1.0,0.0,3.0,21.0,0.0,nfl_hist,chrishetherington
107,Lee Johnson,NWE,P,0.0,0.0,0.0,0.0,0.0,1.0,0.0,0.0,0.0,0.0,0.0,nfl_hist,leejohnson
108,Josh Mille,PIT,P,0.0,0.0,0.0,0.0,0.0,1.0,0.0,0.0,0.0,0.0,0.0,nfl_hist,joshmille
109,Brian Milne,NOR,FB,0.0,0.0,0.0,0.0,0.0,1.0,0.0,0.0,2.0,9.0,0.0,nfl_hist,brianmilne
110,De'Mond Parke,GNB,RB,0.0,0.0,0.0,0.0,0.0,1.0,0.0,0.0,1.0,10.0,0.0,nfl_hist,demondparke
111,Michael Wiley,DAL,RB,0.0,0.0,0.0,0.0,0.0,1.0,0.0,0.0,4.0,14.0,0.0,nfl_hist,michaelwiley
112,Jerald Sowell,NYJ,FB,0.0,0.0,0.0,0.0,0.0,1.0,-1.0,0.0,2.0,20.0,0.0,nfl_hist,jeraldsowell
113,Joe Horn,NOR,WR,0.0,0.0,0.0,0.0,0.0,1.0,-6.0,0.0,7.0,116.0,0.0,nfl_hist,joehorn
114,James Thrash,WAS,WR,0.0,0.0,0.0,0.0,0.0,1.0,-10.0,0.0,1.0,8.0,0.0,nfl_hist,jamesthrash
115,Tim Biakabutuka,CAR,RB,0.0,0.0,0.0,0.0,0.0,3.0,-11.0,0.0,0.0,0.0,0.0,nfl_hist,timbiakabutuka
116,Torry Holt,STL,WR,0.0,0.0,0.0,0.0,0.0,0.0,0.0,0.0,9.0,165.0,1.0,nfl_hist,torryholt
117,Randy Moss,MIN,WR,0.0,0.0,0.0,0.0,0.0,0.0,0.0,0.0,4.0,136.0,1.0,nfl_hist,randymoss
118,Keyshawn Johnson,TAM,WR,0.0,0.0,0.0,0.0,0.0,0.0,0.0,0.0,7.0,116.0,2.0,nfl_hist,keyshawnjohnson
119,Danny Farme,CIN,WR,0.0,0.0,0.0,0.0,0.0,0.0,0.0,0.0,5.0,102.0,0.0,nfl_hist,dannyfarme
120,Rod Smith,DEN,WR,0.0,0.0,0.0,0.0,0.0,0.0,0.0,0.0,6.0,101.0,0.0,nfl_hist,rodsmith
121,Antonio Freeman,GNB,WR,0.0,0.0,0.0,0.0,0.0,0.0,0.0,0.0,6.0,97.0,1.0,nfl_hist,antoniofreeman
122,David Boston,ARI,WR,0.0,0.0,0.0,0.0,0.0,0.0,0.0,0.0,5.0,93.0,0.0,nfl_hist,davidboston
123,Cris Carte,MIN,WR,0.0,0.0,0.0,0.0,0.0,0.0,0.0,0.0,7.0,91.0,1.0,nfl_hist,criscarte
124,Stephen Alexande,WAS,TE,0.0,0.0,0.0,0.0,0.0,0.0,0.0,0.0,4.0,85.0,0.0,nfl_hist,stephenalexande
125,Ed McCaffrey,DEN,WR,0.0,0.0,0.0,0.0,0.0,0.0,0.0,0.0,8.0,84.0,0.0,nfl_hist,edmccaffrey
126,Bill Schroede,GNB,WR,0.0,0.0,0.0,0.0,0.0,0.0,0.0,0.0,8.0,78.0,1.0,nfl_hist,billschroede
127,Jerry Rice,SFO,WR,0.0,0.0,0.0,0.0,0.0,0.0,0.0,0.0,7.0,76.0,0.0,nfl_hist,jerryrice
128,Frank Sanders,ARI,WR,0.0,0.0,0.0,0.0,0.0,0.0,0.0,0.0,5.0,76.0,1.0,nfl_hist,franksanders
129,Marcus Pollard,IND,TE,0.0,0.0,0.0,0.0,0.0,0.0,0.0,0.0,5.0,74.0,1.0,nfl_hist,marcuspollard
130,Bobby Shaw,PIT,WR,0.0,0.0,0.0,0.0,0.0,0.0,0.0,0.0,3.0,71.0,0.0,nfl_hist,bobbyshaw
131,Terry Glenn,NWE,WR,0.0,0.0,0.0,0.0,0.0,0.0,0.0,0.0,6.0,70.0,0.0,nfl_hist,terryglenn
132,Peerless Price,BUF,WR,0.0,0.0,0.0,0.0,0.0,0.0,0.0,0.0,3.0,68.0,0.0,nfl_hist,peerlessprice
133,Tony Martin,MIA,WR,0.0,0.0,0.0,0.0,0.0,0.0,0.0,0.0,4.0,67.0,0.0,nfl_hist,tonymartin
134,Keenan McCardell,JAX,WR,0.0,0.0,0.0,0.0,0.0,0.0,0.0,0.0,4.0,61.0,0.0,nfl_hist,keenanmccardell
135,Jeff Graham,SDG,WR,0.0,0.0,0.0,0.0,0.0,0.0,0.0,0.0,3.0,59.0,0.0,nfl_hist,jeffgraham
136,Jimmy Smith,JAX,WR,0.0,0.0,0.0,0.0,0.0,0.0,0.0,0.0,9.0,58.0,1.0,nfl_hist,jimmysmith
137,Amani Toome,NYG,WR,0.0,0.0,0.0,0.0,0.0,0.0,0.0,0.0,3.0,58.0,1.0,nfl_hist,amanitoome
138,Jacquez Green,TAM,WR,0.0,0.0,0.0,0.0,0.0,0.0,0.0,0.0,4.0,55.0,0.0,nfl_hist,jacquezgreen
139,Tim Brown,OAK,WR,0.0,0.0,0.0,0.0,0.0,0.0,0.0,0.0,2.0,52.0,0.0,nfl_hist,timbrown
140,Darrell Jackson,SEA,WR,0.0,0.0,0.0,0.0,0.0,0.0,0.0,0.0,4.0,52.0,1.0,nfl_hist,darrelljackson
141,Ricky Proehl,STL,WR,0.0,0.0,0.0,0.0,0.0,0.0,0.0,0.0,2.0,50.0,0.0,nfl_hist,rickyproehl
142,Marvin Harrison,IND,WR,0.0,0.0,0.0,0.0,0.0,0.0,0.0,0.0,6.0,47.0,0.0,nfl_hist,marvinharrison
143,Willie Jackson,NOR,WR,0.0,0.0,0.0,0.0,0.0,0.0,0.0,0.0,4.0,47.0,0.0,nfl_hist,williejackson
144,Tony Gonzalez,KAN,TE,0.0,0.0,0.0,0.0,0.0,0.0,0.0,0.0,4.0,46.0,0.0,nfl_hist,tonygonzalez
145,James McKnight,DAL,WR,0.0,0.0,0.0,0.0,0.0,0.0,0.0,0.0,2.0,45.0,0.0,nfl_hist,jamesmcknight
146,Chris Walsh,MIN,WR,0.0,0.0,0.0,0.0,0.0,0.0,0.0,0.0,3.0,44.0,0.0,nfl_hist,chriswalsh
147,Wayne Chrebet,NYJ,WR,0.0,0.0,0.0,0.0,0.0,0.0,0.0,0.0,3.0,43.0,0.0,nfl_hist,waynechrebet
148,Freddie Jones,SDG,TE,0.0,0.0,0.0,0.0,0.0,0.0,0.0,0.0,4.0,43.0,0.0,nfl_hist,freddiejones
149,Jermaine Wiggins,NWE,TE,0.0,0.0,0.0,0.0,0.0,0.0,0.0,0.0,3.0,42.0,0.0,nfl_hist,jermainewiggins
150,Tyrone Davis,GNB,TE,0.0,0.0,0.0,0.0,0.0,0.0,0.0,0.0,1.0,41.0,0.0,nfl_hist,tyronedavis
151,Oronde Gadsden,MIA,WR,0.0,0.0,0.0,0.0,0.0,0.0,0.0,0.0,3.0,40.0,0.0,nfl_hist,orondegadsden
152,Keith Poole,NOR,WR,0.0,0.0,0.0,0.0,0.0,0.0,0.0,0.0,3.0,40.0,0.0,nfl_hist,keithpoole
153,Jerome Pathon,IND,WR,0.0,0.0,0.0,0.0,0.0,0.0,0.0,0.0,3.0,39.0,0.0,nfl_hist,jeromepathon
154,Kyle Brady,JAX,TE,0.0,0.0,0.0,0.0,0.0,0.0,0.0,0.0,4.0,38.0,0.0,nfl_hist,kylebrady
155,Jeremy McDaniel,BUF,WR,0.0,0.0,0.0,0.0,0.0,0.0,0.0,0.0,3.0,38.0,0.0,nfl_hist,jeremymcdaniel
156,Shannon Sharpe,BAL,TE,0.0,0.0,0.0,0.0,0.0,0.0,0.0,0.0,4.0,37.0,0.0,nfl_hist,shannonsharpe
157,Isaac Byrd,CAR,WR,0.0,0.0,0.0,0.0,0.0,0.0,0.0,0.0,1.0,34.0,1.0,nfl_hist,isaacbyrd
158,Derrick Mason,TEN,WR,0.0,0.0,0.0,0.0,0.0,0.0,0.0,0.0,1.0,33.0,0.0,nfl_hist,derrickmason
159,Johnny McWilliams,MIN,TE,0.0,0.0,0.0,0.0,0.0,0.0,0.0,0.0,3.0,32.0,1.0,nfl_hist,johnnymcwilliams
160,Mac Cody,ARI,WR,0.0,0.0,0.0,0.0,0.0,0.0,0.0,0.0,2.0,31.0,0.0,nfl_hist,maccody
161,Nick Luchey,CIN,FB,0.0,0.0,0.0,0.0,0.0,0.0,0.0,0.0,2.0,31.0,0.0,nfl_hist,nickluchey
162,Johnnie Morton,DET,WR,0.0,0.0,0.0,0.0,0.0,0.0,0.0,0.0,2.0,31.0,0.0,nfl_hist,johnniemorton
163,David Sloan,DET,TE,0.0,0.0,0.0,0.0,0.0,0.0,0.0,0.0,2.0,31.0,0.0,nfl_hist,davidsloan
164,Sean Dawkins,SEA,WR,0.0,0.0,0.0,0.0,0.0,0.0,0.0,0.0,4.0,30.0,0.0,nfl_hist,seandawkins
165,Andrew Glove,NOR,TE,0.0,0.0,0.0,0.0,0.0,0.0,0.0,0.0,3.0,29.0,0.0,nfl_hist,andrewglove
166,Donald Hayes,CAR,WR,0.0,0.0,0.0,0.0,0.0,0.0,0.0,0.0,3.0,29.0,0.0,nfl_hist,donaldhayes
167,Irving Frya,WAS,WR,0.0,0.0,0.0,0.0,0.0,0.0,0.0,0.0,2.0,28.0,0.0,nfl_hist,irvingfrya
168,Jackie Harris,DAL,TE,0.0,0.0,0.0,0.0,0.0,0.0,0.0,0.0,3.0,28.0,0.0,nfl_hist,jackieharris
169,William Henderson,GNB,FB,0.0,0.0,0.0,0.0,0.0,0.0,0.0,0.0,5.0,27.0,0.0,nfl_hist,williamhenderson
170,Patrick Johnson,BAL,WR,0.0,0.0,0.0,0.0,0.0,0.0,0.0,0.0,2.0,27.0,0.0,nfl_hist,patrickjohnson
171,Yancey Thigpen,TEN,WR,0.0,0.0,0.0,0.0,0.0,0.0,0.0,0.0,2.0,27.0,0.0,nfl_hist,yanceythigpen
172,Eric Moulds,BUF,WR,0.0,0.0,0.0,0.0,0.0,0.0,0.0,0.0,2.0,26.0,0.0,nfl_hist,ericmoulds
173,David Patten,CLE,WR,0.0,0.0,0.0,0.0,0.0,0.0,0.0,0.0,3.0,26.0,0.0,nfl_hist,davidpatten
174,Dedric Ward,NYJ,WR,0.0,0.0,0.0,0.0,0.0,0.0,0.0,0.0,4.0,25.0,0.0,nfl_hist,dedricward
175,Kris Mangum,CAR,TE,0.0,0.0,0.0,0.0,0.0,0.0,0.0,0.0,2.0,24.0,0.0,nfl_hist,krismangum
176,Jed Weave,MIA,TE,0.0,0.0,0.0,0.0,0.0,0.0,0.0,0.0,1.0,24.0,0.0,nfl_hist,jedweave
177,Richie Anderson,NYJ,FB,0.0,0.0,0.0,0.0,0.0,0.0,0.0,0.0,5.0,22.0,0.0,nfl_hist,richieanderson
178,Reidel Anthony,TAM,WR,0.0,0.0,0.0,0.0,0.0,0.0,0.0,0.0,1.0,22.0,0.0,nfl_hist,reidelanthony
179,Windrell Hayes,NYJ,WR,0.0,0.0,0.0,0.0,0.0,0.0,0.0,0.0,1.0,22.0,0.0,nfl_hist,windrellhayes
180,Sylvester Morris,KAN,WR,0.0,0.0,0.0,0.0,0.0,0.0,0.0,0.0,2.0,22.0,0.0,nfl_hist,sylvestermorris
181,Mark Bruene,PIT,TE,0.0,0.0,0.0,0.0,0.0,0.0,0.0,0.0,1.0,21.0,0.0,nfl_hist,markbruene
182,Itula Mili,SEA,TE,0.0,0.0,0.0,0.0,0.0,0.0,0.0,0.0,2.0,21.0,0.0,nfl_hist,itulamili
183,Greg Clark,SFO,TE,0.0,0.0,0.0,0.0,0.0,0.0,0.0,0.0,3.0,20.0,1.0,nfl_hist,gregclark
184,Jay Riemersma,BUF,TE,0.0,0.0,0.0,0.0,0.0,0.0,0.0,0.0,1.0,19.0,0.0,nfl_hist,jayriemersma
185,Mack Strong,SEA,FB,0.0,0.0,0.0,0.0,0.0,0.0,0.0,0.0,3.0,19.0,1.0,nfl_hist,mackstrong
186,Terry Hardy,ARI,TE,0.0,0.0,0.0,0.0,0.0,0.0,0.0,0.0,2.0,18.0,0.0,nfl_hist,terryhardy
187,Albert Connell,WAS,WR,0.0,0.0,0.0,0.0,0.0,0.0,0.0,0.0,1.0,17.0,0.0,nfl_hist,albertconnell
188,Wane McGarity,DAL,WR,0.0,0.0,0.0,0.0,0.0,0.0,0.0,0.0,2.0,17.0,0.0,nfl_hist,wanemcgarity
189,Byron Chamberlain,DEN,TE,0.0,0.0,0.0,0.0,0.0,0.0,0.0,0.0,2.0,16.0,0.0,nfl_hist,byronchamberlain
190,Ken Dilge,IND,TE,0.0,0.0,0.0,0.0,0.0,0.0,0.0,0.0,2.0,15.0,0.0,nfl_hist,kendilge
191,Rickey Dudley,OAK,TE,0.0,0.0,0.0,0.0,0.0,0.0,0.0,0.0,1.0,15.0,0.0,nfl_hist,rickeydudley
192,Courtney Hawkins,PIT,WR,0.0,0.0,0.0,0.0,0.0,0.0,0.0,0.0,2.0,15.0,0.0,nfl_hist,courtneyhawkins
193,Erron Kinney,TEN,TE,0.0,0.0,0.0,0.0,0.0,0.0,0.0,0.0,1.0,15.0,0.0,nfl_hist,erronkinney
194,Jim Kleinsasse,MIN,FB,0.0,0.0,0.0,0.0,0.0,0.0,0.0,0.0,1.0,15.0,0.0,nfl_hist,jimkleinsasse
195,Brian Kozlowski,ATL,TE,0.0,0.0,0.0,0.0,0.0,0.0,0.0,0.0,2.0,15.0,0.0,nfl_hist,briankozlowski
196,Terance Mathis,ATL,WR,0.0,0.0,0.0,0.0,0.0,0.0,0.0,0.0,1.0,15.0,0.0,nfl_hist,terancemathis
197,Fred McCrary,SDG,FB,0.0,0.0,0.0,0.0,0.0,0.0,0.0,0.0,2.0,15.0,0.0,nfl_hist,fredmccrary
198,Andre Reed,WAS,WR,0.0,0.0,0.0,0.0,0.0,0.0,0.0,0.0,1.0,14.0,0.0,nfl_hist,andrereed
199,Andre Rison,OAK,WR,0.0,0.0,0.0,0.0,0.0,0.0,0.0,0.0,1.0,14.0,1.0,nfl_hist,andrerison
200,Chris Sanders,TEN,WR,0.0,0.0,0.0,0.0,0.0,0.0,0.0,0.0,2.0,13.0,0.0,nfl_hist,chrissanders
201,Jason Tucke,DAL,WR,0.0,0.0,0.0,0.0,0.0,0.0,0.0,0.0,1.0,13.0,0.0,nfl_hist,jasontucke
202,Robert Wilson,NOR,WR,0.0,0.0,0.0,0.0,0.0,0.0,0.0,0.0,1.0,13.0,0.0,nfl_hist,robertwilson
203,Troy Edwards,PIT,WR,0.0,0.0,0.0,0.0,0.0,0.0,0.0,0.0,1.0,12.0,0.0,nfl_hist,troyedwards
204,Pete Mitchell,NYG,TE,0.0,0.0,0.0,0.0,0.0,0.0,0.0,0.0,2.0,12.0,0.0,nfl_hist,petemitchell
205,Cory Schlesinge,DET,FB,0.0,0.0,0.0,0.0,0.0,0.0,0.0,0.0,1.0,11.0,0.0,nfl_hist,coryschlesinge
206,Eddie Kennison,CHI,WR,0.0,0.0,0.0,0.0,0.0,0.0,0.0,0.0,1.0,10.0,0.0,nfl_hist,eddiekennison
207,Derrick Mayes,SEA,WR,0.0,0.0,0.0,0.0,0.0,0.0,0.0,0.0,1.0,10.0,0.0,nfl_hist,derrickmayes
208,Dave Moore,TAM,TE,0.0,0.0,0.0,0.0,0.0,0.0,0.0,0.0,1.0,10.0,0.0,nfl_hist,davemoore
209,Howard Cross,NYG,TE,0.0,0.0,0.0,0.0,0.0,0.0,0.0,0.0,1.0,9.0,0.0,nfl_hist,howardcross
210,Trevor Gaylo,SDG,WR,0.0,0.0,0.0,0.0,0.0,0.0,0.0,0.0,1.0,9.0,0.0,nfl_hist,trevorgaylo
211,Reggie Kelly,ATL,TE,0.0,0.0,0.0,0.0,0.0,0.0,0.0,0.0,1.0,9.0,0.0,nfl_hist,reggiekelly
212,Frank Wycheck,TEN,TE,0.0,0.0,0.0,0.0,0.0,0.0,0.0,0.0,3.0,9.0,0.0,nfl_hist,frankwycheck
213,D'Wayne Bates,CHI,WR,0.0,0.0,0.0,0.0,0.0,0.0,0.0,0.0,1.0,8.0,0.0,nfl_hist,dwaynebates
214,Bob Christian,ATL,FB,0.0,0.0,0.0,0.0,0.0,0.0,0.0,0.0,2.0,8.0,0.0,nfl_hist,bobchristian
215,Ben Coates,BAL,TE,0.0,0.0,0.0,0.0,0.0,0.0,0.0,0.0,2.0,8.0,0.0,nfl_hist,bencoates
216,Christian Fauria,SEA,TE,0.0,0.0,0.0,0.0,0.0,0.0,0.0,0.0,1.0,8.0,0.0,nfl_hist,christianfauria
217,Lorenzo Neal,TEN,FB,0.0,0.0,0.0,0.0,0.0,0.0,0.0,0.0,2.0,8.0,0.0,nfl_hist,lorenzoneal
218,Aaron Shea,CLE,TE,0.0,0.0,0.0,0.0,0.0,0.0,0.0,0.0,2.0,8.0,0.0,nfl_hist,aaronshea
219,Roland Williams,STL,TE,0.0,0.0,0.0,0.0,0.0,0.0,0.0,0.0,1.0,8.0,0.0,nfl_hist,rolandwilliams
220,Greg Comella,NYG,FB,0.0,0.0,0.0,0.0,0.0,0.0,0.0,0.0,1.0,7.0,0.0,nfl_hist,gregcomella
221,Marc Edwards,CLE,FB,0.0,0.0,0.0,0.0,0.0,0.0,0.0,0.0,1.0,7.0,0.0,nfl_hist,marcedwards
222,Ike Hilliard,NYG,WR,0.0,0.0,0.0,0.0,0.0,0.0,0.0,0.0,1.0,7.0,0.0,nfl_hist,ikehilliard
223,Bobby Brown,CLE,WR,0.0,0.0,0.0,0.0,0.0,0.0,0.0,0.0,1.0,6.0,0.0,nfl_hist,bobbybrown
224,Donald Drive,GNB,WR,0.0,0.0,0.0,0.0,0.0,0.0,0.0,0.0,1.0,6.0,0.0,nfl_hist,donalddrive
225,Anthony Becht,NYJ,TE,0.0,0.0,0.0,0.0,0.0,0.0,0.0,0.0,1.0,5.0,0.0,nfl_hist,anthonybecht
226,Germane Crowell,DET,WR,0.0,0.0,0.0,0.0,0.0,0.0,0.0,0.0,2.0,5.0,0.0,nfl_hist,germanecrowell
227,Az-Zahir Hakim,STL,WR,0.0,0.0,0.0,0.0,0.0,0.0,0.0,0.0,1.0,4.0,0.0,nfl_hist,azzahirhakim
228,Steve Heiden,SDG,TE,0.0,0.0,0.0,0.0,0.0,0.0,0.0,0.0,1.0,4.0,1.0,nfl_hist,steveheiden
229,Dustin Lyman,CHI,TE,0.0,0.0,0.0,0.0,0.0,0.0,0.0,0.0,1.0,4.0,0.0,nfl_hist,dustinlyman
230,Dennis McKinley,ARI,FB,0.0,0.0,0.0,0.0,0.0,0.0,0.0,0.0,1.0,4.0,0.0,nfl_hist,dennismckinley
231,Kaseem Sinceno,CHI,TE,0.0,0.0,0.0,0.0,0.0,0.0,0.0,0.0,1.0,4.0,0.0,nfl_hist,kaseemsinceno
232,John Davis,MIN,TE,0.0,0.0,0.0,0.0,0.0,0.0,0.0,0.0,1.0,3.0,0.0,nfl_hist,johndavis
233,Kevin Johnson,CLE,WR,0.0,0.0,0.0,0.0,0.0,0.0,0.0,0.0,2.0,3.0,0.0,nfl_hist,kevinjohnson
234,J.J. Stokes,SFO,WR,0.0,0.0,0.0,0.0,0.0,0.0,0.0,0.0,1.0,3.0,0.0,nfl_hist,jjstokes
235,Dwayne Carswell,DEN,TE,0.0,0.0,0.0,0.0,0.0,0.0,0.0,0.0,2.0,2.0,0.0,nfl_hist,dwaynecarswell
236,Howard Griffith,DEN,FB,0.0,0.0,0.0,0.0,0.0,0.0,0.0,0.0,1.0,2.0,0.0,nfl_hist,howardgriffith
237,Sheldon Jackson,BUF,TE,0.0,0.0,0.0,0.0,0.0,0.0,0.0,0.0,1.0,1.0,1.0,nfl_hist,sheldonjackson
238,David Palme,MIN,RB,0.0,0.0,0.0,0.0,0.0,0.0,0.0,0.0,1.0,-2.0,0.0,nfl_hist,davidpalme
239,Reggie Jones,SDG,WR,0.0,0.0,0.0,0.0,0.0,0.0,0.0,0.0,0.0,0.0,0.0,nfl_hist,reggiejones
240,Lamar Chapman,CLE,DB,0.0,0.0,0.0,0.0,0.0,0.0,0.0,0.0,0.0,0.0,0.0,nfl_hist,lamarchapman
241,Kevin Lockett,KAN,WR,0.0,0.0,0.0,0.0,0.0,0.0,0.0,0.0,0.0,0.0,0.0,nfl_hist,kevinlockett
242,Earl Little,CLE,DB,0.0,0.0,0.0,0.0,0.0,0.0,0.0,0.0,0.0,0.0,0.0,nfl_hist,earllittle
243,Duane Starks,BAL,LCB,0.0,0.0,0.0,0.0,0.0,0.0,0.0,0.0,0.0,0.0,0.0,nfl_hist,duanestarks
244,Curtis Jackson,NWE,WR,0.0,0.0,0.0,0.0,0.0,0.0,0.0,0.0,0.0,0.0,0.0,nfl_hist,curtisjackson
245,Charlie Rogers,SEA,RB,0.0,0.0,0.0,0.0,0.0,0.0,0.0,0.0,0.0,0.0,0.0,nfl_hist,charlierogers
