player,team,position,fumble_lost,pass_att,pass_comp,pass_int,pass_tds,pass_yds,rcv_rec,rcv_tds,rcv_yds,rush_att,rush_tds,rush_yds,fp,overall_rank,pos_rank,is_top_player,percent_average_position,percent_average_overall
A.J. Brown,TEN,WR,0.75,0.0,0.0,0.0,0.0,0.0,60.55,6.75,1081.25,4.25,0.7,51.8,217.06,67.0,20.0,True,1.2810540219288882,1.3199875046158236
A.J. Dillon,GB,RB,1.6,0.0,0.0,0.0,0.0,0.0,6.35,0.1,49.1,119.5,4.1,476.5,80.91,235.0,63.0,True,0.5613897961350339,0.49203072421665106
A.J. Green,CIN,WR,1.5,0.0,0.0,0.0,0.0,0.0,67.7,5.95,1004.45,0.0,0.0,1.35,200.98,86.0,34.0,True,1.18615238794466,1.2222016432216356
Aaron Jones,GB,RB,1.8,0.0,0.0,0.0,0.0,0.0,40.65,2.05,342.75,203.3,10.15,890.9,233.62,55.0,13.0,True,1.6209601306768833,1.4206923469471515
Aaron Rodgers,GB,QB,3.2,563.8,353.4,7.1,26.05,4042.95,0.0,0.0,0.0,48.45,1.1,211.95,280.21,20.0,12.0,True,1.2453182792377697,1.7040159341582968
Adam Humphries,TEN,WR,0.75,0.0,0.0,0.0,0.0,0.0,43.7,2.8,453.5,1.35,0.0,6.0,104.95,189.0,79.0,True,0.6193984133485525,0.6382230194850764
Adam Thielen,MIN,WR,0.75,0.0,0.0,0.0,0.0,0.0,76.3,7.55,1058.45,5.45,0.7,22.4,232.39,58.0,14.0,True,1.3715292737310159,1.4132124582957304
Adrian Peterson,DET,RB,0.6,0.0,0.0,0.0,0.0,0.0,8.5,0.2,68.5,93.6,2.4,338.3,63.58,267.0,74.0,True,0.4411464990516062,0.38664334996532784
Adrian Peterson,WAS,RB,1.0,0.0,0.0,0.0,0.0,0.0,4.0,0.0,41.0,86.0,2.0,331.0,51.2,293.0,81.0,True,0.35524851763828624,0.31135796662826026
Alex Smith,WAS,QB,0.0,36.75,23.5,1.25,2.0,255.25,0.0,0.0,0.0,6.25,0.0,20.75,19.04,404.0,39.0,True,0.08461817935365311,0.11578624383988427
Alexander Mattison,MIN,RB,1.7,0.0,0.0,0.0,0.0,0.0,8.75,0.2,69.2,141.35,3.1,619.1,93.98,218.0,57.0,True,0.6520753063993386,0.5715121426508574
Allen Lazard,GB,WR,0.75,0.0,0.0,0.0,0.0,0.0,56.0,4.0,769.65,1.5,0.0,20.55,157.52,126.0,55.0,True,0.9296582950992281,0.957912244204757
Allen Robinson,CHI,WR,0.75,0.0,0.0,0.0,0.0,0.0,85.7,6.25,1083.3,1.15,0.05,6.5,230.98,60.0,16.0,True,1.3632076752286675,1.4046379517928818
Alshon Jeffery,PHI,WR,0.0,0.0,0.0,0.0,0.0,0.0,35.8,3.1,446.7,0.65,0.65,0.65,103.04,197.0,84.0,True,0.6081258933914707,0.6266079078393737
Alvin Kamara,NO,RB,2.35,0.0,0.0,0.0,0.0,0.0,89.9,2.45,658.8,205.2,7.95,948.85,308.36,12.0,4.0,True,2.13953970505746,1.875202003700983
Amari Coope,DAL,WR,0.75,0.0,0.0,0.0,0.0,0.0,75.05,7.65,1082.5,1.35,0.0,9.35,228.64,62.0,18.0,True,1.349397362820515,1.3904079197243244
Anthony McFarland,PIT,RB,0.85,0.0,0.0,0.0,0.0,0.0,16.05,0.9,131.65,41.55,1.1,172.2,56.74,281.0,76.0,True,0.39368751739836644,0.3450478716110837
Anthony Mille,CHI,WR,0.75,0.0,0.0,0.0,0.0,0.0,57.85,5.4,744.4,2.8,0.05,12.6,164.75,117.0,50.0,True,0.9723286193346738,1.0018793945704272
Antonio Gibson,WAS,RB,2.45,0.0,0.0,0.0,0.0,0.0,47.65,2.0,387.8,155.3,4.2,683.95,187.12,96.0,22.0,True,1.2983223168061742,1.1379160686617198
Austin Ekele,LAC,RB,1.65,0.0,0.0,0.0,0.0,0.0,64.1,4.55,669.75,162.7,4.25,718.75,252.45,34.0,8.0,True,1.7516110991754952,1.5352015366270368
Austin Hoope,CLE,TE,0.75,0.0,0.0,0.0,0.0,0.0,60.55,4.7,683.6,0.0,0.0,0.0,155.61,129.0,10.0,True,1.165323373304502,0.9462971325590542
Baker Mayfield,CLE,QB,2.45,508.75,313.85,14.4,25.4,3893.1,0.0,0.0,0.0,34.55,1.75,152.2,263.74,26.0,17.0,True,1.1721217764040164,1.6038584007526828
Ben Roethlisberge,PIT,QB,1.65,551.5,357.8,16.2,24.45,3932.4,0.0,0.0,0.0,26.7,1.6,78.0,253.0,33.0,20.0,True,1.1243907235543191,1.5385462022841765
Benny Snell,PIT,RB,1.0,0.0,0.0,0.0,0.0,0.0,5.35,0.15,44.25,113.65,2.85,458.45,71.62,255.0,69.0,True,0.49693161783699336,0.43553628066242184
Bisi Johnson,MIN,WR,0.0,0.0,0.0,0.0,0.0,0.0,43.0,5.0,459.0,1.0,0.0,7.0,119.6,175.0,76.0,True,0.7058604119722427,0.7273127501707016
Blake Jarwin,DAL,TE,0.0,0.0,0.0,0.0,0.0,0.0,47.25,4.6,548.5,0.0,0.0,0.0,129.7,168.0,22.0,True,0.9712900296741462,0.7887329740563545
Boston Scott,PHI,RB,1.55,0.0,0.0,0.0,0.0,0.0,31.6,0.2,266.75,91.6,4.35,363.8,118.86,177.0,45.0,True,0.8247038829391934,0.7228126545592776
Brandin Cooks,HOU,WR,0.75,0.0,0.0,0.0,0.0,0.0,62.2,4.25,897.0,6.6,0.05,51.85,181.38,99.0,41.0,True,1.0704762669191086,1.1030099216217546
Brandon Aiyuk,SF,WR,0.75,0.0,0.0,0.0,0.0,0.0,44.9,4.05,677.95,2.4,0.05,12.8,137.07,152.0,66.0,True,0.8089656076006297,0.833551493862024
Breshad Perriman,NYJ,WR,0.0,0.0,0.0,0.0,0.0,0.0,44.3,5.05,748.2,3.0,0.0,8.35,150.26,137.0,60.0,True,0.8868109155764983,0.9137626575305152
Brian Hill,ATL,RB,0.4,0.0,0.0,0.0,0.0,0.0,13.2,0.3,96.3,56.2,1.6,227.4,56.17,283.0,78.0,True,0.3897326022605964,0.34158158174823006
Bryan Edwards,LV,WR,1.5,0.0,0.0,0.0,0.0,0.0,48.85,3.2,679.45,1.55,0.0,8.75,133.87,161.0,69.0,True,0.7900797102903356,0.8140916209477578
Bryce Love,WAS,RB,1.55,0.0,0.0,0.0,0.0,0.0,16.0,0.75,133.7,104.65,2.55,388.7,84.94,231.0,61.0,True,0.5893517400038287,0.5165380016680552
C.J. Uzomah,CIN,TE,0.0,0.0,0.0,0.0,0.0,0.0,43.95,2.9,428.0,0.0,0.0,0.0,104.15,192.0,28.0,True,0.7799526336974737,0.6333580512565099
Calvin Ridley,ATL,WR,0.75,0.0,0.0,0.0,0.0,0.0,79.3,8.25,1035.25,2.85,0.0,27.0,233.52,56.0,13.0,True,1.3781983562187134,1.4200842259185806
Cam Akers,LAR,RB,2.45,0.0,0.0,0.0,0.0,0.0,32.75,1.05,295.95,184.2,6.35,699.35,171.78,108.0,27.0,True,1.1918865304668909,1.0446303028789559
Cam Newton,NE,QB,1.7,512.55,309.65,12.65,21.65,3460.1,0.0,0.0,0.0,117.65,3.9,449.3,277.28,21.0,13.0,True,1.2322966791586625,1.6861979880211717
Carlos Hyde,SEA,RB,0.95,0.0,0.0,0.0,0.0,0.0,5.95,0.1,32.05,84.6,2.05,340.6,54.22,287.0,79.0,True,0.376202629420857,0.329723221691099
Carson Wentz,PHI,QB,5.6,585.7,382.15,10.65,27.75,4098.7,0.0,0.0,0.0,55.4,1.35,200.1,281.21,19.0,11.0,True,1.2497625113466801,1.710097144444005
CeeDee Lamb,DAL,WR,1.5,0.0,0.0,0.0,0.0,0.0,54.85,4.85,863.55,1.35,0.0,8.65,168.17,114.0,47.0,True,0.9925129220850507,1.022677133747549
Chase Claypool,PIT,WR,0.75,0.0,0.0,0.0,0.0,0.0,34.1,2.6,457.2,1.35,0.0,5.35,94.46,217.0,95.0,True,0.5574880812282446,0.5744311235879973
Chase Edmonds,ARI,RB,0.75,0.0,0.0,0.0,0.0,0.0,19.8,0.9,136.45,103.2,3.9,418.25,102.57,198.0,52.0,True,0.7116765713702933,0.6237497390050908
Chris Carson,SEA,RB,2.7,0.0,0.0,0.0,0.0,0.0,28.1,1.15,212.35,239.75,7.9,1075.95,205.83,83.0,20.0,True,1.4281406715915714,1.2516955131073204
Chris Conley,JAC,WR,0.75,0.0,0.0,0.0,0.0,0.0,41.85,3.05,550.9,0.0,0.0,0.0,113.74,180.0,77.0,True,0.6712756125227667,0.6916768578964515
Chris Godwin,TB,WR,0.75,0.0,0.0,0.0,0.0,0.0,79.1,7.85,1188.8,1.05,0.05,5.8,244.46,41.0,7.0,True,1.4427645176482815,1.4866126664442285
Chris Herndon,NYJ,TE,0.0,0.0,0.0,0.0,0.0,0.0,44.0,6.0,563.0,0.0,0.0,0.0,136.3,154.0,16.0,True,1.0207157366583357,0.8288689619420287
Chris Herndon IV,NYJ,TE,0.0,0.0,0.0,0.0,0.0,0.0,48.8,4.6,585.1,0.0,0.0,0.0,134.91,157.0,17.0,True,1.0103063832177261,0.8204160796448943
Chris Thompson,JAC,RB,0.75,0.0,0.0,0.0,0.0,0.0,43.85,1.2,353.0,47.05,1.15,225.4,114.29,179.0,47.0,True,0.7929951773609323,0.695021523553591
Christian Kirk,ARI,WR,0.75,0.0,0.0,0.0,0.0,0.0,71.35,4.9,824.5,6.85,0.0,63.5,188.05,94.0,39.0,True,1.109841559125253,1.1435715942274285
Christian McCaffrey,CAR,RB,3.1,0.0,0.0,0.0,0.0,0.0,108.4,4.75,912.35,249.35,8.75,1132.45,387.68,1.0,1.0,True,2.6898973694923987,2.357563603563358
Clyde Edwards-Helaire,KC,RB,2.6,0.0,0.0,0.0,0.0,0.0,50.2,3.55,513.95,196.65,9.1,876.7,259.97,31.0,7.0,True,1.8037882252036188,1.5809322379755628
Cole Beasley,BUF,WR,0.75,0.0,0.0,0.0,0.0,0.0,59.3,4.6,693.45,0.0,0.0,0.0,154.74,130.0,58.0,True,0.9132511718109101,0.9410064796104881
Cole Kmet,CHI,TE,0.75,0.0,0.0,0.0,0.0,0.0,32.1,2.45,329.85,0.0,0.0,0.0,78.29,240.0,39.0,True,0.5862937272412407,0.4760979532680956
Cooper Kupp,LAR,WR,0.75,0.0,0.0,0.0,0.0,0.0,87.15,8.9,1076.75,2.65,0.0,11.35,247.86,38.0,6.0,True,1.462830783540469,1.5072887814156364
Corey Davis,TEN,WR,0.75,0.0,0.0,0.0,0.0,0.0,47.85,3.35,669.45,2.25,0.0,20.85,135.48,156.0,68.0,True,0.7995816773745773,0.823882369507748
Courtland Sutton,DEN,WR,0.75,0.0,0.0,0.0,0.0,0.0,67.5,6.55,1070.7,1.4,0.0,4.45,212.82,75.0,26.0,True,1.2560302079927483,1.2942031730044208
Curtis Samuel,CAR,WR,0.75,0.0,0.0,0.0,0.0,0.0,43.4,4.5,519.9,18.8,1.55,140.45,144.23,144.0,64.0,True,0.8512228028324128,0.8770929595076947
D'Andre Swift,DET,RB,2.35,0.0,0.0,0.0,0.0,0.0,32.5,1.65,334.6,142.75,3.7,579.3,151.29,136.0,34.0,True,1.049717738935475,0.9200263041247947
D.J. Chark,JAC,WR,0.75,0.0,0.0,0.0,0.0,0.0,72.75,6.5,993.35,1.0,0.0,10.85,210.67,76.0,27.0,True,1.2433412457373945,1.281128570890148
D.J. Moore,CAR,WR,1.5,0.0,0.0,0.0,0.0,0.0,83.4,4.85,1216.45,7.2,0.05,73.55,238.8,49.0,10.0,True,1.4093600867806988,1.4521930162271202
D.K. Metcalf,SEA,WR,1.5,0.0,0.0,0.0,0.0,0.0,66.1,7.3,1002.9,1.1,0.0,6.5,207.84,81.0,31.0,True,1.2266390303036032,1.263918745781594
DK Metcalf,SEA,WR,3.0,0.0,0.0,0.0,0.0,0.0,66.0,8.0,1055.0,2.0,0.0,10.0,214.5,72.0,23.0,True,1.2659453040806528,1.3044196062844104
Dak Prescott,DAL,QB,3.15,580.45,381.45,12.55,29.6,4628.45,0.0,0.0,0.0,64.7,4.35,277.7,338.56,5.0,3.0,True,1.504639222792689,2.0588545543293706
Dallas Goedert,PHI,TE,0.75,0.0,0.0,0.0,0.0,0.0,52.8,4.75,547.3,0.0,0.0,0.0,134.53,159.0,18.0,True,1.0074606606943939,0.8181052197363252
Dalvin Cook,MIN,RB,2.85,0.0,0.0,0.0,0.0,0.0,55.55,1.45,498.7,268.4,10.4,1181.15,288.94,17.0,5.0,True,2.0047950524688756,1.7571048999525296
Damien Harris,NE,RB,1.5,0.0,0.0,0.0,0.0,0.0,7.25,0.05,63.15,119.55,3.15,407.95,70.56,256.0,70.0,True,0.48957686337026324,0.42909019775957113
Daniel Jones,NYG,QB,10.95,574.1,362.1,17.0,25.0,3961.7,0.0,0.0,0.0,56.7,2.75,318.0,267.87,24.0,15.0,True,1.1904764550138163,1.6289737992326576
Danny Amendola,DET,WR,0.75,0.0,0.0,0.0,0.0,0.0,66.15,3.55,703.95,0.65,0.0,0.0,156.35,128.0,57.0,True,0.9227531388951518,0.9507972281704782
Darius Slayton,NYG,WR,0.75,0.0,0.0,0.0,0.0,0.0,52.85,6.4,799.35,0.0,0.0,0.0,169.68,110.0,46.0,True,1.0014247048783458,1.0318597612789686
Darrel Williams,KC,RB,1.65,0.0,0.0,0.0,0.0,0.0,13.55,0.95,124.65,97.55,4.65,325.75,88.89,227.0,59.0,True,0.6167586080638138,0.5405587822966026
Darrell Henderson,LAR,RB,1.65,0.0,0.0,0.0,0.0,0.0,20.2,0.95,172.2,125.85,2.9,468.4,104.06,194.0,51.0,True,0.7220148583093763,0.6328107423307961
Darren Fells,HOU,TE,0.0,0.0,0.0,0.0,0.0,0.0,31.8,4.4,314.7,0.0,0.0,0.0,89.67,226.0,35.0,True,0.6715156280715551,0.545302126319455
Darren Walle,LV,TE,0.75,0.0,0.0,0.0,0.0,0.0,77.25,4.3,957.35,0.0,0.0,0.0,197.29,87.0,4.0,True,1.4774542016531405,1.1997619772673722
Darrynton Evans,TEN,RB,1.65,0.0,0.0,0.0,0.0,0.0,23.25,1.0,222.35,79.05,2.15,352.65,96.35,211.0,56.0,True,0.6685194272353296,0.5859246110279858
Davante Adams,GB,WR,0.75,0.0,0.0,0.0,0.0,0.0,108.65,10.65,1385.65,0.0,0.0,0.0,309.62,11.0,2.0,True,1.8273286016291457,1.8828643286609752
David Johnson,HOU,RB,1.95,0.0,0.0,0.0,0.0,0.0,41.05,3.5,417.0,207.55,4.6,802.6,207.71,82.0,19.0,True,1.4411849530986023,1.2631281884444518
David Montgomery,CHI,RB,1.95,0.0,0.0,0.0,0.0,0.0,19.55,0.9,151.6,212.35,6.25,783.35,152.05,133.0,32.0,True,1.0549909591191684,0.924648023941933
David Njoku,CLE,TE,0.25,0.0,0.0,0.0,0.0,0.0,36.15,3.1,406.8,0.0,0.0,0.0,94.93,214.0,32.0,True,0.7109064187892576,0.5772892924222802
Dawson Knox,BUF,TE,0.0,0.0,0.0,0.0,0.0,0.0,36.4,3.0,487.05,0.0,0.0,0.0,103.1,196.0,29.0,True,0.772089453040898,0.6269727804565162
DeAndre Hopkins,ARI,WR,0.75,0.0,0.0,0.0,0.0,0.0,99.0,7.8,1185.75,0.75,0.0,3.25,263.2,27.0,5.0,True,1.5533650537716914,1.6005745471984
DeSean Jackson,PHI,WR,0.75,0.0,0.0,0.0,0.0,0.0,49.85,5.05,766.05,5.65,0.7,29.75,162.43,122.0,53.0,True,0.9586363437847107,0.9877709867075842
DeVante Parke,MIA,WR,0.75,0.0,0.0,0.0,0.0,0.0,69.0,6.2,1044.45,0.2,0.0,1.3,209.28,77.0,28.0,True,1.2351376840932355,1.2726756885930137
Dede Westbrook,JAC,WR,0.5,0.0,0.0,0.0,0.0,0.0,54.7,2.9,591.7,3.8,0.1,28.8,133.75,162.0,70.0,True,0.7893714891411996,0.8133618757134727
DeeJay Dallas,SEA,RB,0.8,0.0,0.0,0.0,0.0,0.0,18.5,0.7,179.65,47.8,1.45,200.55,67.82,262.0,73.0,True,0.4705655169185267,0.4124276815767306
Deebo Samuel,SF,WR,0.75,0.0,0.0,0.0,0.0,0.0,53.5,3.55,739.25,14.35,1.5,173.65,173.59,105.0,44.0,True,1.0245009106543614,1.0556372934960878
Denzel Mims,NYJ,WR,0.75,0.0,0.0,0.0,0.0,0.0,33.75,1.95,482.4,1.35,0.0,5.35,92.72,223.0,100.0,True,0.5472188745657721,0.563849817690865
Derek Ca,LV,QB,4.05,493.1,341.3,10.7,23.0,3774.05,0.0,0.0,0.0,25.0,1.65,69.6,241.02,48.0,26.0,True,1.0711488228895731,1.4656933030613923
Derrick Henry,TEN,RB,2.7,0.0,0.0,0.0,0.0,0.0,19.75,1.0,171.6,298.75,11.55,1534.7,260.28,30.0,6.0,True,1.8059391439627563,1.5828174131641322
Deshaun Watson,HOU,QB,2.4,523.05,347.65,14.45,24.95,4046.8,0.0,0.0,0.0,92.95,5.4,505.15,325.34,6.0,4.0,True,1.445886474312894,1.9784609543523082
Devin Asiasi,NE,TE,0.75,0.0,0.0,0.0,0.0,0.0,36.1,2.7,361.95,0.0,0.0,0.0,87.0,228.0,36.0,True,0.6515206829734057,0.529065294856614
Devin Singletary,BUF,RB,1.8,0.0,0.0,0.0,0.0,0.0,36.65,1.75,285.1,154.2,3.45,799.15,172.68,107.0,26.0,True,1.1981311333160014,1.0501033921360934
Devine Ozigbo,JAC,RB,1.6,0.0,0.0,0.0,0.0,0.0,22.85,0.8,196.45,111.35,2.2,433.75,100.67,205.0,54.0,True,0.6984935209110601,0.6121954394622453
Dion Lewis,NYG,RB,0.85,0.0,0.0,0.0,0.0,0.0,29.05,0.9,182.4,59.8,0.9,196.15,76.0,243.0,65.0,True,0.5273220183693311,0.4621719817138238
Diontae Johnson,PIT,WR,1.5,0.0,0.0,0.0,0.0,0.0,69.3,6.4,833.1,3.8,0.0,34.45,191.46,90.0,37.0,True,1.129966843446535,1.1643085213016935
Dontrelle Inman,WAS,WR,0.0,0.0,0.0,0.0,0.0,0.0,34.5,2.7,476.2,0.0,0.0,0.0,98.32,208.0,90.0,True,0.5802691948587868,0.597904595290831
Drew Brees,NO,QB,0.85,527.4,376.2,10.0,30.3,4030.1,0.0,0.0,0.0,23.0,1.55,30.8,283.08,18.0,10.0,True,1.2580732253903426,1.7214690076782793
Drew Lock,DEN,QB,3.5,534.25,341.45,13.9,22.9,3788.75,0.0,0.0,0.0,39.05,0.6,167.9,242.64,44.0,25.0,True,1.0783484789060078,1.4755448637242394
Duke Johnson,HOU,RB,0.85,0.0,0.0,0.0,0.0,0.0,35.85,2.1,317.05,95.55,1.95,459.0,136.06,155.0,40.0,True,0.9440451818333051,0.8274094714734588
Dwayne Haskins,WAS,QB,2.5,437.6,270.4,15.4,17.6,2975.7,0.0,0.0,0.0,27.35,0.4,118.15,183.24,98.0,31.0,True,0.8143610916367331,1.114320972753172
Emmanuel Sanders,NO,WR,0.75,0.0,0.0,0.0,0.0,0.0,63.85,4.85,749.8,1.35,0.0,14.65,167.9,116.0,49.0,True,0.9909194244994947,1.021035206970408
Eric Ebron,PIT,TE,0.0,0.0,0.0,0.0,0.0,0.0,46.8,4.55,517.0,0.0,0.0,0.0,125.8,172.0,23.0,True,0.9420839300925797,0.7650162539420925
Evan Engram,NYG,TE,0.75,0.0,0.0,0.0,0.0,0.0,68.55,5.0,804.75,0.0,0.0,0.0,177.52,101.0,6.0,True,1.329401743005046,1.079536449918921
Ezekiel Elliott,DAL,RB,3.3,0.0,0.0,0.0,0.0,0.0,66.0,2.8,530.2,287.0,9.3,1289.35,313.96,9.0,3.0,True,2.178395011674147,1.9092567813009487
Frank Gore,NYJ,RB,0.75,0.0,0.0,0.0,0.0,0.0,12.15,0.15,98.65,112.0,1.95,354.05,68.52,259.0,71.0,True,0.4754224302456127,0.41668452877672635
Gardner Minshew,JAC,QB,6.75,555.6,343.55,11.5,22.5,3808.55,0.0,0.0,0.0,74.75,1.4,369.1,262.65,28.0,18.0,True,1.167277563405304,1.5972298815412607
George Kittle,SF,TE,0.75,0.0,0.0,0.0,0.0,0.0,87.35,6.2,1135.5,0.0,0.0,0.0,236.6,52.0,2.0,True,1.7718367079483655,1.4388143535985618
Gerald Everett,LAR,TE,0.0,0.0,0.0,0.0,0.0,0.0,38.05,2.75,403.0,0.0,0.0,0.0,94.85,215.0,33.0,True,0.7103073193106613,0.5768027955994235
Giovani Bernard,CIN,RB,0.75,0.0,0.0,0.0,0.0,0.0,33.3,0.35,240.15,84.95,2.4,285.15,100.83,203.0,53.0,True,0.6996036725286797,0.6131684331079585
Golden Tate,NYG,WR,0.75,0.0,0.0,0.0,0.0,0.0,65.85,5.05,799.1,2.3,0.0,19.2,176.48,103.0,43.0,True,1.0415572366627208,1.0732119912217843
Greg Olsen,SEA,TE,0.0,0.0,0.0,0.0,0.0,0.0,38.05,3.8,465.2,0.0,0.0,0.0,107.37,188.0,27.0,True,0.8040663877109722,0.6529395483764903
Greg Ward,PHI,WR,0.75,0.0,0.0,0.0,0.0,0.0,38.4,2.2,435.1,2.2,0.0,10.8,94.69,216.0,94.0,True,0.5588455050974219,0.5758298019537101
Gus Edwards,BAL,RB,0.8,0.0,0.0,0.0,0.0,0.0,4.25,0.05,30.5,66.8,1.75,362.4,52.74,288.0,80.0,True,0.3659337269578753,0.3207230304682509
Hayden Hurst,ATL,TE,0.75,0.0,0.0,0.0,0.0,0.0,61.1,4.25,730.9,0.0,0.0,0.0,158.19,125.0,9.0,True,1.1846443314892305,0.9619866550961813
Henry Ruggs,LV,WR,1.0,0.0,0.0,0.0,0.0,0.0,55.8,4.8,778.3,3.6,0.1,24.6,163.49,120.0,52.0,True,0.9648922972687456,0.9942170696104349
Hunter Henry,LAC,TE,0.75,0.0,0.0,0.0,0.0,0.0,62.7,5.6,748.7,0.0,0.0,0.0,169.67,111.0,7.0,True,1.2706151066677902,1.0317989491761115
Hunter Renfrow,LV,WR,0.75,0.0,0.0,0.0,0.0,0.0,59.4,5.15,724.8,0.0,0.0,0.0,161.28,123.0,54.0,True,0.9518492244388237,0.9807775948790197
Ian Thomas,CAR,TE,0.75,0.0,0.0,0.0,0.0,0.0,56.6,3.9,547.35,0.0,0.0,0.0,133.24,164.0,21.0,True,0.9978001816020298,0.8102604584677616
Irv Smith,MIN,TE,0.75,0.0,0.0,0.0,0.0,0.0,47.85,2.9,463.6,0.0,0.0,0.0,110.11,183.0,24.0,True,0.8245855448528931,0.6696020645593307
Ito Smith,ATL,RB,0.8,0.0,0.0,0.0,0.0,0.0,26.85,0.25,173.4,83.85,3.75,308.25,97.42,209.0,55.0,True,0.675943566178161,0.5924315060336935
J.K. Dobbins,BAL,RB,2.4,0.0,0.0,0.0,0.0,0.0,14.9,0.85,129.1,163.6,4.65,787.25,134.74,158.0,41.0,True,0.9348864309879431,0.8193822738963239
Jack Doyle,IND,TE,0.75,0.0,0.0,0.0,0.0,0.0,53.85,4.5,551.2,0.0,0.0,0.0,134.47,160.0,19.0,True,1.0070113360854467,0.8177403471191826
Jakeem Grant,MIA,WR,0.75,0.0,0.0,0.0,0.0,0.0,38.75,2.25,437.05,3.8,1.4,13.95,104.25,191.0,81.0,True,0.6152671233119257,0.6339661722850807
Jalen Hurts,PHI,QB,4.6,22.25,13.0,0.55,1.5,246.45,0.0,0.0,0.0,34.0,1.65,170.65,33.07,339.0,37.0,True,0.14697075584166536,0.20110562414837044
Jalen Reago,PHI,WR,1.5,0.0,0.0,0.0,0.0,0.0,45.4,3.45,646.45,1.9,0.05,9.25,128.97,169.0,73.0,True,0.7611606800339478,0.7842936905477875
Jalen Richard,LV,RB,2.55,0.0,0.0,0.0,0.0,0.0,33.9,0.4,304.55,82.45,1.8,352.85,107.74,187.0,50.0,True,0.747548345514628,0.6551895961822023
Jamaal Williams,GB,RB,0.75,0.0,0.0,0.0,0.0,0.0,25.7,1.65,185.05,67.15,1.25,256.3,85.74,230.0,60.0,True,0.594902498091927,0.5214029698966217
James Conne,PIT,RB,2.7,0.0,0.0,0.0,0.0,0.0,40.6,2.05,331.2,225.85,6.8,937.2,215.14,69.0,16.0,True,1.4927376188418142,1.3083115808672636
James Robinson,JAC,RB,1.6,0.0,0.0,0.0,0.0,0.0,20.25,0.75,182.1,99.8,1.85,400.95,90.96,225.0,58.0,True,0.6311211946167679,0.5531468875880186
James Washington,PIT,WR,0.75,0.0,0.0,0.0,0.0,0.0,36.15,2.45,550.2,0.0,0.0,0.0,104.37,190.0,80.0,True,0.6159753444610617,0.6346959175193656
James White,NE,RB,0.75,0.0,0.0,0.0,0.0,0.0,62.85,3.85,540.7,67.5,1.8,258.75,175.2,104.0,24.0,True,1.2156160212935105,1.065428042056078
Jamison Crowde,NYJ,WR,0.75,0.0,0.0,0.0,0.0,0.0,72.7,5.9,845.1,2.0,0.0,12.65,192.38,88.0,35.0,True,1.1353965389232448,1.169903234764545
Jared Cook,NO,TE,0.0,0.0,0.0,0.0,0.0,0.0,49.1,6.3,675.55,0.0,0.0,0.0,154.45,131.0,11.0,True,1.1566364308648565,0.9392429286276326
Jared Goff,LAR,QB,3.3,601.85,381.25,15.4,25.05,4443.9,0.0,0.0,0.0,38.75,1.05,80.2,270.28,23.0,14.0,True,1.20118705439629,1.6436295160212142
Jarvis Landry,CLE,WR,0.75,0.0,0.0,0.0,0.0,0.0,72.75,5.25,994.8,1.35,0.65,25.35,208.66,78.0,29.0,True,1.231478541489366,1.2689053382158746
Jerick McKinnon,SF,RB,1.6,0.0,0.0,0.0,0.0,0.0,22.1,0.8,206.5,108.35,3.5,476.95,113.05,181.0,48.0,True,0.78439150232438,0.6874808227993129
Jerry Jeudy,DEN,WR,1.5,0.0,0.0,0.0,0.0,0.0,54.0,4.05,814.3,1.35,0.0,5.35,157.27,127.0,56.0,True,0.9281828343718614,0.9563919416333299
Jimmy Garoppolo,SF,QB,3.4,471.75,316.0,17.2,26.5,3806.0,0.0,0.0,0.0,45.1,1.15,85.0,249.64,36.0,22.0,True,1.1094581036683804,1.518113335724197
Jimmy Graham,CHI,TE,0.25,0.0,0.0,0.0,0.0,0.0,43.3,2.15,456.75,0.0,0.0,0.0,101.38,200.0,30.0,True,0.759208814251079,0.6165130987650981
Joe Burrow,CIN,QB,4.8,574.2,354.1,14.65,22.8,3938.25,0.0,0.0,0.0,34.6,1.4,195.0,252.38,35.0,21.0,True,1.1216352996467949,1.5347758519070374
Joe Mixon,CIN,RB,2.4,0.0,0.0,0.0,0.0,0.0,41.95,1.85,323.2,271.95,7.85,1148.95,242.56,45.0,11.0,True,1.682989852311381,1.4750583669013828
John Brown,BUF,WR,0.75,0.0,0.0,0.0,0.0,0.0,54.0,5.7,833.7,2.85,0.05,9.6,171.33,109.0,45.0,True,1.0111627456789662,1.0418937582503873
John Ross,CIN,WR,0.75,0.0,0.0,0.0,0.0,0.0,30.8,4.8,448.75,4.15,0.0,11.3,104.1,193.0,82.0,True,0.6143818468755056,0.6330539907422243
John Wolford,LAR,QB,0.1,19.0,12.0,0.6,1.35,234.3,0.0,0.0,0.0,1.0,0.2,29.2,18.09,411.0,40.0,True,0.08039615885018828,0.11000909406846147
Jonathan Taylo,IND,RB,2.5,0.0,0.0,0.0,0.0,0.0,21.15,1.05,204.2,201.65,6.35,877.4,168.71,112.0,28.0,True,1.1705854963038138,1.0259609873018318
Jonnu Smith,TEN,TE,0.75,0.0,0.0,0.0,0.0,0.0,48.6,5.35,584.2,0.0,0.0,0.0,137.62,151.0,15.0,True,1.0306008780551736,0.8368961595191635
Jordan Howard,MIA,RB,1.6,0.0,0.0,0.0,0.0,0.0,17.9,0.75,130.75,177.3,6.25,687.3,138.5,150.0,39.0,True,0.9609749940020047,0.8422476245705868
Josh Allen,BUF,QB,3.45,533.2,310.2,15.1,22.15,3544.5,0.0,0.0,0.0,110.7,7.4,661.35,318.92,8.0,5.0,True,1.4173545041736897,1.9394195843180617
Josh Gordon,SEA,WR,0.0,0.0,0.0,0.0,0.0,0.0,34.0,3.0,602.0,1.0,0.0,1.0,112.3,182.0,78.0,True,0.6627769587331342,0.6829199150850317
Josh Jacobs,LV,RB,2.55,0.0,0.0,0.0,0.0,0.0,33.2,0.4,269.65,274.45,9.65,1265.8,241.94,46.0,12.0,True,1.678688014793105,1.4712880165242437
Josh Reynolds,LAR,WR,0.0,0.0,0.0,0.0,0.0,0.0,34.7,2.9,482.7,4.35,0.05,24.4,103.11,195.0,83.0,True,0.6085390223951334,0.6270335925593733
Joshua Kelley,LAC,RB,1.55,0.0,0.0,0.0,0.0,0.0,5.65,0.1,49.8,126.8,4.25,492.35,82.86,233.0,62.0,True,0.5749197689747734,0.5038890842737821
JuJu Smith-Schuste,PIT,WR,0.75,0.0,0.0,0.0,0.0,0.0,86.3,6.05,1127.2,0.65,0.0,5.35,234.36,53.0,12.0,True,1.3831559042626658,1.4251924425585756
Julian Edelman,NE,WR,0.75,0.0,0.0,0.0,0.0,0.0,82.25,5.0,947.4,11.3,0.05,71.95,212.98,74.0,25.0,True,1.256974502858263,1.295176166650134
Julio Jones,ATL,WR,0.75,0.0,0.0,0.0,0.0,0.0,108.15,6.4,1505.75,1.4,0.0,3.05,295.93,15.0,3.0,True,1.7465323721985435,1.79961255984963
Justin Herbert,LAC,QB,0.2,50.15,30.0,2.45,2.8,535.5,0.0,0.0,0.0,6.35,0.3,58.8,37.45,324.0,36.0,True,0.16643649247869272,0.2277413251997724
Justin Jackson,LAC,RB,0.8,0.0,0.0,0.0,0.0,0.0,13.4,0.1,95.2,75.45,1.7,358.1,67.93,261.0,72.0,True,0.47132874615564035,0.41309661470815856
Justin Jefferson,MIN,WR,0.75,0.0,0.0,0.0,0.0,0.0,48.45,4.0,731.15,1.7,0.05,10.45,145.41,141.0,63.0,True,0.8581869774655838,0.8842687876448304
K.J. Hamle,DEN,WR,1.0,0.0,0.0,0.0,0.0,0.0,33.0,2.0,517.0,2.0,0.0,8.0,95.5,213.0,93.0,True,0.5636259978540902,0.5807555822851338
Kareem Hunt,CLE,RB,1.5,0.0,0.0,0.0,0.0,0.0,40.3,2.65,378.2,119.05,5.1,518.15,173.44,106.0,25.0,True,1.2034043534996945,1.0547251119532315
Keelan Cole,JAC,WR,0.75,0.0,0.0,0.0,0.0,0.0,32.6,2.5,471.3,0.85,0.0,3.95,93.62,220.0,97.0,True,0.5525305331842925,0.5693229069480025
Keenan Allen,LAC,WR,0.75,0.0,0.0,0.0,0.0,0.0,88.25,6.05,1098.95,6.45,0.05,45.55,237.8,50.0,11.0,True,1.403458243871232,1.4461118059414118
Kendrick Bourne,SF,WR,0.0,0.0,0.0,0.0,0.0,0.0,32.2,3.55,395.7,0.4,0.05,2.8,93.65,219.0,96.0,True,0.5527075884715764,0.5695053432565736
Kenny Golladay,DET,WR,0.75,0.0,0.0,0.0,0.0,0.0,71.25,8.45,1202.75,0.65,0.0,3.35,241.06,47.0,9.0,True,1.422698251756094,1.4659365514728206
Kenny Stills,HOU,WR,0.0,0.0,0.0,0.0,0.0,0.0,32.25,3.55,474.9,0.0,0.0,0.0,101.04,202.0,87.0,True,0.596322207572537,0.6144454872679573
Kenyan Drake,ARI,RB,1.85,0.0,0.0,0.0,0.0,0.0,57.35,2.6,434.35,187.6,7.7,838.55,242.74,43.0,10.0,True,1.6842387728812032,1.4761529847528103
Kerryon Johnson,DET,RB,1.9,0.0,0.0,0.0,0.0,0.0,28.05,1.0,233.3,138.6,4.65,612.85,142.77,146.0,36.0,True,0.990602165297229,0.8682143924905609
Kirk Cousins,MIN,QB,4.65,477.95,324.45,10.6,25.45,3728.75,0.0,0.0,0.0,38.7,1.0,92.2,246.27,39.0,23.0,True,1.0944810414613526,1.4976196570613605
Kyle Juszczyk,SF,RB,0.5,0.0,0.0,0.0,0.0,0.0,24.1,1.4,234.3,10.5,0.2,26.1,58.74,275.0,75.0,True,0.407564412618612,0.3572102921825001
Kyle Rudolph,MIN,TE,0.0,0.0,0.0,0.0,0.0,0.0,41.8,4.05,433.25,0.0,0.0,0.0,109.42,185.0,25.0,True,0.8194183118500007,0.6654060294621921
Kyler Murray,ARI,QB,1.95,562.15,364.85,13.9,24.8,3901.85,0.0,0.0,0.0,86.25,3.1,515.4,307.61,13.0,7.0,True,1.3670902390219135,1.870641095986702
LV  Henry Ruggs,LV,WR,2.0,0.0,0.0,0.0,0.0,0.0,50.0,5.0,874.0,2.0,0.0,11.0,164.5,118.0,51.0,True,0.9708531586073071,1.0003590919990002
Lamar Jackson,BAL,QB,2.7,468.75,301.25,13.05,31.85,3507.5,0.0,0.0,0.0,153.9,4.9,958.45,374.5,2.0,1.0,True,1.664364924786927,2.2774132519977237
Larry Fitzgerald,ARI,WR,0.75,0.0,0.0,0.0,0.0,0.0,50.9,3.7,553.4,0.0,0.0,0.0,126.94,171.0,75.0,True,0.7491799389277299,0.7719488336677999
Latavius Murray,NO,RB,1.5,0.0,0.0,0.0,0.0,0.0,23.7,0.25,162.1,144.35,5.3,597.5,129.96,167.0,42.0,True,0.9017206514115562,0.7903140887306387
Laviska Shenault,JAC,WR,1.5,0.0,0.0,0.0,0.0,0.0,42.75,2.6,623.75,18.3,0.3,122.2,131.74,165.0,71.0,True,0.7775087848931711,0.8011386430391993
Le'Veon Bell,NYJ,RB,2.45,0.0,0.0,0.0,0.0,0.0,60.8,1.3,457.15,218.65,4.95,798.55,218.97,65.0,15.0,True,1.5193118731885846,1.3316026162615262
Leonard Fournette,TB,RB,1.5,0.0,0.0,0.0,0.0,0.0,25.05,0.25,203.9,180.65,7.4,633.85,151.73,135.0,33.0,True,1.052770655883929,0.9227020366505063
Logan Thomas,WAS,TE,0.5,0.0,0.0,0.0,0.0,0.0,37.35,2.15,370.65,0.0,0.0,0.0,86.32,229.0,37.0,True,0.6464283374053377,0.5249300718623324
Malcolm Brown,LAR,RB,0.5,0.0,0.0,0.0,0.0,0.0,9.9,1.1,83.2,98.7,3.1,381.0,80.52,238.0,64.0,True,0.5586838015670861,0.4896590522052249
Mark Andrews,BAL,TE,0.75,0.0,0.0,0.0,0.0,0.0,58.1,8.3,809.75,0.0,0.0,0.0,187.38,95.0,5.0,True,1.4032407537420317,1.139497183336004
Mark Ingram,BAL,RB,1.8,0.0,0.0,0.0,0.0,0.0,23.2,2.5,203.35,169.35,6.05,853.9,176.62,102.0,23.0,True,1.225468616899885,1.0740633606617838
Marlon Mack,IND,RB,1.6,0.0,0.0,0.0,0.0,0.0,14.35,0.25,90.25,185.7,6.4,817.4,141.82,147.0,37.0,True,0.9840106400676123,0.862437242719138
Marquise Brown,BAL,WR,0.75,0.0,0.0,0.0,0.0,0.0,62.85,6.7,863.9,12.65,0.65,120.0,203.84,84.0,32.0,True,1.2030316586657355,1.239593904638761
Marvin Jones,DET,WR,0.75,0.0,0.0,0.0,0.0,0.0,64.0,7.2,857.3,1.4,0.0,0.45,191.48,89.0,36.0,True,1.1300848803047243,1.1644301455074075
Matt Breida,MIA,RB,1.75,0.0,0.0,0.0,0.0,0.0,36.8,1.75,276.6,145.6,3.0,628.05,152.27,132.0,31.0,True,1.0565174175933953,0.9259858902047888
Matt Ryan,ATL,QB,4.1,637.55,426.35,15.25,28.05,4747.2,0.0,0.0,0.0,34.55,1.7,130.75,301.91,14.0,8.0,True,1.3417581160011247,1.835978197358165
Matthew Stafford,DET,QB,4.05,566.95,360.75,14.0,25.65,4213.65,0.0,0.0,0.0,29.75,0.35,94.35,260.58,29.0,19.0,True,1.1580780029398596,1.5846417762498446
Mecole Hardman,KC,WR,1.5,0.0,0.0,0.0,0.0,0.0,35.9,5.85,603.15,6.05,0.1,25.65,131.48,166.0,72.0,True,0.7759743057367097,0.7995575283649151
Melvin Gordon,DEN,RB,1.7,0.0,0.0,0.0,0.0,0.0,45.15,1.8,369.3,182.95,7.5,736.55,208.14,80.0,18.0,True,1.444168485570955,1.2657431088673063
Michael Gallup,DAL,WR,0.75,0.0,0.0,0.0,0.0,0.0,62.4,6.05,1044.5,0.0,0.0,0.0,201.65,85.0,33.0,True,1.190106622694003,1.2262760541130602
Michael Pittman,IND,WR,0.75,0.0,0.0,0.0,0.0,0.0,46.5,3.95,670.5,2.0,0.0,8.65,136.62,153.0,67.0,True,0.8063097782913696,0.8308149492334553
Michael Thomas,NO,WR,0.75,0.0,0.0,0.0,0.0,0.0,132.85,9.05,1576.1,0.15,0.0,-1.05,343.16,4.0,1.0,True,2.025276412812666,2.0868281216436286
Mike Davis,CAR,RB,0.75,0.0,0.0,0.0,0.0,0.0,17.45,0.05,106.6,72.6,2.7,297.7,72.88,252.0,68.0,True,0.505674061825748,0.44319860562241414
Mike Evans,TB,WR,0.75,0.0,0.0,0.0,0.0,0.0,69.95,7.2,1183.45,0.25,0.0,1.55,230.15,61.0,17.0,True,1.35830914561381,1.399590547255744
Mike Gesicki,MIA,TE,1.5,0.0,0.0,0.0,0.0,0.0,57.75,4.15,639.1,0.0,0.0,0.0,143.56,145.0,14.0,True,1.0750840143409441,0.8730185486162703
Mike Williams,LAC,WR,0.0,0.0,0.0,0.0,0.0,0.0,42.15,4.7,724.4,4.2,0.75,18.5,149.14,139.0,61.0,True,0.8802008515178953,0.906951702010522
Miles Boykin,BAL,WR,0.0,0.0,0.0,0.0,0.0,0.0,28.8,4.1,395.75,0.0,0.0,0.0,92.98,222.0,99.0,True,0.5487533537222336,0.5654309323651492
Miles Sanders,PHI,RB,2.55,0.0,0.0,0.0,0.0,0.0,54.9,2.7,528.1,220.9,5.0,993.0,248.11,37.0,9.0,True,1.7214982365475624,1.5088090839870634
Mitchell Trubisky,CHI,QB,0.85,436.9,282.45,10.6,17.2,2782.65,0.0,0.0,0.0,32.15,1.3,146.25,190.23,91.0,30.0,True,0.8454262740780163,1.1568286326502724
N'Keal Harry,NE,WR,0.75,0.0,0.0,0.0,0.0,0.0,46.3,5.25,576.6,8.45,0.05,61.4,140.4,148.0,65.0,True,0.8286187444891546,0.8538019241134324
Nelson Agholo,LV,WR,0.75,0.0,0.0,0.0,0.0,0.0,39.2,2.2,440.6,2.2,0.0,22.15,97.18,210.0,91.0,True,0.5735410939419946,0.5909720155651237
Nick Boyle,BAL,TE,0.0,0.0,0.0,0.0,0.0,0.0,31.4,2.85,320.3,0.0,0.0,0.0,80.53,237.0,38.0,True,0.6030685126419353,0.48971986430808195
Nick Chubb,CLE,RB,2.55,0.0,0.0,0.0,0.0,0.0,20.45,1.05,161.75,268.5,8.95,1294.5,220.98,64.0,14.0,True,1.5332581528849314,1.3438258489357997
Nick Foles,CHI,QB,0.95,114.35,73.5,3.65,5.95,991.95,0.0,0.0,0.0,5.65,0.1,16.75,60.2,272.0,35.0,True,0.2675427729564032,0.36608885919963413
Noah Fant,DEN,TE,0.75,0.0,0.0,0.0,0.0,0.0,51.8,4.75,714.2,0.0,0.0,0.0,150.22,138.0,12.0,True,1.1249590459340806,0.9135194091190869
Nyheim Hines,IND,RB,0.75,0.0,0.0,0.0,0.0,0.0,45.95,1.2,340.6,54.8,1.75,213.05,117.52,178.0,46.0,True,0.8154063631416288,0.7146638327764285
O.J. Howard,TB,TE,0.75,0.0,0.0,0.0,0.0,0.0,34.2,2.85,486.85,0.0,0.0,0.0,98.49,207.0,31.0,True,0.73756634558679,0.5989384010394013
Odell Beckham,CLE,WR,0.75,0.0,0.0,0.0,0.0,0.0,75.35,6.2,1114.25,3.85,0.0,16.1,224.09,63.0,19.0,True,1.3225439775824406,1.3627384129243523
Parris Campbell,IND,WR,0.75,0.0,0.0,0.0,0.0,0.0,37.65,2.9,432.05,5.35,0.05,41.2,101.18,201.0,86.0,True,0.5971484655798622,0.6152968567079565
Patrick Mahomes,KC,QB,1.6,566.15,368.7,10.45,34.25,4561.5,0.0,0.0,0.0,59.8,3.4,338.0,360.01,3.0,2.0,True,1.599968001528816,2.1892965149578116
Peyton Barbe,WAS,RB,0.85,0.0,0.0,0.0,0.0,0.0,8.4,0.1,50.4,71.55,1.9,266.3,50.37,297.0,83.0,True,0.3494896061218843,0.3063105620911224
Philip Rivers,IND,QB,2.35,531.85,329.9,12.75,25.1,3748.1,0.0,0.0,0.0,17.2,0.1,32.05,236.68,51.0,27.0,True,1.0518608555369022,1.4393008504214186
Phillip Lindsay,DEN,RB,1.5,0.0,0.0,0.0,0.0,0.0,38.3,0.9,256.55,150.55,4.65,668.75,161.13,124.0,30.0,True,1.1179920634190832,0.9798654133361635
Phillip Walke,CAR,QB,0.2,18.0,12.0,1.4,1.6,332.5,0.0,0.0,0.0,1.0,0.4,61.2,26.42,367.0,38.0,True,0.11741661231741152,0.16066557574841087
Preston Williams,MIA,WR,1.5,0.0,0.0,0.0,0.0,0.0,61.8,6.1,851.45,0.85,0.0,3.3,180.88,100.0,42.0,True,1.0675253454643752,1.0999693164789006
Raheem Mostert,SF,RB,2.1,0.0,0.0,0.0,0.0,0.0,16.3,1.0,141.4,159.0,7.6,861.05,163.94,119.0,29.0,True,1.1374891012035282,0.9969536142390035
Randall Cobb,HOU,WR,0.75,0.0,0.0,0.0,0.0,0.0,48.65,2.95,621.6,2.65,0.05,13.4,128.65,170.0,74.0,True,0.7592720903029184,0.7823477032563609
Rashaad Penny,SEA,RB,1.0,0.0,0.0,0.0,0.0,0.0,7.25,0.15,65.8,57.85,1.7,275.4,50.47,296.0,82.0,True,0.3501834508828966,0.3069186831196932
Rex Burkhead,NE,RB,0.75,0.0,0.0,0.0,0.0,0.0,20.55,0.35,188.1,58.55,1.9,223.35,73.69,250.0,67.0,True,0.5112942043899474,0.4481243859538378
Rob Gronkowski,TB,TE,0.75,0.0,0.0,0.0,0.0,0.0,48.05,3.8,760.0,0.0,0.0,0.0,145.35,142.0,13.0,True,1.0884888651745348,0.883903915027688
Robby Anderson,CAR,WR,0.75,0.0,0.0,0.0,0.0,0.0,51.4,4.6,743.6,1.5,0.0,-0.09999999999999998,151.85,134.0,59.0,True,0.8961948458025507,0.9234317818847912
Robert Woods,LAR,WR,0.75,0.0,0.0,0.0,0.0,0.0,89.8,4.55,1132.8,16.95,0.9,100.5,244.33,42.0,8.0,True,1.441997278070051,1.4858221091070865
Ronald Jones,TB,RB,1.75,0.0,0.0,0.0,0.0,0.0,25.7,0.4,224.55,154.5,5.4,651.1,144.56,143.0,35.0,True,1.0030219865193488,0.8790997589019786
Royce Freeman,DEN,RB,0.8,0.0,0.0,0.0,0.0,0.0,19.95,0.75,124.1,39.95,1.0,152.6,56.52,282.0,77.0,True,0.39216105892413944,0.34371000534822793
Russell Gage,ATL,WR,0.0,0.0,0.0,0.0,0.0,0.0,38.5,2.6,445.3,3.3,0.1,22.4,101.47,199.0,85.0,True,0.5988600000236076,0.6170604076908118
Russell Wilson,SEA,QB,1.8,489.6,325.0,8.7,29.3,3961.05,0.0,0.0,0.0,72.05,2.2,370.35,313.58,10.0,6.0,True,1.3936223047121084,1.9069459213923796
Ryan Fitzpatrick,MIA,QB,0.85,256.85,160.95,8.3,10.3,1735.9,0.0,0.0,0.0,25.5,1.6,120.3,122.27,174.0,33.0,True,0.5433962599564688,0.7435495816335426
Ryan Tannehill,TEN,QB,3.4,429.55,283.4,11.25,24.3,3562.4,0.0,0.0,0.0,61.2,2.75,257.95,263.94,25.0,16.0,True,1.1730106228257984,1.6050746428098244
Ryquell Armstead,JAC,RB,1.0,0.0,0.0,0.0,0.0,0.0,12.45,1.55,121.55,93.2,1.85,323.75,75.38,247.5,66.0,True,0.523020180851055,0.45840163133668466
Sam Darnold,NYJ,QB,2.6,517.0,326.5,18.8,22.45,3628.1,0.0,0.0,0.0,42.95,1.8,124.75,234.2,54.0,28.0,True,1.0408391599068045,1.4242194489128621
Sammy Watkins,KC,WR,0.75,0.0,0.0,0.0,0.0,0.0,60.25,4.25,809.8,3.45,0.0,28.75,168.1,115.0,48.0,True,0.992099793081388,1.0222514490275496
Saquon Barkley,NYG,RB,2.25,0.0,0.0,0.0,0.0,0.0,72.65,2.85,583.7,270.65,9.5,1237.55,324.38,7.0,2.0,True,2.2506936357716265,1.9726229924780283
Sony Michel,NE,RB,1.7,0.0,0.0,0.0,0.0,0.0,9.6,0.15,69.5,165.6,4.85,667.0,109.85,184.0,49.0,True,0.7621884699719871,0.6680209498850466
Stefon Diggs,BUF,WR,0.75,0.0,0.0,0.0,0.0,0.0,68.65,6.55,990.8,9.3,0.05,79.0,213.73,73.0,24.0,True,1.2614008850403633,1.2997370743644152
Sterling Shepard,NYG,WR,0.75,0.0,0.0,0.0,0.0,0.0,72.75,4.35,846.6,4.65,0.0,43.25,186.33,97.0,40.0,True,1.09969038932097,1.1331119125360105
Steven Sims,WAS,WR,0.75,0.0,0.0,0.0,0.0,0.0,50.95,5.2,535.6,10.0,0.75,81.45,146.86,140.0,62.0,True,0.8667446496843109,0.8930865425591075
T.J. Hockenson,DET,TE,0.75,0.0,0.0,0.0,0.0,0.0,53.7,3.2,619.15,0.0,0.0,0.0,133.32,163.0,20.0,True,0.9983992810806258,0.8107469552906182
T.Y. Hilton,IND,WR,0.75,0.0,0.0,0.0,0.0,0.0,71.2,6.4,1073.75,0.0,0.0,0.0,215.48,68.0,21.0,True,1.2717291101319304,1.3103791923644046
Tarik Cohen,CHI,RB,1.7,0.0,0.0,0.0,0.0,0.0,71.05,3.35,540.35,97.9,2.0,352.4,189.02,93.0,21.0,True,1.3115053672654076,1.1494703682045655
Taysom Hill,NO,QB,0.06666666666666668,11.25,6.25,0.05,0.7,66.5,21.0,2.1,216.8,5.666666666666668,0.6666666666666666,57.2,70.28,258.0,34.0,True,0.31234063261421957,0.42738745887957286
Teddy Bridgewate,CAR,QB,0.25,582.65,370.9,13.8,22.65,4011.65,0.0,0.0,0.0,21.1,0.45,61.0,245.57,40.0,24.0,True,1.0913700789851153,1.4933628098613645
Tee Higgins,CIN,WR,0.0,0.0,0.0,0.0,0.0,0.0,36.2,2.8,478.2,0.0,0.0,0.0,100.82,204.0,88.0,True,0.5950238021324541,0.6131076210051014
Terry McLaurin,WAS,WR,0.75,0.0,0.0,0.0,0.0,0.0,70.55,6.7,1056.55,0.0,0.0,0.0,214.9,70.0,22.0,True,1.2683060412444396,1.3068520903986938
Tevin Coleman,SF,RB,1.5,0.0,0.0,0.0,0.0,0.0,13.5,0.95,113.35,157.75,4.85,680.25,124.66,173.0,43.0,True,0.8649468790779055,0.7580836742163851
Todd Gurley,ATL,RB,1.7,0.0,0.0,0.0,0.0,0.0,44.1,2.55,333.15,198.95,7.4,811.2,214.84,71.0,17.0,True,1.4906560845587775,1.3064872177815514
Tom Brady,TB,QB,0.95,556.25,348.35,11.75,28.8,4408.3,0.0,0.0,0.0,24.15,1.65,37.9,291.57,16.0,9.0,True,1.2958047559949915,1.773098483003942
Tony Pollard,DAL,RB,1.75,0.0,0.0,0.0,0.0,0.0,26.65,1.7,192.4,105.15,2.9,495.2,119.51,176.0,44.0,True,0.8292138738857732,0.7267654412449879
Travis Kelce,KC,TE,0.75,0.0,0.0,0.0,0.0,0.0,97.65,7.35,1170.7,0.0,0.0,0.0,257.32,32.0,1.0,True,1.9270034729047905,1.564817030718436
Tre'Quan Smith,NO,WR,0.0,0.0,0.0,0.0,0.0,0.0,27.2,4.65,380.9,0.65,0.0,2.0,93.39,221.0,98.0,True,0.551173109315115,0.5679242285822895
Tua Tagovailoa,MIA,QB,2.45,353.65,224.3,11.9,15.15,2564.55,0.0,0.0,0.0,19.75,1.1,97.9,162.77,121.0,32.0,True,0.7233876603673381,0.989838598204725
Tyler Boyd,CIN,WR,0.75,0.0,0.0,0.0,0.0,0.0,77.6,5.65,973.85,2.35,0.0,10.9,208.48,79.0,30.0,True,1.230416209765662,1.267810720364447
Tyler Eifert,JAC,TE,0.0,0.0,0.0,0.0,0.0,0.0,43.9,2.9,478.8,0.0,0.0,0.0,109.18,186.0,26.0,True,0.817621013414212,0.6639465389936221
Tyler Higbee,LAR,TE,0.75,0.0,0.0,0.0,0.0,0.0,67.1,4.25,771.8,0.0,0.0,0.0,168.28,113.0,8.0,True,1.2602057532271806,1.0233460668789771
Tyler Lockett,SEA,WR,0.75,0.0,0.0,0.0,0.0,0.0,74.6,7.7,1095.7,6.7,0.05,28.35,232.01,59.0,15.0,True,1.3692865734254185,1.4109015983871611
Tyreek Hill,KC,WR,0.75,0.0,0.0,0.0,0.0,0.0,84.1,8.7,1232.0,13.9,0.7,86.1,270.81,22.0,4.0,True,1.5982780783127346,1.6468525574726398
Tyrod Taylo,LAC,QB,1.55,467.5,298.1,13.5,20.0,3366.3,0.0,0.0,0.0,54.35,1.65,251.8,233.13,57.0,29.0,True,1.0360838315502705,1.4177125539071544
Van Jefferson,LAR,WR,0.75,0.0,0.0,0.0,0.0,0.0,34.75,2.0,504.2,1.35,0.0,6.65,96.34,212.0,92.0,True,0.5685835458980424,0.5858637989251287
Vance McDonald,PIT,TE,0.5,0.0,0.0,0.0,0.0,0.0,38.8,2.65,377.05,0.0,0.0,0.0,91.4,224.0,34.0,True,0.6844711542961988,0.5558226201137302
Will Dissly,SEA,TE,0.0,0.0,0.0,0.0,0.0,0.0,25.0,3.25,316.85,0.0,0.0,0.0,76.18,242.0,40.0,True,0.570492478493265,0.4632665995652513
Will Fulle,HOU,WR,0.75,0.0,0.0,0.0,0.0,0.0,66.4,5.1,934.05,1.35,0.05,9.0,190.1,92.0,38.0,True,1.1219403370896601,1.1560380753131303
Willie Snead,BAL,WR,0.75,0.0,0.0,0.0,0.0,0.0,37.15,3.3,425.85,1.35,0.0,6.0,98.64,206.0,89.0,True,0.5821577845898163,0.5998505825822577
Zach Ertz,PHI,TE,0.75,0.0,0.0,0.0,0.0,0.0,88.35,6.3,930.0,0.0,0.0,0.0,217.65,66.0,3.0,True,1.6299250189558823,1.3235754186843913
Zack Moss,BUF,RB,2.4,0.0,0.0,0.0,0.0,0.0,18.4,0.85,160.0,169.8,4.55,770.1,139.01,149.0,38.0,True,0.9645136022831673,0.8453490418162979
