,player,team,position,pass_yds,pass_tds,pass_int,pass_att,pass_comp,rush_att,rush_yds,rush_tds,rcv_rec,rcv_yds,rcv_tds,source,pname_merge
0,Peyton Manning,IND,QB,235.0,3.0,0.0,26.0,16.0,2.0,14.0,0.0,0.0,0.0,0.0,nfl_hist,peytonmanning
1,Steve Beuerlein,CAR,QB,199.0,2.0,0.0,27.0,21.0,1.0,4.0,0.0,0.0,0.0,0.0,nfl_hist,stevebeuerlein
2,Mark Brunell,JAX,QB,351.0,2.0,1.0,30.0,19.0,3.0,27.0,0.0,0.0,0.0,0.0,nfl_hist,markbrunell
3,Jay Fiedle,JAX,QB,21.0,0.0,0.0,2.0,2.0,2.0,-2.0,0.0,0.0,0.0,0.0,nfl_hist,jayfiedle
4,Billy Joe Tollive,NOR,QB,159.0,0.0,0.0,14.0,10.0,1.0,1.0,1.0,0.0,0.0,0.0,nfl_hist,billyjoetollive
5,Jim Mille,CHI,QB,357.0,1.0,0.0,38.0,25.0,2.0,9.0,0.0,0.0,0.0,0.0,nfl_hist,jimmille
6,Brett Favre,GNB,QB,309.0,1.0,0.0,40.0,26.0,1.0,-1.0,0.0,0.0,0.0,0.0,nfl_hist,brettfavre
7,Ray Lucas,NYJ,QB,142.0,0.0,0.0,20.0,16.0,9.0,23.0,1.0,0.0,0.0,0.0,nfl_hist,raylucas
8,Damon Huard,MIA,QB,129.0,2.0,0.0,30.0,18.0,3.0,13.0,0.0,0.0,0.0,0.0,nfl_hist,damonhuard
9,Tony Banks,BAL,QB,274.0,2.0,1.0,40.0,24.0,2.0,17.0,0.0,0.0,0.0,0.0,nfl_hist,tonybanks
10,Jim Harbaugh,SDG,QB,273.0,2.0,1.0,46.0,29.0,2.0,5.0,0.0,0.0,0.0,0.0,nfl_hist,jimharbaugh
11,Rich Gannon,OAK,QB,222.0,2.0,1.0,34.0,17.0,2.0,4.0,0.0,0.0,0.0,0.0,nfl_hist,richgannon
12,Kerry Collins,NYG,QB,221.0,0.0,1.0,21.0,13.0,4.0,-3.0,0.0,0.0,0.0,0.0,nfl_hist,kerrycollins
13,Jason Garrett,DAL,QB,111.0,1.0,0.0,29.0,16.0,2.0,3.0,0.0,0.0,0.0,0.0,nfl_hist,jasongarrett
14,Jeff Blake,CIN,QB,246.0,3.0,2.0,39.0,20.0,5.0,27.0,0.0,0.0,0.0,0.0,nfl_hist,jeffblake
15,Jon Kitna,SEA,QB,235.0,2.0,1.0,33.0,14.0,7.0,14.0,0.0,0.0,0.0,0.0,nfl_hist,jonkitna
16,Kordell Stewart,PIT,QB,177.0,1.0,1.0,30.0,18.0,3.0,14.0,0.0,0.0,0.0,0.0,nfl_hist,kordellstewart
17,Jeff Lewis,CAR,QB,11.0,0.0,0.0,3.0,2.0,2.0,3.0,0.0,0.0,0.0,0.0,nfl_hist,jefflewis
18,Elvis Grbac,KAN,QB,320.0,0.0,1.0,49.0,30.0,0.0,0.0,0.0,0.0,0.0,0.0,nfl_hist,elvisgrbac
19,Tim Couch,CLE,QB,259.0,1.0,2.0,46.0,29.0,6.0,16.0,0.0,0.0,0.0,0.0,nfl_hist,timcouch
20,Kurt Warne,STL,QB,201.0,1.0,1.0,40.0,22.0,2.0,12.0,0.0,0.0,0.0,0.0,nfl_hist,kurtwarne
21,Brad Johnson,WAS,QB,158.0,0.0,1.0,29.0,17.0,2.0,9.0,0.0,0.0,0.0,0.0,nfl_hist,bradjohnson
22,Doug Flutie,BUF,QB,220.0,1.0,2.0,40.0,22.0,3.0,34.0,0.0,0.0,0.0,0.0,nfl_hist,dougflutie
23,Chris Mille,DEN,QB,122.0,0.0,0.0,27.0,12.0,4.0,20.0,0.0,0.0,0.0,0.0,nfl_hist,chrismille
24,Gus Frerotte,DET,QB,225.0,1.0,2.0,39.0,20.0,1.0,7.0,0.0,0.0,0.0,0.0,nfl_hist,gusfrerotte
25,Brian Griese,DEN,QB,60.0,0.0,0.0,14.0,6.0,2.0,1.0,0.0,0.0,0.0,0.0,nfl_hist,briangriese
26,Steve McNai,TEN,QB,149.0,0.0,1.0,26.0,14.0,10.0,20.0,2.0,0.0,0.0,0.0,nfl_hist,stevemcnai
27,Steve Stenstrom,SFO,QB,108.0,0.0,1.0,12.0,7.0,1.0,0.0,0.0,0.0,0.0,0.0,nfl_hist,stevestenstrom
28,Donovan McNabb,PHI,QB,165.0,1.0,2.0,36.0,19.0,3.0,13.0,0.0,0.0,0.0,0.0,nfl_hist,donovanmcnabb
29,Billy Joe Hobert,NOR,QB,92.0,0.0,1.0,13.0,8.0,2.0,16.0,0.0,0.0,0.0,0.0,nfl_hist,billyjoehobert
30,Steve Walsh,IND,QB,28.0,0.0,1.0,5.0,4.0,0.0,0.0,0.0,0.0,0.0,0.0,nfl_hist,stevewalsh
31,Trent Dilfe,TAM,QB,142.0,0.0,1.0,31.0,15.0,3.0,29.0,0.0,0.0,0.0,0.0,nfl_hist,trentdilfe
32,Keyshawn Johnson,NYJ,WR,0.0,0.0,0.0,1.0,0.0,0.0,0.0,0.0,4.0,42.0,0.0,nfl_hist,keyshawnjohnson
33,Cade McNown,CHI,QB,0.0,0.0,0.0,1.0,0.0,0.0,0.0,0.0,0.0,0.0,0.0,nfl_hist,cademcnown
34,Scott Zolak,MIA,QB,0.0,0.0,0.0,4.0,0.0,2.0,-2.0,0.0,0.0,0.0,0.0,nfl_hist,scottzolak
35,Dave Brown,ARI,QB,115.0,1.0,2.0,29.0,13.0,4.0,17.0,0.0,0.0,0.0,0.0,nfl_hist,davebrown
36,Drew Bledsoe,NWE,QB,201.0,1.0,5.0,34.0,15.0,1.0,-1.0,0.0,0.0,0.0,0.0,nfl_hist,drewbledsoe
37,Chris Chandle,ATL,QB,109.0,0.0,2.0,25.0,14.0,2.0,3.0,0.0,0.0,0.0,0.0,nfl_hist,chrischandle
38,Jeff Garcia,SFO,QB,89.0,0.0,2.0,15.0,8.0,4.0,13.0,0.0,0.0,0.0,0.0,nfl_hist,jeffgarcia
39,Kent Graham,NYG,QB,36.0,0.0,2.0,10.0,3.0,0.0,0.0,0.0,0.0,0.0,0.0,nfl_hist,kentgraham
40,Stephen Davis,WAS,RB,0.0,0.0,0.0,0.0,0.0,33.0,183.0,1.0,3.0,5.0,0.0,nfl_hist,stephendavis
41,Edgerrin James,IND,RB,0.0,0.0,0.0,0.0,0.0,22.0,152.0,2.0,5.0,47.0,1.0,nfl_hist,edgerrinjames
42,Emmitt Smith,DAL,RB,0.0,0.0,0.0,0.0,0.0,29.0,127.0,0.0,1.0,6.0,0.0,nfl_hist,emmittsmith
43,Marshall Faulk,STL,RB,0.0,0.0,0.0,0.0,0.0,21.0,126.0,0.0,4.0,43.0,0.0,nfl_hist,marshallfaulk
44,Ricky Watters,SEA,RB,0.0,0.0,0.0,0.0,0.0,24.0,107.0,2.0,4.0,67.0,1.0,nfl_hist,rickywatters
45,J.J. Johnson,MIA,RB,0.0,0.0,0.0,0.0,0.0,31.0,106.0,1.0,1.0,6.0,0.0,nfl_hist,jjjohnson
46,Olandis Gary,DEN,RB,0.0,0.0,0.0,0.0,0.0,22.0,95.0,1.0,1.0,6.0,0.0,nfl_hist,olandisgary
47,Ricky Williams,NOR,RB,0.0,0.0,0.0,0.0,0.0,19.0,94.0,2.0,2.0,27.0,0.0,nfl_hist,rickywilliams
48,Tim Biakabutuka,CAR,RB,0.0,0.0,0.0,0.0,0.0,17.0,93.0,0.0,3.0,42.0,0.0,nfl_hist,timbiakabutuka
49,Jerome Bettis,PIT,RB,0.0,0.0,0.0,0.0,0.0,14.0,88.0,0.0,0.0,0.0,0.0,nfl_hist,jeromebettis
50,James Stewart,JAX,RB,0.0,0.0,0.0,0.0,0.0,16.0,87.0,2.0,5.0,53.0,0.0,nfl_hist,jamesstewart
51,Eddie George,TEN,RB,0.0,0.0,0.0,0.0,0.0,21.0,83.0,0.0,1.0,9.0,0.0,nfl_hist,eddiegeorge
52,Duce Staley,PHI,RB,0.0,0.0,0.0,0.0,0.0,16.0,78.0,0.0,2.0,17.0,0.0,nfl_hist,ducestaley
53,Charlie Garne,SFO,RB,0.0,0.0,0.0,0.0,0.0,16.0,77.0,0.0,0.0,0.0,0.0,nfl_hist,charliegarne
54,Corey Dillon,CIN,HB,0.0,0.0,0.0,0.0,0.0,15.0,74.0,0.0,1.0,15.0,0.0,nfl_hist,coreydillon
55,Adrian Murrell,ARI,RB,0.0,0.0,0.0,0.0,0.0,17.0,72.0,0.0,3.0,9.0,0.0,nfl_hist,adrianmurrell
56,Curtis Martin,NYJ,RB,0.0,0.0,0.0,0.0,0.0,23.0,64.0,0.0,7.0,42.0,0.0,nfl_hist,curtismartin
57,Sedrick Irvin,DET,RB,0.0,0.0,0.0,0.0,0.0,8.0,62.0,1.0,3.0,19.0,0.0,nfl_hist,sedrickirvin
58,Kevin Faulk,NWE,RB,0.0,0.0,0.0,0.0,0.0,5.0,61.0,0.0,2.0,6.0,0.0,nfl_hist,kevinfaulk
59,Donnell Bennett,KAN,RB,0.0,0.0,0.0,0.0,0.0,17.0,60.0,2.0,0.0,0.0,0.0,nfl_hist,donnellbennett
60,Tyrone Wheatley,OAK,RB,0.0,0.0,0.0,0.0,0.0,16.0,53.0,0.0,0.0,0.0,0.0,nfl_hist,tyronewheatley
61,Jermaine Fazande,SDG,RB,0.0,0.0,0.0,0.0,0.0,18.0,50.0,0.0,0.0,0.0,0.0,nfl_hist,jermainefazande
62,Mike Alstott,TAM,FB,0.0,0.0,0.0,0.0,0.0,12.0,48.0,0.0,2.0,9.0,0.0,nfl_hist,mikealstott
63,Ken Oxendine,ATL,RB,0.0,0.0,0.0,0.0,0.0,14.0,48.0,0.0,1.0,4.0,0.0,nfl_hist,kenoxendine
64,Dorsey Levens,GNB,RB,0.0,0.0,0.0,0.0,0.0,23.0,47.0,1.0,10.0,99.0,0.0,nfl_hist,dorseylevens
65,Tiki Barbe,NYG,RB,0.0,0.0,0.0,0.0,0.0,10.0,44.0,0.0,4.0,46.0,0.0,nfl_hist,tikibarbe
66,Warrick Dunn,TAM,RB,0.0,0.0,0.0,0.0,0.0,11.0,44.0,0.0,2.0,8.0,0.0,nfl_hist,warrickdunn
67,Terry Allen,NWE,RB,0.0,0.0,0.0,0.0,0.0,13.0,42.0,1.0,1.0,8.0,0.0,nfl_hist,terryallen
68,Curtis Enis,CHI,RB,0.0,0.0,0.0,0.0,0.0,19.0,41.0,1.0,3.0,27.0,0.0,nfl_hist,curtisenis
69,Errict Rhett,BAL,RB,0.0,0.0,0.0,0.0,0.0,23.0,36.0,1.0,3.0,22.0,0.0,nfl_hist,errictrhett
70,Keith Elias,IND,RB,0.0,0.0,0.0,0.0,0.0,12.0,34.0,0.0,2.0,8.0,0.0,nfl_hist,keithelias
71,Greg Hill,DET,HB,0.0,0.0,0.0,0.0,0.0,10.0,32.0,0.0,0.0,0.0,0.0,nfl_hist,greghill
72,Jonathan Linton,BUF,RB,0.0,0.0,0.0,0.0,0.0,12.0,28.0,0.0,2.0,14.0,0.0,nfl_hist,jonathanlinton
73,Stacey Mack,JAX,RB,0.0,0.0,0.0,0.0,0.0,6.0,27.0,0.0,0.0,0.0,0.0,nfl_hist,staceymack
74,Charles Way,NYG,FB,0.0,0.0,0.0,0.0,0.0,8.0,26.0,1.0,0.0,0.0,0.0,nfl_hist,charlesway
75,Napoleon Kaufman,OAK,RB,0.0,0.0,0.0,0.0,0.0,11.0,22.0,0.0,0.0,0.0,0.0,nfl_hist,napoleonkaufman
76,Terry Kirby,CLE,RB,0.0,0.0,0.0,0.0,0.0,6.0,22.0,1.0,9.0,79.0,0.0,nfl_hist,terrykirby
77,Tremayne Stephens,SDG,RB,0.0,0.0,0.0,0.0,0.0,5.0,22.0,0.0,7.0,49.0,1.0,nfl_hist,tremaynestephens
78,James Allen,CHI,RB,0.0,0.0,0.0,0.0,0.0,5.0,21.0,0.0,0.0,0.0,0.0,nfl_hist,jamesallen
79,Mario Bates,ARI,RB,0.0,0.0,0.0,0.0,0.0,6.0,20.0,0.0,0.0,0.0,0.0,nfl_hist,mariobates
80,De'Mond Parke,GNB,RB,0.0,0.0,0.0,0.0,0.0,2.0,17.0,0.0,0.0,0.0,0.0,nfl_hist,demondparke
81,Fred Beasley,SFO,FB,0.0,0.0,0.0,0.0,0.0,4.0,16.0,1.0,3.0,25.0,0.0,nfl_hist,fredbeasley
82,Robert Holcombe,STL,FB,0.0,0.0,0.0,0.0,0.0,5.0,16.0,0.0,0.0,0.0,0.0,nfl_hist,robertholcombe
83,Rocket Ismail,DAL,WR,0.0,0.0,0.0,0.0,0.0,1.0,16.0,0.0,5.0,43.0,0.0,nfl_hist,rocketismail
84,Bob Christian,ATL,RB,0.0,0.0,0.0,0.0,0.0,3.0,14.0,0.0,3.0,36.0,0.0,nfl_hist,bobchristian
85,Skip Hicks,WAS,RB,0.0,0.0,0.0,0.0,0.0,5.0,14.0,0.0,0.0,0.0,0.0,nfl_hist,skiphicks
86,Ahman Green,SEA,RB,0.0,0.0,0.0,0.0,0.0,1.0,12.0,0.0,0.0,0.0,0.0,nfl_hist,ahmangreen
87,Fred Lane,CAR,RB,0.0,0.0,0.0,0.0,0.0,3.0,12.0,0.0,0.0,0.0,0.0,nfl_hist,fredlane
88,Karim Abdul-Jabba,CLE,RB,0.0,0.0,0.0,0.0,0.0,7.0,11.0,0.0,2.0,2.0,0.0,nfl_hist,karimabduljabba
89,Chris Warren,DAL,RB,0.0,0.0,0.0,0.0,0.0,2.0,10.0,0.0,3.0,10.0,0.0,nfl_hist,chriswarren
90,Rashaan Shehee,KAN,RB,0.0,0.0,0.0,0.0,0.0,5.0,9.0,0.0,6.0,73.0,0.0,nfl_hist,rashaanshehee
91,Rodney Thomas,TEN,RB,0.0,0.0,0.0,0.0,0.0,1.0,9.0,0.0,0.0,0.0,0.0,nfl_hist,rodneythomas
92,Marty Booke,CHI,WR,0.0,0.0,0.0,0.0,0.0,1.0,8.0,0.0,1.0,3.0,0.0,nfl_hist,martybooke
93,Tim Dwight,ATL,WR,0.0,0.0,0.0,0.0,0.0,1.0,8.0,1.0,4.0,20.0,0.0,nfl_hist,timdwight
94,William Floyd,CAR,FB,0.0,0.0,0.0,0.0,0.0,6.0,8.0,2.0,2.0,10.0,0.0,nfl_hist,williamfloyd
95,Bernie Parmalee,NYJ,RB,0.0,0.0,0.0,0.0,0.0,2.0,8.0,0.0,0.0,0.0,0.0,nfl_hist,bernieparmalee
96,David Boston,ARI,WR,0.0,0.0,0.0,0.0,0.0,1.0,7.0,0.0,3.0,47.0,0.0,nfl_hist,davidboston
97,Aaron Crave,NOR,FB,0.0,0.0,0.0,0.0,0.0,2.0,6.0,0.0,0.0,0.0,0.0,nfl_hist,aaroncrave
98,Torry Holt,STL,WR,0.0,0.0,0.0,0.0,0.0,1.0,6.0,0.0,3.0,25.0,0.0,nfl_hist,torryholt
99,Anthony Johnson,CAR,RB,0.0,0.0,0.0,0.0,0.0,1.0,6.0,0.0,2.0,11.0,0.0,nfl_hist,anthonyjohnson
100,Antowain Smith,BUF,RB,0.0,0.0,0.0,0.0,0.0,2.0,6.0,0.0,0.0,0.0,0.0,nfl_hist,antowainsmith
101,Kenny Bynum,SDG,RB,0.0,0.0,0.0,0.0,0.0,1.0,5.0,0.0,0.0,0.0,0.0,nfl_hist,kennybynum
102,LeShon Johnson,NYG,RB,0.0,0.0,0.0,0.0,0.0,2.0,5.0,0.0,0.0,0.0,0.0,nfl_hist,leshonjohnson
103,Cory Schlesinge,DET,FB,0.0,0.0,0.0,0.0,0.0,3.0,5.0,0.0,0.0,0.0,0.0,nfl_hist,coryschlesinge
104,Isaac Bruce,STL,WR,0.0,0.0,0.0,0.0,0.0,1.0,4.0,0.0,11.0,93.0,1.0,nfl_hist,isaacbruce
105,Germane Crowell,DET,WR,0.0,0.0,0.0,0.0,0.0,1.0,4.0,0.0,8.0,112.0,1.0,nfl_hist,germanecrowell
106,Howard Griffith,DEN,WR,0.0,0.0,0.0,0.0,0.0,2.0,4.0,1.0,0.0,0.0,0.0,nfl_hist,howardgriffith
107,Richard Huntley,PIT,RB,0.0,0.0,0.0,0.0,0.0,3.0,4.0,0.0,2.0,28.0,0.0,nfl_hist,richardhuntley
108,Tony Richardson,KAN,FB,0.0,0.0,0.0,0.0,0.0,2.0,4.0,0.0,1.0,29.0,0.0,nfl_hist,tonyrichardson
109,Pat Tillman,ARI,S,0.0,0.0,0.0,0.0,0.0,1.0,4.0,0.0,0.0,0.0,0.0,nfl_hist,pattillman
110,Eric Bieniemy,PHI,RB,0.0,0.0,0.0,0.0,0.0,1.0,3.0,0.0,1.0,1.0,0.0,nfl_hist,ericbieniemy
111,Mike Cloud,KAN,RB,0.0,0.0,0.0,0.0,0.0,1.0,3.0,0.0,0.0,0.0,0.0,nfl_hist,mikecloud
112,Byron Hanspard,ATL,RB,0.0,0.0,0.0,0.0,0.0,4.0,3.0,0.0,0.0,0.0,0.0,nfl_hist,byronhanspard
113,Jermaine Lewis,BAL,WR,0.0,0.0,0.0,0.0,0.0,1.0,3.0,0.0,1.0,5.0,0.0,nfl_hist,jermainelewis
114,Eric Metcalf,CAR,WR,0.0,0.0,0.0,0.0,0.0,1.0,3.0,0.0,0.0,0.0,0.0,nfl_hist,ericmetcalf
115,Terrell Fletche,SDG,RB,0.0,0.0,0.0,0.0,0.0,1.0,2.0,0.0,1.0,2.0,0.0,nfl_hist,terrellfletche
116,Clif Groce,CIN,RB,0.0,0.0,0.0,0.0,0.0,2.0,1.0,0.0,5.0,26.0,0.0,nfl_hist,clifgroce
117,William Henderson,GNB,FB,0.0,0.0,0.0,0.0,0.0,1.0,1.0,0.0,4.0,28.0,0.0,nfl_hist,williamhenderson
118,Eddie Kennison,NOR,WR,0.0,0.0,0.0,0.0,0.0,1.0,1.0,0.0,2.0,38.0,0.0,nfl_hist,eddiekennison
119,Richie Anderson,NYJ,FB,0.0,0.0,0.0,0.0,0.0,1.0,0.0,0.0,2.0,21.0,0.0,nfl_hist,richieanderson
120,Michael Basnight,CIN,RB,0.0,0.0,0.0,0.0,0.0,1.0,0.0,0.0,1.0,19.0,0.0,nfl_hist,michaelbasnight
121,Troy Davis,NOR,RB,0.0,0.0,0.0,0.0,0.0,1.0,0.0,0.0,0.0,0.0,0.0,nfl_hist,troydavis
122,Jacquez Green,TAM,WR,0.0,0.0,0.0,0.0,0.0,1.0,-2.0,0.0,5.0,75.0,0.0,nfl_hist,jacquezgreen
123,Glyn Milburn,CHI,WR,0.0,0.0,0.0,0.0,0.0,1.0,-4.0,0.0,0.0,0.0,0.0,nfl_hist,glynmilburn
124,Lamar Smith,NOR,RB,0.0,0.0,0.0,0.0,0.0,3.0,-12.0,0.0,1.0,4.0,0.0,nfl_hist,lamarsmith
125,Scott Playe,ARI,P,0.0,0.0,0.0,0.0,0.0,1.0,-18.0,0.0,0.0,0.0,0.0,nfl_hist,scottplaye
126,Jimmy Smith,JAX,WR,0.0,0.0,0.0,0.0,0.0,0.0,0.0,0.0,9.0,220.0,1.0,nfl_hist,jimmysmith
127,Marcus Robinson,CHI,WR,0.0,0.0,0.0,0.0,0.0,0.0,0.0,0.0,6.0,163.0,1.0,nfl_hist,marcusrobinson
128,Bobby Engram,CHI,WR,0.0,0.0,0.0,0.0,0.0,0.0,0.0,0.0,8.0,121.0,0.0,nfl_hist,bobbyengram
129,Terrell Owens,SFO,WR,0.0,0.0,0.0,0.0,0.0,0.0,0.0,0.0,6.0,120.0,0.0,nfl_hist,terrellowens
130,Sean Dawkins,SEA,WR,0.0,0.0,0.0,0.0,0.0,0.0,0.0,0.0,5.0,114.0,1.0,nfl_hist,seandawkins
131,Terrence Wilkins,IND,WR,0.0,0.0,0.0,0.0,0.0,0.0,0.0,0.0,4.0,111.0,1.0,nfl_hist,terrencewilkins
132,Derrick Alexande,KAN,FL,0.0,0.0,0.0,0.0,0.0,0.0,0.0,0.0,8.0,101.0,0.0,nfl_hist,derrickalexande
133,Ike Hilliard,NYG,WR,0.0,0.0,0.0,0.0,0.0,0.0,0.0,0.0,4.0,101.0,0.0,nfl_hist,ikehilliard
134,Corey Bradford,GNB,WR,0.0,0.0,0.0,0.0,0.0,0.0,0.0,0.0,6.0,94.0,1.0,nfl_hist,coreybradford
135,Billy Davis,BAL,WR,0.0,0.0,0.0,0.0,0.0,0.0,0.0,0.0,2.0,86.0,0.0,nfl_hist,billydavis
136,Shawn Jefferson,NWE,WR,0.0,0.0,0.0,0.0,0.0,0.0,0.0,0.0,2.0,86.0,1.0,nfl_hist,shawnjefferson
137,Jeff Graham,SDG,WR,0.0,0.0,0.0,0.0,0.0,0.0,0.0,0.0,5.0,83.0,0.0,nfl_hist,jeffgraham
138,Ed McCaffrey,DEN,WR,0.0,0.0,0.0,0.0,0.0,0.0,0.0,0.0,7.0,82.0,0.0,nfl_hist,edmccaffrey
139,Eric Moulds,BUF,WR,0.0,0.0,0.0,0.0,0.0,0.0,0.0,0.0,8.0,77.0,0.0,nfl_hist,ericmoulds
140,Patrick Johnson,BAL,WR,0.0,0.0,0.0,0.0,0.0,0.0,0.0,0.0,6.0,73.0,1.0,nfl_hist,patrickjohnson
141,Darrin Chiaverini,CLE,WR,0.0,0.0,0.0,0.0,0.0,0.0,0.0,0.0,8.0,72.0,1.0,nfl_hist,darrinchiaverini
142,Rickey Dudley,OAK,TE,0.0,0.0,0.0,0.0,0.0,0.0,0.0,0.0,4.0,72.0,1.0,nfl_hist,rickeydudley
143,Muhsin Muhammad,CAR,WR,0.0,0.0,0.0,0.0,0.0,0.0,0.0,0.0,7.0,72.0,0.0,nfl_hist,muhsinmuhammad
144,Larry Centers,WAS,FB,0.0,0.0,0.0,0.0,0.0,0.0,0.0,0.0,6.0,69.0,0.0,nfl_hist,larrycenters
145,Bill Schroede,GNB,WR,0.0,0.0,0.0,0.0,0.0,0.0,0.0,0.0,4.0,69.0,0.0,nfl_hist,billschroede
146,Darnay Scott,CIN,WR,0.0,0.0,0.0,0.0,0.0,0.0,0.0,0.0,5.0,67.0,2.0,nfl_hist,darnayscott
147,Rod Smith,DEN,WR,0.0,0.0,0.0,0.0,0.0,0.0,0.0,0.0,7.0,66.0,0.0,nfl_hist,rodsmith
148,Luther Broughton,PHI,TE,0.0,0.0,0.0,0.0,0.0,0.0,0.0,0.0,4.0,65.0,0.0,nfl_hist,lutherbroughton
149,Johnnie Morton,DET,WR,0.0,0.0,0.0,0.0,0.0,0.0,0.0,0.0,5.0,64.0,0.0,nfl_hist,johnniemorton
150,Scott Slutzke,NOR,TE,0.0,0.0,0.0,0.0,0.0,0.0,0.0,0.0,3.0,64.0,0.0,nfl_hist,scottslutzke
151,Tony Gonzalez,KAN,TE,0.0,0.0,0.0,0.0,0.0,0.0,0.0,0.0,8.0,62.0,0.0,nfl_hist,tonygonzalez
152,Marvin Harrison,IND,WR,0.0,0.0,0.0,0.0,0.0,0.0,0.0,0.0,5.0,60.0,1.0,nfl_hist,marvinharrison
153,Torrance Small,PHI,WR,0.0,0.0,0.0,0.0,0.0,0.0,0.0,0.0,6.0,59.0,0.0,nfl_hist,torrancesmall
154,Andre Hastings,NOR,WR,0.0,0.0,0.0,0.0,0.0,0.0,0.0,0.0,5.0,58.0,0.0,nfl_hist,andrehastings
155,Kevin Johnson,CLE,WR,0.0,0.0,0.0,0.0,0.0,0.0,0.0,0.0,5.0,55.0,0.0,nfl_hist,kevinjohnson
156,Carl Pickens,CIN,WR,0.0,0.0,0.0,0.0,0.0,0.0,0.0,0.0,2.0,54.0,1.0,nfl_hist,carlpickens
157,David Patten,NYG,WR,0.0,0.0,0.0,0.0,0.0,0.0,0.0,0.0,3.0,51.0,0.0,nfl_hist,davidpatten
158,Willie Jackson,CIN,WR,0.0,0.0,0.0,0.0,0.0,0.0,0.0,0.0,4.0,47.0,0.0,nfl_hist,williejackson
159,Tim Brown,OAK,WR,0.0,0.0,0.0,0.0,0.0,0.0,0.0,0.0,3.0,46.0,0.0,nfl_hist,timbrown
160,Chris Sanders,TEN,WR,0.0,0.0,0.0,0.0,0.0,0.0,0.0,0.0,1.0,46.0,0.0,nfl_hist,chrissanders
161,Tony Martin,MIA,WR,0.0,0.0,0.0,0.0,0.0,0.0,0.0,0.0,4.0,44.0,0.0,nfl_hist,tonymartin
162,Keith Poole,NOR,WR,0.0,0.0,0.0,0.0,0.0,0.0,0.0,0.0,3.0,44.0,0.0,nfl_hist,keithpoole
163,Chris Penn,SDG,WR,0.0,0.0,0.0,0.0,0.0,0.0,0.0,0.0,1.0,43.0,0.0,nfl_hist,chrispenn
164,Andre Rison,KAN,SE,0.0,0.0,0.0,0.0,0.0,0.0,0.0,0.0,4.0,42.0,0.0,nfl_hist,andrerison
165,Will Blackwell,PIT,WR,0.0,0.0,0.0,0.0,0.0,0.0,0.0,0.0,4.0,41.0,0.0,nfl_hist,willblackwell
166,Jay Riemersma,BUF,TE,0.0,0.0,0.0,0.0,0.0,0.0,0.0,0.0,2.0,41.0,0.0,nfl_hist,jayriemersma
167,Jon Ritchie,OAK,RB,0.0,0.0,0.0,0.0,0.0,0.0,0.0,0.0,4.0,41.0,1.0,nfl_hist,jonritchie
168,Terry Glenn,NWE,WR,0.0,0.0,0.0,0.0,0.0,0.0,0.0,0.0,3.0,39.0,0.0,nfl_hist,terryglenn
169,Wesley Walls,CAR,TE,0.0,0.0,0.0,0.0,0.0,0.0,0.0,0.0,4.0,39.0,1.0,nfl_hist,wesleywalls
170,Bobby Shaw,PIT,WR,0.0,0.0,0.0,0.0,0.0,0.0,0.0,0.0,3.0,38.0,0.0,nfl_hist,bobbyshaw
171,Wayne Chrebet,NYJ,WR,0.0,0.0,0.0,0.0,0.0,0.0,0.0,0.0,3.0,37.0,0.0,nfl_hist,waynechrebet
172,Oronde Gadsden,MIA,WR,0.0,0.0,0.0,0.0,0.0,0.0,0.0,0.0,4.0,36.0,2.0,nfl_hist,orondegadsden
173,Freddie Jones,SDG,TE,0.0,0.0,0.0,0.0,0.0,0.0,0.0,0.0,4.0,36.0,0.0,nfl_hist,freddiejones
174,Patrick Jeffers,CAR,WR,0.0,0.0,0.0,0.0,0.0,0.0,0.0,0.0,3.0,34.0,0.0,nfl_hist,patrickjeffers
175,Andre Reed,BUF,WR,0.0,0.0,0.0,0.0,0.0,0.0,0.0,0.0,4.0,34.0,0.0,nfl_hist,andrereed
176,Winslow Olive,ATL,RB,0.0,0.0,0.0,0.0,0.0,0.0,0.0,0.0,4.0,33.0,0.0,nfl_hist,winslowolive
177,Charles Evans,BAL,FB,0.0,0.0,0.0,0.0,0.0,0.0,0.0,0.0,3.0,32.0,0.0,nfl_hist,charlesevans
178,Az-Zahir Hakim,STL,WR,0.0,0.0,0.0,0.0,0.0,0.0,0.0,0.0,2.0,32.0,0.0,nfl_hist,azzahirhakim
179,Reggie Barlow,JAX,WR,0.0,0.0,0.0,0.0,0.0,0.0,0.0,0.0,2.0,30.0,0.0,nfl_hist,reggiebarlow
180,Kyle Brady,JAX,TE,0.0,0.0,0.0,0.0,0.0,0.0,0.0,0.0,1.0,30.0,0.0,nfl_hist,kylebrady
181,Bert Emanuel,TAM,WR,0.0,0.0,0.0,0.0,0.0,0.0,0.0,0.0,3.0,30.0,0.0,nfl_hist,bertemanuel
182,James Jenkins,WAS,TE,0.0,0.0,0.0,0.0,0.0,0.0,0.0,0.0,1.0,30.0,0.0,nfl_hist,jamesjenkins
183,Pete Mitchell,NYG,TE,0.0,0.0,0.0,0.0,0.0,0.0,0.0,0.0,3.0,30.0,0.0,nfl_hist,petemitchell
184,David Sloan,DET,TE,0.0,0.0,0.0,0.0,0.0,0.0,0.0,0.0,4.0,30.0,0.0,nfl_hist,davidsloan
185,Kevin Williams,BUF,WR,0.0,0.0,0.0,0.0,0.0,0.0,0.0,0.0,2.0,30.0,0.0,nfl_hist,kevinwilliams
186,Jeremy Brigham,OAK,TE,0.0,0.0,0.0,0.0,0.0,0.0,0.0,0.0,1.0,29.0,0.0,nfl_hist,jeremybrigham
187,Ben Coates,NWE,TE,0.0,0.0,0.0,0.0,0.0,0.0,0.0,0.0,2.0,27.0,0.0,nfl_hist,bencoates
188,Kevin Dyson,TEN,WR,0.0,0.0,0.0,0.0,0.0,0.0,0.0,0.0,2.0,27.0,0.0,nfl_hist,kevindyson
189,Troy Brown,NWE,WR,0.0,0.0,0.0,0.0,0.0,0.0,0.0,0.0,3.0,26.0,0.0,nfl_hist,troybrown
190,Reggie Davis,SDG,TE,0.0,0.0,0.0,0.0,0.0,0.0,0.0,0.0,6.0,26.0,1.0,nfl_hist,reggiedavis
191,Qadry Ismail,BAL,WR,0.0,0.0,0.0,0.0,0.0,0.0,0.0,0.0,3.0,26.0,0.0,nfl_hist,qadryismail
192,Ernie Mills,DAL,WR,0.0,0.0,0.0,0.0,0.0,0.0,0.0,0.0,3.0,26.0,0.0,nfl_hist,erniemills
193,Irv Smith,CLE,TE,0.0,0.0,0.0,0.0,0.0,0.0,0.0,0.0,2.0,26.0,0.0,nfl_hist,irvsmith
194,Troy Drayton,MIA,TE,0.0,0.0,0.0,0.0,0.0,0.0,0.0,0.0,4.0,25.0,0.0,nfl_hist,troydrayton
195,Joey Kent,TEN,WR,0.0,0.0,0.0,0.0,0.0,0.0,0.0,0.0,1.0,25.0,0.0,nfl_hist,joeykent
196,Marcus Pollard,IND,TE,0.0,0.0,0.0,0.0,0.0,0.0,0.0,0.0,2.0,25.0,0.0,nfl_hist,marcuspollard
197,James Thrash,WAS,WR,0.0,0.0,0.0,0.0,0.0,0.0,0.0,0.0,1.0,25.0,0.0,nfl_hist,jamesthrash
198,Frank Wycheck,TEN,TE,0.0,0.0,0.0,0.0,0.0,0.0,0.0,0.0,5.0,25.0,0.0,nfl_hist,frankwycheck
199,Curtis Conway,CHI,WR,0.0,0.0,0.0,0.0,0.0,0.0,0.0,0.0,4.0,24.0,0.0,nfl_hist,curtisconway
200,Troy Edwards,PIT,WR,0.0,0.0,0.0,0.0,0.0,0.0,0.0,0.0,2.0,24.0,1.0,nfl_hist,troyedwards
201,Greg DeLong,BAL,WR,0.0,0.0,0.0,0.0,0.0,0.0,0.0,0.0,4.0,23.0,1.0,nfl_hist,gregdelong
202,Jerry Rice,SFO,WR,0.0,0.0,0.0,0.0,0.0,0.0,0.0,0.0,3.0,23.0,0.0,nfl_hist,jerryrice
203,Greg Clark,SFO,TE,0.0,0.0,0.0,0.0,0.0,0.0,0.0,0.0,2.0,22.0,0.0,nfl_hist,gregclark
204,Mark Campbell,CLE,TE,0.0,0.0,0.0,0.0,0.0,0.0,0.0,0.0,1.0,21.0,0.0,nfl_hist,markcampbell
205,Rob Moore,ARI,WR,0.0,0.0,0.0,0.0,0.0,0.0,0.0,0.0,1.0,21.0,1.0,nfl_hist,robmoore
206,Christian Fauria,SEA,TE,0.0,0.0,0.0,0.0,0.0,0.0,0.0,0.0,2.0,20.0,0.0,nfl_hist,christianfauria
207,Damon Jones,JAX,TE,0.0,0.0,0.0,0.0,0.0,0.0,0.0,0.0,2.0,20.0,1.0,nfl_hist,damonjones
208,Hines Ward,PIT,WR,0.0,0.0,0.0,0.0,0.0,0.0,0.0,0.0,3.0,20.0,0.0,nfl_hist,hinesward
209,Keenan McCardell,JAX,WR,0.0,0.0,0.0,0.0,0.0,0.0,0.0,0.0,2.0,19.0,0.0,nfl_hist,keenanmccardell
210,Mikhael Ricks,SDG,WR,0.0,0.0,0.0,0.0,0.0,0.0,0.0,0.0,2.0,19.0,0.0,nfl_hist,mikhaelricks
211,Joey Galloway,SEA,WR,0.0,0.0,0.0,0.0,0.0,0.0,0.0,0.0,1.0,18.0,0.0,nfl_hist,joeygalloway
212,Tony McGee,CIN,TE,0.0,0.0,0.0,0.0,0.0,0.0,0.0,0.0,2.0,18.0,0.0,nfl_hist,tonymcgee
213,Amani Toome,NYG,WR,0.0,0.0,0.0,0.0,0.0,0.0,0.0,0.0,1.0,18.0,0.0,nfl_hist,amanitoome
214,Frank Sanders,ARI,WR,0.0,0.0,0.0,0.0,0.0,0.0,0.0,0.0,3.0,17.0,0.0,nfl_hist,franksanders
215,Albert Connell,WAS,WR,0.0,0.0,0.0,0.0,0.0,0.0,0.0,0.0,1.0,16.0,0.0,nfl_hist,albertconnell
216,Jackie Harris,TEN,TE,0.0,0.0,0.0,0.0,0.0,0.0,0.0,0.0,3.0,16.0,0.0,nfl_hist,jackieharris
217,Chad Lewis,PHI,TE,0.0,0.0,0.0,0.0,0.0,0.0,0.0,0.0,2.0,16.0,1.0,nfl_hist,chadlewis
218,Karl Williams,TAM,WR,0.0,0.0,0.0,0.0,0.0,0.0,0.0,0.0,2.0,14.0,0.0,nfl_hist,karlwilliams
219,Lawrence Dawsey,NOR,WR,0.0,0.0,0.0,0.0,0.0,0.0,0.0,0.0,1.0,13.0,0.0,nfl_hist,lawrencedawsey
220,James Jett,OAK,WR,0.0,0.0,0.0,0.0,0.0,0.0,0.0,0.0,2.0,13.0,0.0,nfl_hist,jamesjett
221,Alonzo Mayes,CHI,TE,0.0,0.0,0.0,0.0,0.0,0.0,0.0,0.0,2.0,13.0,0.0,nfl_hist,alonzomayes
222,Fred McCrary,SDG,FB,0.0,0.0,0.0,0.0,0.0,0.0,0.0,0.0,2.0,13.0,0.0,nfl_hist,fredmccrary
223,Stanley Pritchett,MIA,FB,0.0,0.0,0.0,0.0,0.0,0.0,0.0,0.0,2.0,13.0,0.0,nfl_hist,stanleypritchett
224,Bobby Collins,BUF,TE,0.0,0.0,0.0,0.0,0.0,0.0,0.0,0.0,1.0,12.0,0.0,nfl_hist,bobbycollins
225,Courtney Hawkins,PIT,WR,0.0,0.0,0.0,0.0,0.0,0.0,0.0,0.0,2.0,12.0,0.0,nfl_hist,courtneyhawkins
226,Peerless Price,BUF,WR,0.0,0.0,0.0,0.0,0.0,0.0,0.0,0.0,3.0,12.0,1.0,nfl_hist,peerlessprice
227,Mike Pritchard,SEA,WR,0.0,0.0,0.0,0.0,0.0,0.0,0.0,0.0,1.0,12.0,0.0,nfl_hist,mikepritchard
228,Jeff Thomason,GNB,TE,0.0,0.0,0.0,0.0,0.0,0.0,0.0,0.0,1.0,12.0,0.0,nfl_hist,jeffthomason
229,Derrick Walke,OAK,WR,0.0,0.0,0.0,0.0,0.0,0.0,0.0,0.0,2.0,12.0,0.0,nfl_hist,derrickwalke
230,Byron Chamberlain,DEN,TE,0.0,0.0,0.0,0.0,0.0,0.0,0.0,0.0,1.0,11.0,0.0,nfl_hist,byronchamberlain
231,Joe Jurevicius,NYG,WR,0.0,0.0,0.0,0.0,0.0,0.0,0.0,0.0,1.0,11.0,0.0,nfl_hist,joejurevicius
232,David LaFleu,DAL,TE,0.0,0.0,0.0,0.0,0.0,0.0,0.0,0.0,1.0,11.0,1.0,nfl_hist,davidlafleu
233,Irving Frya,WAS,WR,0.0,0.0,0.0,0.0,0.0,0.0,0.0,0.0,3.0,10.0,0.0,nfl_hist,irvingfrya
234,Jammi German,ATL,WR,0.0,0.0,0.0,0.0,0.0,0.0,0.0,0.0,1.0,10.0,0.0,nfl_hist,jammigerman
235,Joe Horn,KAN,WR,0.0,0.0,0.0,0.0,0.0,0.0,0.0,0.0,2.0,10.0,0.0,nfl_hist,joehorn
236,Na Brown,PHI,WR,0.0,0.0,0.0,0.0,0.0,0.0,0.0,0.0,2.0,9.0,0.0,nfl_hist,nabrown
237,Terry Hardy,ARI,TE,0.0,0.0,0.0,0.0,0.0,0.0,0.0,0.0,1.0,9.0,0.0,nfl_hist,terryhardy
238,Joel Makovicka,ARI,FB,0.0,0.0,0.0,0.0,0.0,0.0,0.0,0.0,1.0,9.0,0.0,nfl_hist,joelmakovicka
239,Travis McGriff,DEN,WR,0.0,0.0,0.0,0.0,0.0,0.0,0.0,0.0,1.0,9.0,0.0,nfl_hist,travismcgriff
240,Terry Mickens,OAK,WR,0.0,0.0,0.0,0.0,0.0,0.0,0.0,0.0,1.0,9.0,0.0,nfl_hist,terrymickens
241,Isaac Jones,IND,WR,0.0,0.0,0.0,0.0,0.0,0.0,0.0,0.0,1.0,8.0,0.0,nfl_hist,isaacjones
242,Billy Mille,DEN,WR,0.0,0.0,0.0,0.0,0.0,0.0,0.0,0.0,1.0,8.0,0.0,nfl_hist,billymille
243,Robert Thomas,DAL,FB,0.0,0.0,0.0,0.0,0.0,0.0,0.0,0.0,2.0,8.0,0.0,nfl_hist,robertthomas
244,Eric Bjornson,DAL,TE,0.0,0.0,0.0,0.0,0.0,0.0,0.0,0.0,1.0,7.0,0.0,nfl_hist,ericbjornson
245,Vincent Brisby,NWE,WR,0.0,0.0,0.0,0.0,0.0,0.0,0.0,0.0,1.0,7.0,0.0,nfl_hist,vincentbrisby
246,Tyrone Davis,GNB,TE,0.0,0.0,0.0,0.0,0.0,0.0,0.0,0.0,1.0,7.0,0.0,nfl_hist,tyronedavis
247,Mitch Lyons,PIT,FB,0.0,0.0,0.0,0.0,0.0,0.0,0.0,0.0,1.0,7.0,0.0,nfl_hist,mitchlyons
248,J.J. Stokes,SFO,WR,0.0,0.0,0.0,0.0,0.0,0.0,0.0,0.0,1.0,7.0,0.0,nfl_hist,jjstokes
249,Jon Witman,PIT,FB,0.0,0.0,0.0,0.0,0.0,0.0,0.0,0.0,1.0,7.0,0.0,nfl_hist,jonwitman
250,John Davis,TAM,TE,0.0,0.0,0.0,0.0,0.0,0.0,0.0,0.0,1.0,6.0,0.0,nfl_hist,johndavis
251,Terance Mathis,ATL,WR,0.0,0.0,0.0,0.0,0.0,0.0,0.0,0.0,1.0,6.0,0.0,nfl_hist,terancemathis
252,Chris Thomas,STL,WR,0.0,0.0,0.0,0.0,0.0,0.0,0.0,0.0,1.0,6.0,0.0,nfl_hist,christhomas
253,Ryan Wetnight,CHI,TE,0.0,0.0,0.0,0.0,0.0,0.0,0.0,0.0,1.0,6.0,0.0,nfl_hist,ryanwetnight
254,O.J. McDuffie,MIA,WR,0.0,0.0,0.0,0.0,0.0,0.0,0.0,0.0,1.0,5.0,0.0,nfl_hist,ojmcduffie
255,Reggie Brown,SEA,FB,0.0,0.0,0.0,0.0,0.0,0.0,0.0,0.0,1.0,4.0,0.0,nfl_hist,reggiebrown
256,Marc Edwards,CLE,FB,0.0,0.0,0.0,0.0,0.0,0.0,0.0,0.0,2.0,4.0,0.0,nfl_hist,marcedwards
257,Aaron Pierce,BAL,TE,0.0,0.0,0.0,0.0,0.0,0.0,0.0,0.0,1.0,4.0,0.0,nfl_hist,aaronpierce
258,Paul Shields,IND,RB,0.0,0.0,0.0,0.0,0.0,0.0,0.0,0.0,1.0,4.0,0.0,nfl_hist,paulshields
259,Kevin Lockett,KAN,WR,0.0,0.0,0.0,0.0,0.0,0.0,0.0,0.0,1.0,3.0,0.0,nfl_hist,kevinlockett
260,Johnny McWilliams,ARI,TE,0.0,0.0,0.0,0.0,0.0,0.0,0.0,0.0,1.0,3.0,0.0,nfl_hist,johnnymcwilliams
261,A.J. Ofodile,BAL,TE,0.0,0.0,0.0,0.0,0.0,0.0,0.0,0.0,1.0,3.0,0.0,nfl_hist,ajofodile
262,Josh Wilcox,NOR,TE,0.0,0.0,0.0,0.0,0.0,0.0,0.0,0.0,1.0,3.0,0.0,nfl_hist,joshwilcox
263,Tony Carte,NWE,FB,0.0,0.0,0.0,0.0,0.0,0.0,0.0,0.0,1.0,2.0,0.0,nfl_hist,tonycarte
264,Brian Kinchen,CAR,TE,0.0,0.0,0.0,0.0,0.0,0.0,0.0,0.0,2.0,2.0,1.0,nfl_hist,briankinchen
265,Brian Mitchell,WAS,RB,0.0,0.0,0.0,0.0,0.0,0.0,0.0,0.0,1.0,2.0,0.0,nfl_hist,brianmitchell
266,Junior Seau,SDG,ILB,0.0,0.0,0.0,0.0,0.0,0.0,0.0,0.0,1.0,2.0,0.0,nfl_hist,juniorseau
267,Roland Williams,STL,TE,0.0,0.0,0.0,0.0,0.0,0.0,0.0,0.0,1.0,2.0,0.0,nfl_hist,rolandwilliams
268,Lorenzo Neal,TEN,FB,0.0,0.0,0.0,0.0,0.0,0.0,0.0,0.0,1.0,1.0,0.0,nfl_hist,lorenzoneal
269,Michael Westbrook,WAS,WR,0.0,0.0,0.0,0.0,0.0,0.0,0.0,0.0,1.0,1.0,0.0,nfl_hist,michaelwestbrook
270,Rob Konrad,MIA,FB,0.0,0.0,0.0,0.0,0.0,0.0,0.0,0.0,2.0,0.0,0.0,nfl_hist,robkonrad
271,Cecil Martin,PHI,FB,0.0,0.0,0.0,0.0,0.0,0.0,0.0,0.0,2.0,-2.0,0.0,nfl_hist,cecilmartin
272,Tremain Mack,CIN,DB,0.0,0.0,0.0,0.0,0.0,0.0,0.0,0.0,0.0,0.0,0.0,nfl_hist,tremainmack
273,Deion Sanders,DAL,RCB,0.0,0.0,0.0,0.0,0.0,0.0,0.0,0.0,0.0,0.0,0.0,nfl_hist,deionsanders
274,Craig Yeast,CIN,WR,0.0,0.0,0.0,0.0,0.0,0.0,0.0,0.0,0.0,0.0,0.0,nfl_hist,craigyeast
275,Chris Watson,DEN,CB,0.0,0.0,0.0,0.0,0.0,0.0,0.0,0.0,0.0,0.0,0.0,nfl_hist,chriswatson
276,Bashir Levingston,NYG,CB,0.0,0.0,0.0,0.0,0.0,0.0,0.0,0.0,0.0,0.0,0.0,nfl_hist,bashirlevingston
277,Allen Rossum,PHI,CB,0.0,0.0,0.0,0.0,0.0,0.0,0.0,0.0,0.0,0.0,0.0,nfl_hist,allenrossum
