,player,team,position,pass_yds,pass_tds,pass_int,pass_att,pass_comp,rush_att,rush_yds,rush_tds,rcv_rec,rcv_yds,rcv_tds,source,pname_merge
0,Kurt Warne,STL,QB,323.0,5.0,1.0,23.0,20.0,1.0,10.0,0.0,0.0,0.0,0.0,nfl_hist,kurtwarne
1,Peyton Manning,IND,QB,274.0,3.0,1.0,24.0,17.0,2.0,-13.0,0.0,0.0,0.0,0.0,nfl_hist,peytonmanning
2,Billy Joe Hobert,NOR,QB,153.0,1.0,0.0,14.0,9.0,0.0,0.0,0.0,0.0,0.0,0.0,nfl_hist,billyjoehobert
3,Doug Flutie,BUF,QB,261.0,3.0,0.0,32.0,21.0,7.0,39.0,0.0,0.0,0.0,0.0,nfl_hist,dougflutie
4,Dan Marino,MIA,QB,393.0,2.0,0.0,38.0,25.0,1.0,-1.0,0.0,0.0,0.0,0.0,nfl_hist,danmarino
5,Jake Plumme,ARI,QB,156.0,1.0,0.0,19.0,13.0,3.0,3.0,1.0,0.0,0.0,0.0,nfl_hist,jakeplumme
6,Shane Matthews,CHI,QB,184.0,2.0,0.0,28.0,19.0,1.0,6.0,0.0,0.0,0.0,0.0,nfl_hist,shanematthews
7,Brett Favre,GNB,QB,390.0,2.0,0.0,40.0,22.0,1.0,-1.0,0.0,0.0,0.0,0.0,nfl_hist,brettfavre
8,Kordell Stewart,PIT,QB,216.0,2.0,1.0,29.0,21.0,3.0,11.0,0.0,0.0,0.0,0.0,nfl_hist,kordellstewart
9,Tony Graziani,ATL,QB,162.0,1.0,0.0,20.0,11.0,2.0,14.0,0.0,0.0,0.0,0.0,nfl_hist,tonygraziani
10,Neil O'Donnell,TEN,QB,216.0,1.0,0.0,35.0,24.0,1.0,-1.0,0.0,0.0,0.0,0.0,nfl_hist,neilodonnell
11,Akili Smith,CIN,QB,221.0,2.0,0.0,42.0,25.0,3.0,9.0,0.0,0.0,0.0,0.0,nfl_hist,akilismith
12,Cade McNown,CHI,QB,97.0,0.0,0.0,14.0,9.0,2.0,17.0,0.0,0.0,0.0,0.0,nfl_hist,cademcnown
13,Brian Griese,DEN,QB,234.0,1.0,1.0,29.0,17.0,7.0,16.0,0.0,0.0,0.0,0.0,nfl_hist,briangriese
14,Mark Brunell,JAX,QB,215.0,0.0,0.0,35.0,21.0,2.0,6.0,0.0,0.0,0.0,0.0,nfl_hist,markbrunell
15,Elvis Grbac,KAN,QB,198.0,0.0,1.0,26.0,18.0,2.0,0.0,0.0,0.0,0.0,0.0,nfl_hist,elvisgrbac
16,Rich Gannon,OAK,QB,248.0,1.0,2.0,36.0,25.0,4.0,8.0,0.0,1.0,-3.0,0.0,nfl_hist,richgannon
17,Drew Bledsoe,NWE,QB,334.0,2.0,2.0,45.0,23.0,2.0,1.0,0.0,0.0,0.0,0.0,nfl_hist,drewbledsoe
18,Charlie Batch,DET,QB,230.0,1.0,1.0,38.0,21.0,5.0,20.0,0.0,0.0,0.0,0.0,nfl_hist,charliebatch
19,Kerry Collins,NYG,QB,202.0,0.0,1.0,38.0,24.0,4.0,23.0,0.0,0.0,0.0,0.0,nfl_hist,kerrycollins
20,Dave Brown,ARI,QB,41.0,0.0,0.0,8.0,4.0,0.0,0.0,0.0,0.0,0.0,0.0,nfl_hist,davebrown
21,Erik Krame,SDG,QB,208.0,0.0,1.0,34.0,20.0,1.0,-1.0,0.0,0.0,0.0,0.0,nfl_hist,erikkrame
22,Stoney Case,BAL,QB,207.0,0.0,0.0,37.0,15.0,3.0,2.0,0.0,0.0,0.0,0.0,nfl_hist,stoneycase
23,Tim Couch,CLE,QB,164.0,0.0,1.0,27.0,15.0,1.0,5.0,0.0,0.0,0.0,0.0,nfl_hist,timcouch
24,Randall Cunningham,MIN,QB,309.0,1.0,3.0,47.0,25.0,3.0,42.0,0.0,0.0,0.0,0.0,nfl_hist,randallcunningham
25,Billy Joe Tollive,NOR,QB,185.0,1.0,2.0,26.0,13.0,3.0,9.0,0.0,0.0,0.0,0.0,nfl_hist,billyjoetollive
26,Troy Aikman,DAL,QB,177.0,1.0,2.0,39.0,21.0,1.0,-1.0,0.0,0.0,0.0,0.0,nfl_hist,troyaikman
27,Doug Pederson,PHI,QB,145.0,1.0,1.0,29.0,11.0,4.0,-9.0,0.0,0.0,0.0,0.0,nfl_hist,dougpederson
28,Jeff Garcia,SFO,QB,233.0,0.0,3.0,36.0,22.0,1.0,5.0,0.0,0.0,0.0,0.0,nfl_hist,jeffgarcia
29,Trent Dilfe,TAM,QB,110.0,1.0,3.0,26.0,16.0,4.0,47.0,0.0,0.0,0.0,0.0,nfl_hist,trentdilfe
30,Rick Mire,NYJ,QB,164.0,0.0,2.0,38.0,19.0,2.0,14.0,0.0,0.0,0.0,0.0,nfl_hist,rickmire
31,Torrance Small,PHI,WR,0.0,0.0,0.0,1.0,0.0,0.0,0.0,0.0,3.0,48.0,0.0,nfl_hist,torrancesmall
32,Rod Smith,DEN,WR,0.0,0.0,0.0,1.0,0.0,0.0,0.0,0.0,7.0,79.0,1.0,nfl_hist,rodsmith
33,Corey Dillon,CIN,RB,0.0,0.0,0.0,0.0,0.0,28.0,168.0,0.0,1.0,1.0,0.0,nfl_hist,coreydillon
34,Emmitt Smith,DAL,RB,0.0,0.0,0.0,0.0,0.0,30.0,114.0,0.0,5.0,31.0,1.0,nfl_hist,emmittsmith
35,Duce Staley,PHI,RB,0.0,0.0,0.0,0.0,0.0,22.0,110.0,0.0,4.0,19.0,0.0,nfl_hist,ducestaley
36,Robert Smith,MIN,RB,0.0,0.0,0.0,0.0,0.0,12.0,107.0,0.0,1.0,-2.0,0.0,nfl_hist,robertsmith
37,Dorsey Levens,GNB,RB,0.0,0.0,0.0,0.0,0.0,22.0,99.0,0.0,5.0,57.0,0.0,nfl_hist,dorseylevens
38,James Stewart,JAX,RB,0.0,0.0,0.0,0.0,0.0,26.0,96.0,1.0,2.0,11.0,0.0,nfl_hist,jamesstewart
39,Mike Alstott,TAM,FB,0.0,0.0,0.0,0.0,0.0,14.0,87.0,1.0,2.0,16.0,0.0,nfl_hist,mikealstott
40,Edgerrin James,IND,RB,0.0,0.0,0.0,0.0,0.0,22.0,81.0,0.0,2.0,1.0,0.0,nfl_hist,edgerrinjames
41,Cecil Collins,MIA,RB,0.0,0.0,0.0,0.0,0.0,21.0,76.0,1.0,0.0,0.0,0.0,nfl_hist,cecilcollins
42,Gary Brown,NYG,RB,0.0,0.0,0.0,0.0,0.0,18.0,67.0,0.0,1.0,1.0,0.0,nfl_hist,garybrown
43,Curtis Enis,CHI,RB,0.0,0.0,0.0,0.0,0.0,27.0,66.0,0.0,3.0,32.0,0.0,nfl_hist,curtisenis
44,Olandis Gary,DEN,RB,0.0,0.0,0.0,0.0,0.0,20.0,64.0,0.0,1.0,10.0,0.0,nfl_hist,olandisgary
45,Curtis Martin,NYJ,RB,0.0,0.0,0.0,0.0,0.0,18.0,59.0,0.0,3.0,15.0,0.0,nfl_hist,curtismartin
46,Errict Rhett,BAL,RB,0.0,0.0,0.0,0.0,0.0,21.0,59.0,0.0,0.0,0.0,0.0,nfl_hist,errictrhett
47,Terry Kirby,CLE,RB,0.0,0.0,0.0,0.0,0.0,15.0,57.0,1.0,4.0,30.0,0.0,nfl_hist,terrykirby
48,Ken Oxendine,ATL,RB,0.0,0.0,0.0,0.0,0.0,20.0,57.0,0.0,2.0,4.0,0.0,nfl_hist,kenoxendine
49,Eddie George,TEN,RB,0.0,0.0,0.0,0.0,0.0,20.0,55.0,0.0,5.0,23.0,0.0,nfl_hist,eddiegeorge
50,Terry Allen,NWE,RB,0.0,0.0,0.0,0.0,0.0,11.0,53.0,0.0,3.0,39.0,0.0,nfl_hist,terryallen
51,Ricky Williams,NOR,RB,0.0,0.0,0.0,0.0,0.0,19.0,53.0,0.0,3.0,16.0,0.0,nfl_hist,rickywilliams
52,Donnell Bennett,KAN,RB,0.0,0.0,0.0,0.0,0.0,15.0,52.0,1.0,4.0,12.0,0.0,nfl_hist,donnellbennett
53,Charlie Garne,SFO,RB,0.0,0.0,0.0,0.0,0.0,13.0,52.0,0.0,5.0,57.0,0.0,nfl_hist,charliegarne
54,Robert Holcombe,STL,FB,0.0,0.0,0.0,0.0,0.0,6.0,47.0,0.0,2.0,15.0,0.0,nfl_hist,robertholcombe
55,Justin Watson,STL,RB,0.0,0.0,0.0,0.0,0.0,11.0,46.0,0.0,0.0,0.0,0.0,nfl_hist,justinwatson
56,Jonathan Linton,BUF,FB,0.0,0.0,0.0,0.0,0.0,15.0,45.0,0.0,1.0,15.0,0.0,nfl_hist,jonathanlinton
57,Bam Morris,KAN,RB,0.0,0.0,0.0,0.0,0.0,15.0,45.0,0.0,0.0,0.0,0.0,nfl_hist,bammorris
58,Warrick Dunn,TAM,RB,0.0,0.0,0.0,0.0,0.0,14.0,39.0,0.0,6.0,41.0,1.0,nfl_hist,warrickdunn
59,Michael Basnight,CIN,RB,0.0,0.0,0.0,0.0,0.0,5.0,38.0,0.0,0.0,0.0,0.0,nfl_hist,michaelbasnight
60,Kenny Bynum,SDG,RB,0.0,0.0,0.0,0.0,0.0,9.0,37.0,0.0,2.0,12.0,0.0,nfl_hist,kennybynum
61,Byron Hanspard,ATL,RB,0.0,0.0,0.0,0.0,0.0,10.0,32.0,0.0,0.0,0.0,0.0,nfl_hist,byronhanspard
62,Ron Rivers,DET,HB,0.0,0.0,0.0,0.0,0.0,13.0,30.0,0.0,9.0,63.0,0.0,nfl_hist,ronrivers
63,Tyrone Wheatley,OAK,RB,0.0,0.0,0.0,0.0,0.0,11.0,30.0,0.0,2.0,15.0,0.0,nfl_hist,tyronewheatley
64,Rashaan Shehee,KAN,HB,0.0,0.0,0.0,0.0,0.0,5.0,28.0,0.0,0.0,0.0,0.0,nfl_hist,rashaanshehee
65,Antowain Smith,BUF,RB,0.0,0.0,0.0,0.0,0.0,11.0,27.0,0.0,0.0,0.0,0.0,nfl_hist,antowainsmith
66,Jerome Bettis,PIT,RB,0.0,0.0,0.0,0.0,0.0,13.0,24.0,1.0,2.0,10.0,0.0,nfl_hist,jeromebettis
67,Terrell Fletche,SDG,FB,0.0,0.0,0.0,0.0,0.0,11.0,24.0,0.0,3.0,51.0,0.0,nfl_hist,terrellfletche
68,Michael Pittman,ARI,RB,0.0,0.0,0.0,0.0,0.0,8.0,20.0,0.0,1.0,21.0,0.0,nfl_hist,michaelpittman
69,Leroy Hoard,MIN,RB,0.0,0.0,0.0,0.0,0.0,5.0,17.0,0.0,1.0,29.0,0.0,nfl_hist,leroyhoard
70,Rocket Ismail,DAL,WR,0.0,0.0,0.0,0.0,0.0,1.0,17.0,0.0,7.0,88.0,0.0,nfl_hist,rocketismail
71,Richard Huntley,PIT,RB,0.0,0.0,0.0,0.0,0.0,5.0,16.0,0.0,3.0,32.0,0.0,nfl_hist,richardhuntley
72,Bernie Parmalee,NYJ,RB,0.0,0.0,0.0,0.0,0.0,4.0,16.0,0.0,1.0,8.0,0.0,nfl_hist,bernieparmalee
73,Edgar Bennett,CHI,FB,0.0,0.0,0.0,0.0,0.0,1.0,15.0,0.0,1.0,7.0,0.0,nfl_hist,edgarbennett
74,Tony Richardson,KAN,FB,0.0,0.0,0.0,0.0,0.0,5.0,15.0,0.0,0.0,0.0,0.0,nfl_hist,tonyrichardson
75,Tavian Banks,JAX,RB,0.0,0.0,0.0,0.0,0.0,3.0,14.0,0.0,3.0,26.0,0.0,nfl_hist,tavianbanks
76,George Jones,CLE,RB,0.0,0.0,0.0,0.0,0.0,6.0,14.0,0.0,0.0,0.0,0.0,nfl_hist,georgejones
77,Zack Crockett,OAK,RB,0.0,0.0,0.0,0.0,0.0,6.0,11.0,0.0,4.0,22.0,0.0,nfl_hist,zackcrockett
78,Charles Way,NYG,FB,0.0,0.0,0.0,0.0,0.0,5.0,10.0,0.0,3.0,17.0,0.0,nfl_hist,charlesway
79,Chris Howard,JAX,RB,0.0,0.0,0.0,0.0,0.0,3.0,9.0,0.0,0.0,0.0,0.0,nfl_hist,chrishoward
80,Lawrence Phillips,SFO,RB,0.0,0.0,0.0,0.0,0.0,4.0,9.0,1.0,2.0,11.0,0.0,nfl_hist,lawrencephillips
81,Lamar Smith,NOR,RB,0.0,0.0,0.0,0.0,0.0,2.0,9.0,0.0,2.0,9.0,0.0,nfl_hist,lamarsmith
82,Adrian Murrell,ARI,RB,0.0,0.0,0.0,0.0,0.0,14.0,8.0,0.0,1.0,7.0,0.0,nfl_hist,adrianmurrell
83,Tiki Barbe,NYG,RB,0.0,0.0,0.0,0.0,0.0,1.0,7.0,0.0,4.0,23.0,0.0,nfl_hist,tikibarbe
84,Charles Evans,BAL,FB,0.0,0.0,0.0,0.0,0.0,2.0,7.0,0.0,2.0,10.0,0.0,nfl_hist,charlesevans
85,Marshall Faulk,STL,RB,0.0,0.0,0.0,0.0,0.0,7.0,6.0,0.0,4.0,38.0,0.0,nfl_hist,marshallfaulk
86,J.J. Johnson,MIA,RB,0.0,0.0,0.0,0.0,0.0,3.0,6.0,0.0,0.0,0.0,0.0,nfl_hist,jjjohnson
87,Napoleon Kaufman,OAK,RB,0.0,0.0,0.0,0.0,0.0,3.0,6.0,0.0,1.0,17.0,0.0,nfl_hist,napoleonkaufman
88,Lamont Warren,NWE,RB,0.0,0.0,0.0,0.0,0.0,2.0,5.0,0.0,2.0,25.0,0.0,nfl_hist,lamontwarren
89,Fred Beasley,SFO,FB,0.0,0.0,0.0,0.0,0.0,2.0,4.0,0.0,1.0,9.0,0.0,nfl_hist,fredbeasley
90,James Bostic,PHI,RB,0.0,0.0,0.0,0.0,0.0,1.0,4.0,0.0,0.0,0.0,0.0,nfl_hist,jamesbostic
91,Phil Dawson,CLE,K,0.0,0.0,0.0,0.0,0.0,1.0,4.0,1.0,0.0,0.0,0.0,nfl_hist,phildawson
92,Tremayne Stephens,SDG,RB,0.0,0.0,0.0,0.0,0.0,3.0,4.0,1.0,0.0,0.0,0.0,nfl_hist,tremaynestephens
93,Kevin Faulk,NWE,RB,0.0,0.0,0.0,0.0,0.0,3.0,2.0,0.0,0.0,0.0,0.0,nfl_hist,kevinfaulk
94,James Hodgins,STL,RB,0.0,0.0,0.0,0.0,0.0,1.0,2.0,0.0,1.0,10.0,0.0,nfl_hist,jameshodgins
95,Jerry Rice,SFO,WR,0.0,0.0,0.0,0.0,0.0,1.0,2.0,0.0,4.0,42.0,0.0,nfl_hist,jerryrice
96,Jon Witman,PIT,FB,0.0,0.0,0.0,0.0,0.0,1.0,2.0,0.0,0.0,0.0,0.0,nfl_hist,jonwitman
97,James Allen,CHI,RB,0.0,0.0,0.0,0.0,0.0,1.0,1.0,0.0,0.0,0.0,0.0,nfl_hist,jamesallen
98,Bob Christian,ATL,FB,0.0,0.0,0.0,0.0,0.0,1.0,1.0,1.0,1.0,4.0,0.0,nfl_hist,bobchristian
99,Chris Floyd,NWE,FB,0.0,0.0,0.0,0.0,0.0,1.0,1.0,0.0,1.0,5.0,0.0,nfl_hist,chrisfloyd
100,Anthony Lynn,DEN,FB,0.0,0.0,0.0,0.0,0.0,1.0,1.0,0.0,0.0,0.0,0.0,nfl_hist,anthonylynn
101,Lorenzo Neal,TEN,FB,0.0,0.0,0.0,0.0,0.0,1.0,1.0,1.0,1.0,8.0,0.0,nfl_hist,lorenzoneal
102,Stanley Pritchett,MIA,FB,0.0,0.0,0.0,0.0,0.0,1.0,1.0,0.0,2.0,18.0,0.0,nfl_hist,stanleypritchett
103,Rodney Thomas,TEN,RB,0.0,0.0,0.0,0.0,0.0,2.0,1.0,0.0,0.0,0.0,0.0,nfl_hist,rodneythomas
104,Mario Bates,ARI,RB,0.0,0.0,0.0,0.0,0.0,1.0,0.0,0.0,0.0,0.0,0.0,nfl_hist,mariobates
105,Rob Konrad,MIA,FB,0.0,0.0,0.0,0.0,0.0,1.0,0.0,0.0,4.0,33.0,0.0,nfl_hist,robkonrad
106,Joel Makovicka,ARI,FB,0.0,0.0,0.0,0.0,0.0,1.0,0.0,0.0,0.0,0.0,0.0,nfl_hist,joelmakovicka
107,Paul Justin,STL,QB,0.0,0.0,0.0,0.0,0.0,2.0,-2.0,0.0,0.0,0.0,0.0,nfl_hist,pauljustin
108,Greg Hill,DET,RB,0.0,0.0,0.0,0.0,0.0,3.0,-3.0,0.0,0.0,0.0,0.0,nfl_hist,greghill
109,Glyn Milburn,CHI,RB,0.0,0.0,0.0,0.0,0.0,1.0,-4.0,0.0,2.0,15.0,0.0,nfl_hist,glynmilburn
110,Sedrick Irvin,DET,RB,0.0,0.0,0.0,0.0,0.0,1.0,-5.0,0.0,0.0,0.0,0.0,nfl_hist,sedrickirvin
111,Cory Schlesinge,DET,FB,0.0,0.0,0.0,0.0,0.0,2.0,-5.0,0.0,0.0,0.0,0.0,nfl_hist,coryschlesinge
112,Hines Ward,PIT,WR,0.0,0.0,0.0,0.0,0.0,1.0,-5.0,0.0,6.0,67.0,1.0,nfl_hist,hinesward
113,Tony Martin,MIA,WR,0.0,0.0,0.0,0.0,0.0,1.0,-6.0,0.0,10.0,166.0,1.0,nfl_hist,tonymartin
114,Bill Schroede,GNB,WR,0.0,0.0,0.0,0.0,0.0,0.0,0.0,0.0,7.0,158.0,0.0,nfl_hist,billschroede
115,Antonio Freeman,GNB,WR,0.0,0.0,0.0,0.0,0.0,0.0,0.0,0.0,7.0,152.0,2.0,nfl_hist,antoniofreeman
116,Eddie Kennison,NOR,WR,0.0,0.0,0.0,0.0,0.0,0.0,0.0,0.0,4.0,138.0,1.0,nfl_hist,eddiekennison
117,Isaac Bruce,STL,WR,0.0,0.0,0.0,0.0,0.0,0.0,0.0,0.0,5.0,134.0,4.0,nfl_hist,isaacbruce
118,Oronde Gadsden,MIA,WR,0.0,0.0,0.0,0.0,0.0,0.0,0.0,0.0,4.0,123.0,1.0,nfl_hist,orondegadsden
119,Randy Moss,MIN,WR,0.0,0.0,0.0,0.0,0.0,0.0,0.0,0.0,8.0,122.0,0.0,nfl_hist,randymoss
120,Eric Moulds,BUF,WR,0.0,0.0,0.0,0.0,0.0,0.0,0.0,0.0,6.0,122.0,1.0,nfl_hist,ericmoulds
121,Darnay Scott,CIN,WR,0.0,0.0,0.0,0.0,0.0,0.0,0.0,0.0,8.0,110.0,0.0,nfl_hist,darnayscott
122,Tony Simmons,NWE,WR,0.0,0.0,0.0,0.0,0.0,0.0,0.0,0.0,7.0,107.0,0.0,nfl_hist,tonysimmons
123,David Boston,ARI,WR,0.0,0.0,0.0,0.0,0.0,0.0,0.0,0.0,8.0,101.0,1.0,nfl_hist,davidboston
124,Germane Crowell,DET,ZR,0.0,0.0,0.0,0.0,0.0,0.0,0.0,0.0,6.0,99.0,1.0,nfl_hist,germanecrowell
125,Yancey Thigpen,TEN,WR,0.0,0.0,0.0,0.0,0.0,0.0,0.0,0.0,5.0,99.0,1.0,nfl_hist,yanceythigpen
126,Keyshawn Johnson,NYJ,WR,0.0,0.0,0.0,0.0,0.0,0.0,0.0,0.0,8.0,94.0,0.0,nfl_hist,keyshawnjohnson
127,Terry Glenn,NWE,WR,0.0,0.0,0.0,0.0,0.0,0.0,0.0,0.0,5.0,92.0,1.0,nfl_hist,terryglenn
128,Marvin Harrison,IND,WR,0.0,0.0,0.0,0.0,0.0,0.0,0.0,0.0,3.0,91.0,1.0,nfl_hist,marvinharrison
129,Marcus Robinson,CHI,WR,0.0,0.0,0.0,0.0,0.0,0.0,0.0,0.0,8.0,90.0,1.0,nfl_hist,marcusrobinson
130,Ed McCaffrey,DEN,WR,0.0,0.0,0.0,0.0,0.0,0.0,0.0,0.0,5.0,88.0,0.0,nfl_hist,edmccaffrey
131,Terrence Wilkins,IND,WR,0.0,0.0,0.0,0.0,0.0,0.0,0.0,0.0,4.0,81.0,0.0,nfl_hist,terrencewilkins
132,Chris Penn,SDG,WR,0.0,0.0,0.0,0.0,0.0,0.0,0.0,0.0,7.0,79.0,0.0,nfl_hist,chrispenn
133,Ike Hilliard,NYG,WR,0.0,0.0,0.0,0.0,0.0,0.0,0.0,0.0,5.0,78.0,0.0,nfl_hist,ikehilliard
134,Joe Horn,KAN,WR,0.0,0.0,0.0,0.0,0.0,0.0,0.0,0.0,4.0,75.0,0.0,nfl_hist,joehorn
135,Kevin Johnson,CLE,WR,0.0,0.0,0.0,0.0,0.0,0.0,0.0,0.0,5.0,73.0,0.0,nfl_hist,kevinjohnson
136,Cam Cleeland,NOR,TE,0.0,0.0,0.0,0.0,0.0,0.0,0.0,0.0,5.0,69.0,0.0,nfl_hist,camcleeland
137,Johnnie Morton,DET,XR,0.0,0.0,0.0,0.0,0.0,0.0,0.0,0.0,6.0,68.0,0.0,nfl_hist,johnniemorton
138,Andre Reed,BUF,WR,0.0,0.0,0.0,0.0,0.0,0.0,0.0,0.0,6.0,68.0,0.0,nfl_hist,andrereed
139,Torry Holt,STL,WR,0.0,0.0,0.0,0.0,0.0,0.0,0.0,0.0,3.0,67.0,0.0,nfl_hist,torryholt
140,Terance Mathis,ATL,WR,0.0,0.0,0.0,0.0,0.0,0.0,0.0,0.0,5.0,67.0,1.0,nfl_hist,terancemathis
141,Charles Johnson,PHI,WR,0.0,0.0,0.0,0.0,0.0,0.0,0.0,0.0,2.0,64.0,1.0,nfl_hist,charlesjohnson
142,Marcus Pollard,IND,TE,0.0,0.0,0.0,0.0,0.0,0.0,0.0,0.0,4.0,64.0,2.0,nfl_hist,marcuspollard
143,Cris Carte,MIN,WR,0.0,0.0,0.0,0.0,0.0,0.0,0.0,0.0,5.0,62.0,0.0,nfl_hist,criscarte
144,Jammi German,ATL,WR,0.0,0.0,0.0,0.0,0.0,0.0,0.0,0.0,1.0,62.0,0.0,nfl_hist,jammigerman
145,Curtis Conway,CHI,WR,0.0,0.0,0.0,0.0,0.0,0.0,0.0,0.0,5.0,60.0,1.0,nfl_hist,curtisconway
146,Keenan McCardell,JAX,WR,0.0,0.0,0.0,0.0,0.0,0.0,0.0,0.0,4.0,60.0,0.0,nfl_hist,keenanmccardell
147,Terrell Owens,SFO,WR,0.0,0.0,0.0,0.0,0.0,0.0,0.0,0.0,6.0,60.0,0.0,nfl_hist,terrellowens
148,Jermaine Lewis,BAL,WR,0.0,0.0,0.0,0.0,0.0,0.0,0.0,0.0,4.0,58.0,0.0,nfl_hist,jermainelewis
149,Patrick Johnson,BAL,WR,0.0,0.0,0.0,0.0,0.0,0.0,0.0,0.0,4.0,57.0,0.0,nfl_hist,patrickjohnson
150,J.J. Stokes,SFO,WR,0.0,0.0,0.0,0.0,0.0,0.0,0.0,0.0,4.0,54.0,0.0,nfl_hist,jjstokes
151,Tim Brown,OAK,WR,0.0,0.0,0.0,0.0,0.0,0.0,0.0,0.0,6.0,51.0,0.0,nfl_hist,timbrown
152,Troy Edwards,PIT,WR,0.0,0.0,0.0,0.0,0.0,0.0,0.0,0.0,4.0,50.0,1.0,nfl_hist,troyedwards
153,Keith Poole,NOR,WR,0.0,0.0,0.0,0.0,0.0,0.0,0.0,0.0,3.0,50.0,0.0,nfl_hist,keithpoole
154,Andrew Glove,MIN,WR,0.0,0.0,0.0,0.0,0.0,0.0,0.0,0.0,5.0,48.0,0.0,nfl_hist,andrewglove
155,Qadry Ismail,BAL,WR,0.0,0.0,0.0,0.0,0.0,0.0,0.0,0.0,3.0,47.0,0.0,nfl_hist,qadryismail
156,Jon Ritchie,OAK,FB,0.0,0.0,0.0,0.0,0.0,0.0,0.0,0.0,4.0,47.0,0.0,nfl_hist,jonritchie
157,Kyle Brady,JAX,TE,0.0,0.0,0.0,0.0,0.0,0.0,0.0,0.0,5.0,42.0,0.0,nfl_hist,kylebrady
158,O.J. McDuffie,MIA,WR,0.0,0.0,0.0,0.0,0.0,0.0,0.0,0.0,4.0,42.0,0.0,nfl_hist,ojmcduffie
159,Byron Chamberlain,DEN,TE,0.0,0.0,0.0,0.0,0.0,0.0,0.0,0.0,3.0,40.0,0.0,nfl_hist,byronchamberlain
160,Tony Gonzalez,KAN,TE,0.0,0.0,0.0,0.0,0.0,0.0,0.0,0.0,3.0,40.0,0.0,nfl_hist,tonygonzalez
161,Kevin Lockett,KAN,WR,0.0,0.0,0.0,0.0,0.0,0.0,0.0,0.0,4.0,40.0,0.0,nfl_hist,kevinlockett
162,Bryan Still,SDG,WR,0.0,0.0,0.0,0.0,0.0,0.0,0.0,0.0,2.0,40.0,0.0,nfl_hist,bryanstill
163,Carl Pickens,CIN,WR,0.0,0.0,0.0,0.0,0.0,0.0,0.0,0.0,7.0,38.0,2.0,nfl_hist,carlpickens
164,Brett Bech,NOR,WR,0.0,0.0,0.0,0.0,0.0,0.0,0.0,0.0,2.0,37.0,1.0,nfl_hist,brettbech
165,Frank Sanders,ARI,WR,0.0,0.0,0.0,0.0,0.0,0.0,0.0,0.0,5.0,37.0,0.0,nfl_hist,franksanders
166,Justin Armou,BAL,WR,0.0,0.0,0.0,0.0,0.0,0.0,0.0,0.0,2.0,35.0,0.0,nfl_hist,justinarmou
167,Shawn Jefferson,NWE,WR,0.0,0.0,0.0,0.0,0.0,0.0,0.0,0.0,2.0,35.0,1.0,nfl_hist,shawnjefferson
168,Jay Riemersma,BUF,TE,0.0,0.0,0.0,0.0,0.0,0.0,0.0,0.0,4.0,35.0,1.0,nfl_hist,jayriemersma
169,Kevin Dyson,TEN,WR,0.0,0.0,0.0,0.0,0.0,0.0,0.0,0.0,4.0,34.0,0.0,nfl_hist,kevindyson
170,Amani Toome,NYG,WR,0.0,0.0,0.0,0.0,0.0,0.0,0.0,0.0,5.0,34.0,0.0,nfl_hist,amanitoome
171,Tony McGee,CIN,TE,0.0,0.0,0.0,0.0,0.0,0.0,0.0,0.0,3.0,33.0,0.0,nfl_hist,tonymcgee
172,Reggie Barlow,JAX,WR/K,0.0,0.0,0.0,0.0,0.0,0.0,0.0,0.0,1.0,31.0,0.0,nfl_hist,reggiebarlow
173,Terry Hardy,ARI,TE,0.0,0.0,0.0,0.0,0.0,0.0,0.0,0.0,2.0,31.0,0.0,nfl_hist,terryhardy
174,Mitch Lyons,PIT,TE,0.0,0.0,0.0,0.0,0.0,0.0,0.0,0.0,2.0,31.0,0.0,nfl_hist,mitchlyons
175,Jeff Robinson,STL,TE,0.0,0.0,0.0,0.0,0.0,0.0,0.0,0.0,2.0,31.0,1.0,nfl_hist,jeffrobinson
176,Pete Mitchell,NYG,TE,0.0,0.0,0.0,0.0,0.0,0.0,0.0,0.0,4.0,30.0,0.0,nfl_hist,petemitchell
177,Marc Edwards,CLE,FB,0.0,0.0,0.0,0.0,0.0,0.0,0.0,0.0,2.0,29.0,0.0,nfl_hist,marcedwards
178,Ryan Wetnight,CHI,TE,0.0,0.0,0.0,0.0,0.0,0.0,0.0,0.0,2.0,26.0,0.0,nfl_hist,ryanwetnight
179,Derrick Alexande,KAN,FL,0.0,0.0,0.0,0.0,0.0,0.0,0.0,0.0,2.0,25.0,0.0,nfl_hist,derrickalexande
180,Rickey Dudley,OAK,TE,0.0,0.0,0.0,0.0,0.0,0.0,0.0,0.0,2.0,25.0,0.0,nfl_hist,rickeydudley
181,Clif Groce,CIN,FB,0.0,0.0,0.0,0.0,0.0,0.0,0.0,0.0,3.0,25.0,0.0,nfl_hist,clifgroce
182,Reidel Anthony,TAM,WR,0.0,0.0,0.0,0.0,0.0,0.0,0.0,0.0,3.0,23.0,0.0,nfl_hist,reidelanthony
183,Jake Reed,MIN,WR,0.0,0.0,0.0,0.0,0.0,0.0,0.0,0.0,1.0,23.0,0.0,nfl_hist,jakereed
184,Isaac Byrd,TEN,WR,0.0,0.0,0.0,0.0,0.0,0.0,0.0,0.0,3.0,22.0,0.0,nfl_hist,isaacbyrd
185,Ken Dilge,IND,TE,0.0,0.0,0.0,0.0,0.0,0.0,0.0,0.0,2.0,22.0,0.0,nfl_hist,kendilge
186,Az-Zahir Hakim,STL,WR,0.0,0.0,0.0,0.0,0.0,0.0,0.0,0.0,2.0,22.0,0.0,nfl_hist,azzahirhakim
187,Matthew Hatchette,MIN,WR,0.0,0.0,0.0,0.0,0.0,0.0,0.0,0.0,1.0,22.0,0.0,nfl_hist,matthewhatchette
188,David LaFleu,DAL,TE,0.0,0.0,0.0,0.0,0.0,0.0,0.0,0.0,3.0,22.0,0.0,nfl_hist,davidlafleu
189,Terry Mickens,OAK,WR,0.0,0.0,0.0,0.0,0.0,0.0,0.0,0.0,2.0,22.0,0.0,nfl_hist,terrymickens
190,Leslie Shepherd,CLE,WR,0.0,0.0,0.0,0.0,0.0,0.0,0.0,0.0,3.0,22.0,0.0,nfl_hist,leslieshepherd
191,Jimmy Smith,JAX,WR,0.0,0.0,0.0,0.0,0.0,0.0,0.0,0.0,3.0,21.0,0.0,nfl_hist,jimmysmith
192,Derrick Walke,OAK,TE,0.0,0.0,0.0,0.0,0.0,0.0,0.0,0.0,1.0,21.0,1.0,nfl_hist,derrickwalke
193,Corey Bradford,GNB,WR,0.0,0.0,0.0,0.0,0.0,0.0,0.0,0.0,1.0,19.0,0.0,nfl_hist,coreybradford
194,James Jett,OAK,WR,0.0,0.0,0.0,0.0,0.0,0.0,0.0,0.0,1.0,19.0,0.0,nfl_hist,jamesjett
195,Frank Wycheck,TEN,TE,0.0,0.0,0.0,0.0,0.0,0.0,0.0,0.0,4.0,19.0,0.0,nfl_hist,frankwycheck
196,Ben Coates,NWE,TE,0.0,0.0,0.0,0.0,0.0,0.0,0.0,0.0,1.0,18.0,0.0,nfl_hist,bencoates
197,Chris Walsh,MIN,WR,0.0,0.0,0.0,0.0,0.0,0.0,0.0,0.0,1.0,18.0,1.0,nfl_hist,chriswalsh
198,Quinn Early,NYJ,WR,0.0,0.0,0.0,0.0,0.0,0.0,0.0,0.0,1.0,17.0,0.0,nfl_hist,quinnearly
199,Bobby Engram,CHI,WR,0.0,0.0,0.0,0.0,0.0,0.0,0.0,0.0,3.0,17.0,0.0,nfl_hist,bobbyengram
200,Howard Griffith,DEN,FB,0.0,0.0,0.0,0.0,0.0,0.0,0.0,0.0,1.0,17.0,0.0,nfl_hist,howardgriffith
201,Fred McCrary,SDG,FB,0.0,0.0,0.0,0.0,0.0,0.0,0.0,0.0,4.0,17.0,0.0,nfl_hist,fredmccrary
202,John Allred,CHI,TE,0.0,0.0,0.0,0.0,0.0,0.0,0.0,0.0,2.0,16.0,0.0,nfl_hist,johnallred
203,Reggie Kelly,ATL,TE,0.0,0.0,0.0,0.0,0.0,0.0,0.0,0.0,1.0,16.0,0.0,nfl_hist,reggiekelly
204,Ernie Mills,DAL,WR,0.0,0.0,0.0,0.0,0.0,0.0,0.0,0.0,2.0,16.0,0.0,nfl_hist,erniemills
205,Dedric Ward,NYJ,WR,0.0,0.0,0.0,0.0,0.0,0.0,0.0,0.0,2.0,16.0,0.0,nfl_hist,dedricward
206,Richie Anderson,NYJ,FB,0.0,0.0,0.0,0.0,0.0,0.0,0.0,0.0,4.0,14.0,0.0,nfl_hist,richieanderson
207,Sam Gash,BUF,FB,0.0,0.0,0.0,0.0,0.0,0.0,0.0,0.0,3.0,14.0,1.0,nfl_hist,samgash
208,Daimon Shelton,JAX,FB,0.0,0.0,0.0,0.0,0.0,0.0,0.0,0.0,2.0,14.0,0.0,nfl_hist,daimonshelton
209,Scott Slutzke,NOR,TE,0.0,0.0,0.0,0.0,0.0,0.0,0.0,0.0,2.0,14.0,0.0,nfl_hist,scottslutzke
210,Jeremy Brigham,OAK,WR,0.0,0.0,0.0,0.0,0.0,0.0,0.0,0.0,1.0,12.0,0.0,nfl_hist,jeremybrigham
211,Jacquez Green,TAM,WR,0.0,0.0,0.0,0.0,0.0,0.0,0.0,0.0,1.0,12.0,0.0,nfl_hist,jacquezgreen
212,Alonzo Mayes,CHI,TE,0.0,0.0,0.0,0.0,0.0,0.0,0.0,0.0,1.0,12.0,0.0,nfl_hist,alonzomayes
213,Jerome Pathon,IND,WR,0.0,0.0,0.0,0.0,0.0,0.0,0.0,0.0,1.0,12.0,0.0,nfl_hist,jeromepathon
214,Luther Broughton,PHI,TE,0.0,0.0,0.0,0.0,0.0,0.0,0.0,0.0,1.0,11.0,0.0,nfl_hist,lutherbroughton
215,Troy Drayton,MIA,TE,0.0,0.0,0.0,0.0,0.0,0.0,0.0,0.0,1.0,11.0,0.0,nfl_hist,troydrayton
216,Courtney Hawkins,PIT,WR,0.0,0.0,0.0,0.0,0.0,0.0,0.0,0.0,2.0,11.0,0.0,nfl_hist,courtneyhawkins
217,Will Blackwell,PIT,WR,0.0,0.0,0.0,0.0,0.0,0.0,0.0,0.0,1.0,10.0,0.0,nfl_hist,willblackwell
218,Darrin Chiaverini,CLE,WR,0.0,0.0,0.0,0.0,0.0,0.0,0.0,0.0,1.0,10.0,0.0,nfl_hist,darrinchiaverini
219,Damon Griffin,CIN,WR,0.0,0.0,0.0,0.0,0.0,0.0,0.0,0.0,2.0,10.0,0.0,nfl_hist,damongriffin
220,Damon Jones,JAX,WR,0.0,0.0,0.0,0.0,0.0,0.0,0.0,0.0,1.0,10.0,0.0,nfl_hist,damonjones
221,David Patten,NYG,WR,0.0,0.0,0.0,0.0,0.0,0.0,0.0,0.0,1.0,10.0,0.0,nfl_hist,davidpatten
222,Chris Calloway,ATL,WR,0.0,0.0,0.0,0.0,0.0,0.0,0.0,0.0,1.0,9.0,0.0,nfl_hist,chriscalloway
223,Howard Cross,NYG,TE,0.0,0.0,0.0,0.0,0.0,0.0,0.0,0.0,1.0,9.0,0.0,nfl_hist,howardcross
224,Freddie Jones,SDG,TE,0.0,0.0,0.0,0.0,0.0,0.0,0.0,0.0,2.0,9.0,0.0,nfl_hist,freddiejones
225,Bert Emanuel,TAM,WR,0.0,0.0,0.0,0.0,0.0,0.0,0.0,0.0,2.0,8.0,0.0,nfl_hist,bertemanuel
226,Michael Irvin,DAL,WR,0.0,0.0,0.0,0.0,0.0,0.0,0.0,0.0,1.0,8.0,0.0,nfl_hist,michaelirvin
227,Rod Rutledge,NWE,TE,0.0,0.0,0.0,0.0,0.0,0.0,0.0,0.0,1.0,8.0,0.0,nfl_hist,rodrutledge
228,Sheldon Jackson,BUF,TE,0.0,0.0,0.0,0.0,0.0,0.0,0.0,0.0,1.0,7.0,0.0,nfl_hist,sheldonjackson
229,Michael Roan,TEN,TE,0.0,0.0,0.0,0.0,0.0,0.0,0.0,0.0,1.0,7.0,0.0,nfl_hist,michaelroan
230,Karl Williams,TAM,WR,0.0,0.0,0.0,0.0,0.0,0.0,0.0,0.0,1.0,7.0,0.0,nfl_hist,karlwilliams
231,Macey Brooks,CHI,WR,0.0,0.0,0.0,0.0,0.0,0.0,0.0,0.0,1.0,6.0,0.0,nfl_hist,maceybrooks
232,Ricky Proehl,STL,WR,0.0,0.0,0.0,0.0,0.0,0.0,0.0,0.0,1.0,6.0,0.0,nfl_hist,rickyproehl
233,Andre Rison,KAN,SE,0.0,0.0,0.0,0.0,0.0,0.0,0.0,0.0,1.0,6.0,0.0,nfl_hist,andrerison
234,Jason Tucke,DAL,WR,0.0,0.0,0.0,0.0,0.0,0.0,0.0,0.0,1.0,6.0,0.0,nfl_hist,jasontucke
235,Chris Warren,DAL,RB,0.0,0.0,0.0,0.0,0.0,0.0,0.0,0.0,2.0,6.0,0.0,nfl_hist,chriswarren
236,Mark Bruene,PIT,TE,0.0,0.0,0.0,0.0,0.0,0.0,0.0,0.0,1.0,5.0,0.0,nfl_hist,markbruene
237,Tony Carte,NWE,FB,0.0,0.0,0.0,0.0,0.0,0.0,0.0,0.0,1.0,5.0,0.0,nfl_hist,tonycarte
238,Andre Hastings,NOR,WR,0.0,0.0,0.0,0.0,0.0,0.0,0.0,0.0,1.0,5.0,0.0,nfl_hist,andrehastings
239,Steve Bush,CIN,TE,0.0,0.0,0.0,0.0,0.0,0.0,0.0,0.0,1.0,4.0,0.0,nfl_hist,stevebush
240,William Henderson,GNB,FB,0.0,0.0,0.0,0.0,0.0,0.0,0.0,0.0,2.0,4.0,0.0,nfl_hist,williamhenderson
241,Derrick Mason,TEN,WR,0.0,0.0,0.0,0.0,0.0,0.0,0.0,0.0,1.0,4.0,0.0,nfl_hist,derrickmason
242,Dave Moore,TAM,TE,0.0,0.0,0.0,0.0,0.0,0.0,0.0,0.0,1.0,3.0,0.0,nfl_hist,davemoore
243,Paul Shields,IND,RB,0.0,0.0,0.0,0.0,0.0,0.0,0.0,0.0,1.0,3.0,0.0,nfl_hist,paulshields
244,Jed Weave,PHI,TE,0.0,0.0,0.0,0.0,0.0,0.0,0.0,0.0,1.0,3.0,0.0,nfl_hist,jedweave
245,Jim Kleinsasse,MIN,FB,0.0,0.0,0.0,0.0,0.0,0.0,0.0,0.0,2.0,-13.0,0.0,nfl_hist,jimkleinsasse
246,Tremain Mack,CIN,CB,0.0,0.0,0.0,0.0,0.0,0.0,0.0,0.0,0.0,0.0,0.0,nfl_hist,tremainmack
247,Terry Fai,DET,RCB,0.0,0.0,0.0,0.0,0.0,0.0,0.0,0.0,0.0,0.0,0.0,nfl_hist,terryfai
248,Robert Farme,NYJ,RB,0.0,0.0,0.0,0.0,0.0,0.0,0.0,0.0,0.0,0.0,0.0,nfl_hist,robertfarme
249,Mac Cody,ARI,WR,0.0,0.0,0.0,0.0,0.0,0.0,0.0,0.0,0.0,0.0,0.0,nfl_hist,maccody
250,Jermaine Smith,GNB,DT,0.0,0.0,0.0,0.0,0.0,0.0,0.0,0.0,0.0,0.0,0.0,nfl_hist,jermainesmith
251,Brock Marion,MIA,FS,0.0,0.0,0.0,0.0,0.0,0.0,0.0,0.0,0.0,0.0,0.0,nfl_hist,brockmarion
