,player,team,position,pass_yds,pass_tds,pass_int,pass_att,pass_comp,rush_att,rush_yds,rush_tds,rcv_rec,rcv_yds,rcv_tds,source,pname_merge
0,Rodney Peete,WAS,QB,99.0,2.0,0.0,9.0,6.0,0.0,0.0,0.0,0.0,0.0,0.0,nfl_hist,rodneypeete
1,Steve McNai,TEN,QB,107.0,1.0,0.0,11.0,9.0,2.0,14.0,0.0,0.0,0.0,0.0,nfl_hist,stevemcnai
2,Jeff Garcia,SFO,QB,373.0,2.0,0.0,34.0,26.0,6.0,36.0,1.0,0.0,0.0,0.0,nfl_hist,jeffgarcia
3,Rob Johnson,BUF,QB,287.0,2.0,0.0,32.0,24.0,7.0,36.0,0.0,0.0,0.0,0.0,nfl_hist,robjohnson
4,Troy Aikman,DAL,QB,288.0,2.0,0.0,32.0,23.0,3.0,-2.0,0.0,0.0,0.0,0.0,nfl_hist,troyaikman
5,Steve Beuerlein,CAR,QB,322.0,5.0,0.0,41.0,22.0,1.0,4.0,0.0,0.0,0.0,0.0,nfl_hist,stevebeuerlein
6,Shaun King,TAM,QB,178.0,1.0,0.0,24.0,18.0,2.0,-1.0,0.0,0.0,0.0,0.0,nfl_hist,shaunking
7,Moses Moreno,SDG,QB,78.0,0.0,0.0,7.0,5.0,0.0,0.0,0.0,0.0,0.0,0.0,nfl_hist,mosesmoreno
8,Chris Chandle,ATL,QB,306.0,3.0,0.0,37.0,19.0,2.0,2.0,0.0,0.0,0.0,0.0,nfl_hist,chrischandle
9,Jay Fiedle,JAX,QB,317.0,1.0,0.0,39.0,28.0,2.0,-2.0,0.0,0.0,0.0,0.0,nfl_hist,jayfiedle
10,Charlie Batch,DET,QB,161.0,1.0,0.0,24.0,17.0,0.0,0.0,0.0,0.0,0.0,0.0,nfl_hist,charliebatch
11,Brett Favre,GNB,QB,311.0,2.0,1.0,34.0,21.0,1.0,20.0,0.0,0.0,0.0,0.0,nfl_hist,brettfavre
12,Elvis Grbac,KAN,QB,243.0,3.0,0.0,39.0,20.0,0.0,0.0,0.0,0.0,0.0,0.0,nfl_hist,elvisgrbac
13,Neil O'Donnell,TEN,QB,109.0,2.0,1.0,12.0,6.0,2.0,-1.0,0.0,0.0,0.0,0.0,nfl_hist,neilodonnell
14,Mike Tomczak,PIT,QB,309.0,2.0,1.0,39.0,21.0,2.0,-1.0,0.0,0.0,0.0,0.0,nfl_hist,miketomczak
15,Gus Frerotte,DET,QB,180.0,1.0,1.0,22.0,14.0,0.0,0.0,0.0,0.0,0.0,0.0,nfl_hist,gusfrerotte
16,Brad Johnson,WAS,QB,75.0,0.0,0.0,11.0,7.0,0.0,0.0,0.0,0.0,0.0,0.0,nfl_hist,bradjohnson
17,Kerry Collins,NYG,QB,316.0,1.0,1.0,47.0,30.0,1.0,0.0,0.0,0.0,0.0,0.0,nfl_hist,kerrycollins
18,Rich Gannon,OAK,QB,324.0,3.0,2.0,47.0,25.0,0.0,0.0,0.0,0.0,0.0,0.0,nfl_hist,richgannon
19,Jeff George,MIN,QB,275.0,1.0,2.0,24.0,14.0,1.0,-1.0,0.0,0.0,0.0,0.0,nfl_hist,jeffgeorge
20,Peyton Manning,IND,QB,163.0,0.0,0.0,29.0,18.0,0.0,0.0,0.0,0.0,0.0,0.0,nfl_hist,peytonmanning
21,Damon Huard,MIA,QB,162.0,1.0,1.0,29.0,18.0,2.0,22.0,0.0,0.0,0.0,0.0,nfl_hist,damonhuard
22,Jake Plumme,ARI,QB,396.0,2.0,3.0,57.0,35.0,2.0,3.0,0.0,0.0,0.0,0.0,nfl_hist,jakeplumme
23,Tony Banks,BAL,QB,163.0,0.0,1.0,26.0,18.0,2.0,7.0,0.0,0.0,0.0,0.0,nfl_hist,tonybanks
24,Donovan McNabb,PHI,QB,179.0,3.0,2.0,32.0,15.0,5.0,7.0,0.0,0.0,0.0,0.0,nfl_hist,donovanmcnabb
25,Drew Bledsoe,NWE,QB,108.0,1.0,1.0,25.0,15.0,3.0,0.0,0.0,0.0,0.0,0.0,nfl_hist,drewbledsoe
26,Joe Germaine,STL,QB,136.0,1.0,2.0,16.0,9.0,1.0,2.0,0.0,0.0,0.0,0.0,nfl_hist,joegermaine
27,Brian Griese,DEN,QB,211.0,0.0,0.0,46.0,23.0,2.0,4.0,0.0,0.0,0.0,0.0,nfl_hist,briangriese
28,Kurt Warne,STL,QB,141.0,2.0,2.0,24.0,12.0,0.0,0.0,0.0,0.0,0.0,0.0,nfl_hist,kurtwarne
29,Ray Lucas,NYJ,QB,211.0,0.0,2.0,26.0,15.0,4.0,12.0,0.0,0.0,0.0,0.0,nfl_hist,raylucas
30,Cade McNown,CHI,QB,196.0,0.0,1.0,42.0,20.0,5.0,29.0,0.0,0.0,0.0,0.0,nfl_hist,cademcnown
31,Stoney Case,BAL,QB,88.0,0.0,1.0,14.0,8.0,1.0,5.0,0.0,0.0,0.0,0.0,nfl_hist,stoneycase
32,Jon Kitna,SEA,QB,237.0,0.0,2.0,45.0,21.0,1.0,-1.0,0.0,0.0,0.0,0.0,nfl_hist,jonkitna
33,Dan Marino,MIA,QB,118.0,0.0,1.0,24.0,11.0,0.0,0.0,0.0,0.0,0.0,0.0,nfl_hist,danmarino
34,Jim Harbaugh,SDG,QB,115.0,0.0,2.0,19.0,12.0,1.0,5.0,0.0,0.0,0.0,0.0,nfl_hist,jimharbaugh
35,Jake Delhomme,NOR,QB,243.0,1.0,4.0,49.0,26.0,8.0,78.0,1.0,0.0,0.0,0.0,nfl_hist,jakedelhomme
36,Troy Brown,NWE,WR,0.0,0.0,0.0,1.0,0.0,0.0,0.0,0.0,5.0,19.0,0.0,nfl_hist,troybrown
37,Deion Sanders,DAL,RCB,0.0,0.0,0.0,1.0,0.0,0.0,0.0,0.0,0.0,0.0,0.0,nfl_hist,deionsanders
38,Jeff Blake,CIN,QB,141.0,0.0,2.0,23.0,13.0,3.0,3.0,0.0,0.0,0.0,0.0,nfl_hist,jeffblake
39,Steve Walsh,IND,QB,19.0,0.0,1.0,8.0,3.0,0.0,0.0,0.0,0.0,0.0,0.0,nfl_hist,stevewalsh
40,Jermaine Fazande,SDG,RB,0.0,0.0,0.0,0.0,0.0,30.0,183.0,1.0,0.0,0.0,0.0,nfl_hist,jermainefazande
41,Curtis Martin,NYJ,RB,0.0,0.0,0.0,0.0,0.0,34.0,158.0,1.0,3.0,45.0,0.0,nfl_hist,curtismartin
42,Dorsey Levens,GNB,RB,0.0,0.0,0.0,0.0,0.0,24.0,146.0,4.0,3.0,23.0,0.0,nfl_hist,dorseylevens
43,Emmitt Smith,DAL,RB,0.0,0.0,0.0,0.0,0.0,22.0,122.0,0.0,2.0,19.0,0.0,nfl_hist,emmittsmith
44,Robert Smith,MIN,RB,0.0,0.0,0.0,0.0,0.0,22.0,97.0,1.0,1.0,13.0,0.0,nfl_hist,robertsmith
45,Priest Holmes,BAL,RB,0.0,0.0,0.0,0.0,0.0,16.0,95.0,0.0,6.0,43.0,0.0,nfl_hist,priestholmes
46,Rodney Thomas,TEN,RB,0.0,0.0,0.0,0.0,0.0,21.0,95.0,1.0,0.0,0.0,0.0,nfl_hist,rodneythomas
47,Michael Basnight,CIN,RB,0.0,0.0,0.0,0.0,0.0,10.0,86.0,0.0,3.0,58.0,0.0,nfl_hist,michaelbasnight
48,Robert Holcombe,STL,FB,0.0,0.0,0.0,0.0,0.0,15.0,86.0,0.0,2.0,20.0,0.0,nfl_hist,robertholcombe
49,Tyrone Wheatley,OAK,RB,0.0,0.0,0.0,0.0,0.0,17.0,86.0,1.0,3.0,34.0,1.0,nfl_hist,tyronewheatley
50,Fred Taylo,JAX,RB,0.0,0.0,0.0,0.0,0.0,22.0,85.0,2.0,1.0,-1.0,0.0,nfl_hist,fredtaylo
51,Donnell Bennett,KAN,RB,0.0,0.0,0.0,0.0,0.0,20.0,84.0,0.0,1.0,0.0,0.0,nfl_hist,donnellbennett
52,Autry Denson,MIA,RB,0.0,0.0,0.0,0.0,0.0,21.0,80.0,0.0,3.0,26.0,0.0,nfl_hist,autrydenson
53,Warrick Dunn,TAM,RB,0.0,0.0,0.0,0.0,0.0,16.0,80.0,0.0,1.0,3.0,0.0,nfl_hist,warrickdunn
54,Marshall Faulk,STL,RB,0.0,0.0,0.0,0.0,0.0,6.0,79.0,1.0,3.0,27.0,1.0,nfl_hist,marshallfaulk
55,Richard Huntley,PIT,RB,0.0,0.0,0.0,0.0,0.0,11.0,78.0,1.0,1.0,11.0,0.0,nfl_hist,richardhuntley
56,Tony Richardson,KAN,FB,0.0,0.0,0.0,0.0,0.0,8.0,70.0,0.0,2.0,9.0,0.0,nfl_hist,tonyrichardson
57,Mike Alstott,TAM,FB,0.0,0.0,0.0,0.0,0.0,22.0,64.0,1.0,4.0,19.0,0.0,nfl_hist,mikealstott
58,Mario Bates,ARI,RB,0.0,0.0,0.0,0.0,0.0,17.0,64.0,1.0,3.0,35.0,0.0,nfl_hist,mariobates
59,Jerome Bettis,PIT,RB,0.0,0.0,0.0,0.0,0.0,15.0,61.0,1.0,0.0,0.0,0.0,nfl_hist,jeromebettis
60,Jonathan Linton,BUF,FB,0.0,0.0,0.0,0.0,0.0,18.0,60.0,1.0,1.0,12.0,0.0,nfl_hist,jonathanlinton
61,Skip Hicks,WAS,RB,0.0,0.0,0.0,0.0,0.0,22.0,53.0,1.0,1.0,-1.0,0.0,nfl_hist,skiphicks
62,Edgerrin James,IND,RB,0.0,0.0,0.0,0.0,0.0,18.0,50.0,0.0,4.0,33.0,0.0,nfl_hist,edgerrinjames
63,Duce Staley,PHI,RB,0.0,0.0,0.0,0.0,0.0,18.0,44.0,0.0,2.0,14.0,1.0,nfl_hist,ducestaley
64,James Allen,CHI,RB,0.0,0.0,0.0,0.0,0.0,12.0,43.0,0.0,3.0,26.0,0.0,nfl_hist,jamesallen
65,Travis Jervey,SFO,RB,0.0,0.0,0.0,0.0,0.0,4.0,43.0,1.0,1.0,2.0,0.0,nfl_hist,travisjervey
66,James Stewart,JAX,RB,0.0,0.0,0.0,0.0,0.0,9.0,42.0,0.0,0.0,0.0,0.0,nfl_hist,jamesstewart
67,Leroy Hoard,MIN,RB,0.0,0.0,0.0,0.0,0.0,7.0,41.0,1.0,1.0,6.0,0.0,nfl_hist,leroyhoard
68,Olandis Gary,DEN,RB,0.0,0.0,0.0,0.0,0.0,18.0,38.0,0.0,3.0,11.0,0.0,nfl_hist,olandisgary
69,James Thrash,WAS,WR,0.0,0.0,0.0,0.0,0.0,1.0,37.0,0.0,1.0,17.0,0.0,nfl_hist,jamesthrash
70,Joe Montgomery,NYG,RB,0.0,0.0,0.0,0.0,0.0,12.0,36.0,1.0,0.0,0.0,0.0,nfl_hist,joemontgomery
71,Terry Jackson,SFO,FB,0.0,0.0,0.0,0.0,0.0,5.0,35.0,0.0,2.0,3.0,0.0,nfl_hist,terryjackson
72,Bam Morris,KAN,RB,0.0,0.0,0.0,0.0,0.0,9.0,34.0,0.0,1.0,9.0,0.0,nfl_hist,bammorris
73,Sean Bennett,NYG,RB,0.0,0.0,0.0,0.0,0.0,4.0,33.0,0.0,0.0,0.0,0.0,nfl_hist,seanbennett
74,Eddie George,TEN,RB,0.0,0.0,0.0,0.0,0.0,8.0,32.0,0.0,0.0,0.0,0.0,nfl_hist,eddiegeorge
75,Az-Zahir Hakim,STL,WR,0.0,0.0,0.0,0.0,0.0,1.0,31.0,0.0,2.0,16.0,0.0,nfl_hist,azzahirhakim
76,Antowain Smith,BUF,RB,0.0,0.0,0.0,0.0,0.0,3.0,31.0,1.0,0.0,0.0,0.0,nfl_hist,antowainsmith
77,Ricky Watters,SEA,RB,0.0,0.0,0.0,0.0,0.0,9.0,30.0,0.0,2.0,24.0,0.0,nfl_hist,rickywatters
78,Charlie Garne,SFO,RB,0.0,0.0,0.0,0.0,0.0,9.0,29.0,0.0,0.0,0.0,0.0,nfl_hist,charliegarne
79,Chris Warren,DAL,RB,0.0,0.0,0.0,0.0,0.0,3.0,28.0,0.0,3.0,18.0,0.0,nfl_hist,chriswarren
80,Byron Hanspard,ATL,RB,0.0,0.0,0.0,0.0,0.0,16.0,27.0,0.0,1.0,4.0,0.0,nfl_hist,byronhanspard
81,Terry Allen,NWE,RB,0.0,0.0,0.0,0.0,0.0,13.0,26.0,0.0,0.0,0.0,0.0,nfl_hist,terryallen
82,Tim Biakabutuka,CAR,RB,0.0,0.0,0.0,0.0,0.0,8.0,24.0,0.0,4.0,21.0,0.0,nfl_hist,timbiakabutuka
83,Patrick Jeffers,CAR,WR,0.0,0.0,0.0,0.0,0.0,1.0,23.0,0.0,7.0,165.0,2.0,nfl_hist,patrickjeffers
84,Sedrick Shaw,CIN,RB,0.0,0.0,0.0,0.0,0.0,4.0,20.0,1.0,1.0,-4.0,0.0,nfl_hist,sedrickshaw
85,Harold Shaw,NWE,FB,0.0,0.0,0.0,0.0,0.0,5.0,17.0,0.0,0.0,0.0,0.0,nfl_hist,haroldshaw
86,Fred Lane,CAR,RB,0.0,0.0,0.0,0.0,0.0,4.0,16.0,0.0,0.0,0.0,0.0,nfl_hist,fredlane
87,Brian Mitchell,WAS,RB,0.0,0.0,0.0,0.0,0.0,4.0,16.0,0.0,1.0,29.0,0.0,nfl_hist,brianmitchell
88,Napoleon Kaufman,OAK,RB,0.0,0.0,0.0,0.0,0.0,9.0,15.0,0.0,2.0,20.0,1.0,nfl_hist,napoleonkaufman
89,Stanley Pritchett,MIA,FB,0.0,0.0,0.0,0.0,0.0,2.0,15.0,0.0,3.0,32.0,0.0,nfl_hist,stanleypritchett
90,Keith Poole,NOR,WR,0.0,0.0,0.0,0.0,0.0,1.0,14.0,0.0,6.0,104.0,0.0,nfl_hist,keithpoole
91,Adrian Murrell,ARI,RB,0.0,0.0,0.0,0.0,0.0,5.0,13.0,0.0,5.0,37.0,0.0,nfl_hist,adrianmurrell
92,Charles Evans,BAL,FB,0.0,0.0,0.0,0.0,0.0,2.0,12.0,0.0,4.0,22.0,0.0,nfl_hist,charlesevans
93,Chris Howard,JAX,RB,0.0,0.0,0.0,0.0,0.0,3.0,10.0,0.0,0.0,0.0,0.0,nfl_hist,chrishoward
94,Basil Mitchell,GNB,RB,0.0,0.0,0.0,0.0,0.0,2.0,10.0,0.0,1.0,9.0,0.0,nfl_hist,basilmitchell
95,Cory Schlesinge,DET,FB,0.0,0.0,0.0,0.0,0.0,3.0,10.0,0.0,2.0,10.0,0.0,nfl_hist,coryschlesinge
96,Bob Christian,ATL,FB,0.0,0.0,0.0,0.0,0.0,3.0,8.0,0.0,1.0,7.0,0.0,nfl_hist,bobchristian
97,Ricky Williams,NOR,RB,0.0,0.0,0.0,0.0,0.0,14.0,7.0,0.0,5.0,5.0,0.0,nfl_hist,rickywilliams
98,Kenny Bynum,SDG,RB,0.0,0.0,0.0,0.0,0.0,2.0,6.0,0.0,1.0,5.0,0.0,nfl_hist,kennybynum
99,Ron Rivers,DET,HB,0.0,0.0,0.0,0.0,0.0,11.0,6.0,0.0,4.0,8.0,0.0,nfl_hist,ronrivers
100,Lamont Warren,NWE,RB,0.0,0.0,0.0,0.0,0.0,1.0,6.0,0.0,3.0,29.0,0.0,nfl_hist,lamontwarren
101,Zack Crockett,OAK,RB,0.0,0.0,0.0,0.0,0.0,4.0,5.0,0.0,2.0,21.0,1.0,nfl_hist,zackcrockett
102,Lennox Gordon,BUF,RB,0.0,0.0,0.0,0.0,0.0,3.0,5.0,0.0,0.0,0.0,0.0,nfl_hist,lennoxgordon
103,Bernie Parmalee,NYJ,RB,0.0,0.0,0.0,0.0,0.0,2.0,5.0,0.0,0.0,0.0,0.0,nfl_hist,bernieparmalee
104,Ahman Green,SEA,RB,0.0,0.0,0.0,0.0,0.0,1.0,4.0,0.0,0.0,0.0,0.0,nfl_hist,ahmangreen
105,Tiki Barbe,NYG,RB,0.0,0.0,0.0,0.0,0.0,1.0,3.0,0.0,13.0,100.0,0.0,nfl_hist,tikibarbe
106,Aaron Crave,NOR,RB,0.0,0.0,0.0,0.0,0.0,1.0,3.0,0.0,0.0,0.0,0.0,nfl_hist,aaroncrave
107,Wilmont Perry,NOR,RB,0.0,0.0,0.0,0.0,0.0,1.0,3.0,0.0,0.0,0.0,0.0,nfl_hist,wilmontperry
108,Justin Watson,STL,RB,0.0,0.0,0.0,0.0,0.0,3.0,3.0,0.0,0.0,0.0,0.0,nfl_hist,justinwatson
109,Richie Anderson,NYJ,FB,0.0,0.0,0.0,0.0,0.0,1.0,2.0,0.0,3.0,43.0,0.0,nfl_hist,richieanderson
110,Howard Griffith,DEN,FB,0.0,0.0,0.0,0.0,0.0,1.0,2.0,0.0,1.0,1.0,0.0,nfl_hist,howardgriffith
111,Rob Konrad,MIA,FB,0.0,0.0,0.0,0.0,0.0,1.0,2.0,0.0,10.0,68.0,0.0,nfl_hist,robkonrad
112,Larry Centers,WAS,FB,0.0,0.0,0.0,0.0,0.0,1.0,1.0,0.0,4.0,36.0,1.0,nfl_hist,larrycenters
113,Mike Cloud,KAN,RB,0.0,0.0,0.0,0.0,0.0,1.0,1.0,0.0,0.0,0.0,0.0,nfl_hist,mikecloud
114,Clif Groce,CIN,FB,0.0,0.0,0.0,0.0,0.0,1.0,1.0,0.0,1.0,14.0,0.0,nfl_hist,clifgroce
115,Robert Thomas,DAL,FB,0.0,0.0,0.0,0.0,0.0,1.0,1.0,0.0,0.0,0.0,0.0,nfl_hist,robertthomas
116,Reggie Brown,SEA,FB,0.0,0.0,0.0,0.0,0.0,1.0,0.0,0.0,5.0,30.0,0.0,nfl_hist,reggiebrown
117,Terrell Fletche,SDG,RB,0.0,0.0,0.0,0.0,0.0,1.0,0.0,0.0,1.0,7.0,0.0,nfl_hist,terrellfletche
118,Matt Hasselbeck,GNB,QB,0.0,0.0,0.0,0.0,0.0,1.0,0.0,0.0,0.0,0.0,0.0,nfl_hist,matthasselbeck
119,Derek Loville,DEN,RB,0.0,0.0,0.0,0.0,0.0,1.0,0.0,0.0,1.0,4.0,0.0,nfl_hist,derekloville
120,Josh Mille,PIT,P,0.0,0.0,0.0,0.0,0.0,1.0,0.0,0.0,0.0,0.0,0.0,nfl_hist,joshmille
121,Errict Rhett,BAL,RB,0.0,0.0,0.0,0.0,0.0,2.0,0.0,0.0,0.0,0.0,0.0,nfl_hist,errictrhett
122,Glyn Milburn,CHI,KR,0.0,0.0,0.0,0.0,0.0,1.0,-1.0,0.0,0.0,0.0,0.0,nfl_hist,glynmilburn
123,Casey Weldon,WAS,QB,0.0,0.0,0.0,0.0,0.0,2.0,-2.0,0.0,0.0,0.0,0.0,nfl_hist,caseyweldon
124,Keith Elias,IND,RB,0.0,0.0,0.0,0.0,0.0,1.0,-6.0,0.0,2.0,8.0,0.0,nfl_hist,keithelias
125,Jimmy Smith,JAX,WR,0.0,0.0,0.0,0.0,0.0,0.0,0.0,0.0,14.0,165.0,0.0,nfl_hist,jimmysmith
126,Tim Dwight,ATL,WR,0.0,0.0,0.0,0.0,0.0,0.0,0.0,0.0,7.0,162.0,2.0,nfl_hist,timdwight
127,Randy Moss,MIN,WR,0.0,0.0,0.0,0.0,0.0,0.0,0.0,0.0,5.0,155.0,1.0,nfl_hist,randymoss
128,Jerry Rice,SFO,WR,0.0,0.0,0.0,0.0,0.0,0.0,0.0,0.0,6.0,143.0,0.0,nfl_hist,jerryrice
129,Bobby Shaw,PIT,WR,0.0,0.0,0.0,0.0,0.0,0.0,0.0,0.0,7.0,131.0,1.0,nfl_hist,bobbyshaw
130,J.J. Stokes,SFO,WR,0.0,0.0,0.0,0.0,0.0,0.0,0.0,0.0,5.0,130.0,1.0,nfl_hist,jjstokes
131,Johnnie Morton,DET,XR,0.0,0.0,0.0,0.0,0.0,0.0,0.0,0.0,10.0,128.0,2.0,nfl_hist,johnniemorton
132,Tim Brown,OAK,WR,0.0,0.0,0.0,0.0,0.0,0.0,0.0,0.0,6.0,122.0,0.0,nfl_hist,timbrown
133,Torry Holt,STL,WR,0.0,0.0,0.0,0.0,0.0,0.0,0.0,0.0,5.0,122.0,2.0,nfl_hist,torryholt
134,Jason Tucke,DAL,WR,0.0,0.0,0.0,0.0,0.0,0.0,0.0,0.0,4.0,122.0,1.0,nfl_hist,jasontucke
135,Germane Crowell,DET,WR,0.0,0.0,0.0,0.0,0.0,0.0,0.0,0.0,8.0,120.0,0.0,nfl_hist,germanecrowell
136,Rob Moore,ARI,WR,0.0,0.0,0.0,0.0,0.0,0.0,0.0,0.0,6.0,120.0,0.0,nfl_hist,robmoore
137,Frank Sanders,ARI,WR,0.0,0.0,0.0,0.0,0.0,0.0,0.0,0.0,13.0,118.0,1.0,nfl_hist,franksanders
138,Oronde Gadsden,MIA,WR,0.0,0.0,0.0,0.0,0.0,0.0,0.0,0.0,9.0,114.0,1.0,nfl_hist,orondegadsden
139,Patrick Johnson,BAL,WR,0.0,0.0,0.0,0.0,0.0,0.0,0.0,0.0,9.0,114.0,0.0,nfl_hist,patrickjohnson
140,Jacquez Green,TAM,WR,0.0,0.0,0.0,0.0,0.0,0.0,0.0,0.0,10.0,113.0,0.0,nfl_hist,jacquezgreen
141,Eric Moulds,BUF,WR,0.0,0.0,0.0,0.0,0.0,0.0,0.0,0.0,8.0,110.0,0.0,nfl_hist,ericmoulds
142,Keenan McCardell,JAX,WR,0.0,0.0,0.0,0.0,0.0,0.0,0.0,0.0,9.0,108.0,1.0,nfl_hist,keenanmccardell
143,Rod Smith,DEN,WR,0.0,0.0,0.0,0.0,0.0,0.0,0.0,0.0,9.0,106.0,0.0,nfl_hist,rodsmith
144,Jeff Graham,SDG,WR,0.0,0.0,0.0,0.0,0.0,0.0,0.0,0.0,6.0,102.0,0.0,nfl_hist,jeffgraham
145,Torrance Small,PHI,WR,0.0,0.0,0.0,0.0,0.0,0.0,0.0,0.0,6.0,98.0,1.0,nfl_hist,torrancesmall
146,Bill Schroede,GNB,WR,0.0,0.0,0.0,0.0,0.0,0.0,0.0,0.0,6.0,93.0,2.0,nfl_hist,billschroede
147,Wayne Chrebet,NYJ,WR,0.0,0.0,0.0,0.0,0.0,0.0,0.0,0.0,5.0,88.0,0.0,nfl_hist,waynechrebet
148,Wesley Walls,CAR,TE,0.0,0.0,0.0,0.0,0.0,0.0,0.0,0.0,4.0,88.0,2.0,nfl_hist,wesleywalls
149,Joe Jurevicius,NYG,WR,0.0,0.0,0.0,0.0,0.0,0.0,0.0,0.0,3.0,86.0,0.0,nfl_hist,joejurevicius
150,Marcus Robinson,CHI,WR,0.0,0.0,0.0,0.0,0.0,0.0,0.0,0.0,7.0,84.0,0.0,nfl_hist,marcusrobinson
151,Frank Wycheck,TEN,TE,0.0,0.0,0.0,0.0,0.0,0.0,0.0,0.0,5.0,80.0,2.0,nfl_hist,frankwycheck
152,Kevin Lockett,KAN,WR,0.0,0.0,0.0,0.0,0.0,0.0,0.0,0.0,3.0,69.0,1.0,nfl_hist,kevinlockett
153,Terance Mathis,ATL,WR,0.0,0.0,0.0,0.0,0.0,0.0,0.0,0.0,5.0,69.0,1.0,nfl_hist,terancemathis
154,Hines Ward,PIT,WR,0.0,0.0,0.0,0.0,0.0,0.0,0.0,0.0,6.0,68.0,1.0,nfl_hist,hinesward
155,Sean Dawkins,SEA,WR,0.0,0.0,0.0,0.0,0.0,0.0,0.0,0.0,4.0,66.0,0.0,nfl_hist,seandawkins
156,Derrick Mayes,SEA,WR,0.0,0.0,0.0,0.0,0.0,0.0,0.0,0.0,5.0,64.0,0.0,nfl_hist,derrickmayes
157,Joe Horn,KAN,WR,0.0,0.0,0.0,0.0,0.0,0.0,0.0,0.0,4.0,62.0,1.0,nfl_hist,joehorn
158,Rocket Ismail,DAL,WR,0.0,0.0,0.0,0.0,0.0,0.0,0.0,0.0,7.0,62.0,1.0,nfl_hist,rocketismail
159,Ricky Proehl,STL,WR,0.0,0.0,0.0,0.0,0.0,0.0,0.0,0.0,5.0,61.0,0.0,nfl_hist,rickyproehl
160,Tony Gonzalez,KAN,TE,0.0,0.0,0.0,0.0,0.0,0.0,0.0,0.0,6.0,56.0,1.0,nfl_hist,tonygonzalez
161,Charles Jordan,GNB,WR,0.0,0.0,0.0,0.0,0.0,0.0,0.0,0.0,2.0,54.0,0.0,nfl_hist,charlesjordan
162,Ed McCaffrey,DEN,WR,0.0,0.0,0.0,0.0,0.0,0.0,0.0,0.0,6.0,54.0,0.0,nfl_hist,edmccaffrey
163,Kevin Williams,BUF,WR,0.0,0.0,0.0,0.0,0.0,0.0,0.0,0.0,2.0,53.0,0.0,nfl_hist,kevinwilliams
164,David Boston,ARI,WR,0.0,0.0,0.0,0.0,0.0,0.0,0.0,0.0,4.0,52.0,0.0,nfl_hist,davidboston
165,Cris Carte,MIN,WR,0.0,0.0,0.0,0.0,0.0,0.0,0.0,0.0,3.0,52.0,0.0,nfl_hist,criscarte
166,Ken Dilge,IND,TE,0.0,0.0,0.0,0.0,0.0,0.0,0.0,0.0,5.0,52.0,0.0,nfl_hist,kendilge
167,Rickey Dudley,OAK,TE,0.0,0.0,0.0,0.0,0.0,0.0,0.0,0.0,2.0,51.0,0.0,nfl_hist,rickeydudley
168,Marvin Harrison,IND,WR,0.0,0.0,0.0,0.0,0.0,0.0,0.0,0.0,4.0,51.0,0.0,nfl_hist,marvinharrison
169,Andre Hastings,NOR,WR,0.0,0.0,0.0,0.0,0.0,0.0,0.0,0.0,3.0,50.0,0.0,nfl_hist,andrehastings
170,Qadry Ismail,BAL,WR,0.0,0.0,0.0,0.0,0.0,0.0,0.0,0.0,5.0,50.0,0.0,nfl_hist,qadryismail
171,Jon Ritchie,OAK,RB,0.0,0.0,0.0,0.0,0.0,0.0,0.0,0.0,8.0,50.0,0.0,nfl_hist,jonritchie
172,Yancey Thigpen,TEN,WR,0.0,0.0,0.0,0.0,0.0,0.0,0.0,0.0,4.0,50.0,0.0,nfl_hist,yanceythigpen
173,Antonio Freeman,GNB,WR,0.0,0.0,0.0,0.0,0.0,0.0,0.0,0.0,1.0,46.0,0.0,nfl_hist,antoniofreeman
174,Muhsin Muhammad,CAR,WR,0.0,0.0,0.0,0.0,0.0,0.0,0.0,0.0,6.0,45.0,1.0,nfl_hist,muhsinmuhammad
175,Eddie Kennison,NOR,WR,0.0,0.0,0.0,0.0,0.0,0.0,0.0,0.0,6.0,44.0,1.0,nfl_hist,eddiekennison
176,Jeff Thomason,GNB,TE,0.0,0.0,0.0,0.0,0.0,0.0,0.0,0.0,4.0,44.0,0.0,nfl_hist,jeffthomason
177,Corey Bradford,GNB,WR,0.0,0.0,0.0,0.0,0.0,0.0,0.0,0.0,3.0,41.0,0.0,nfl_hist,coreybradford
178,David Sloan,DET,TE,0.0,0.0,0.0,0.0,0.0,0.0,0.0,0.0,3.0,40.0,0.0,nfl_hist,davidsloan
179,Fred McCrary,SDG,FB,0.0,0.0,0.0,0.0,0.0,0.0,0.0,0.0,3.0,39.0,0.0,nfl_hist,fredmccrary
180,Stephen Alexande,WAS,TE,0.0,0.0,0.0,0.0,0.0,0.0,0.0,0.0,2.0,38.0,0.0,nfl_hist,stephenalexande
181,Jon Witman,PIT,FB,0.0,0.0,0.0,0.0,0.0,0.0,0.0,0.0,1.0,38.0,0.0,nfl_hist,jonwitman
182,Greg Comella,NYG,FB,0.0,0.0,0.0,0.0,0.0,0.0,0.0,0.0,5.0,37.0,0.0,nfl_hist,gregcomella
183,Ike Hilliard,NYG,WR,0.0,0.0,0.0,0.0,0.0,0.0,0.0,0.0,5.0,37.0,0.0,nfl_hist,ikehilliard
184,O.J. Santiago,ATL,TE,0.0,0.0,0.0,0.0,0.0,0.0,0.0,0.0,3.0,37.0,0.0,nfl_hist,ojsantiago
185,Ben Coates,NWE,TE,0.0,0.0,0.0,0.0,0.0,0.0,0.0,0.0,3.0,35.0,0.0,nfl_hist,bencoates
186,Amani Toome,NYG,WR,0.0,0.0,0.0,0.0,0.0,0.0,0.0,0.0,2.0,35.0,0.0,nfl_hist,amanitoome
187,Kevin Dyson,TEN,WR,0.0,0.0,0.0,0.0,0.0,0.0,0.0,0.0,2.0,34.0,0.0,nfl_hist,kevindyson
188,Kyle Brady,JAX,TE,0.0,0.0,0.0,0.0,0.0,0.0,0.0,0.0,3.0,32.0,0.0,nfl_hist,kylebrady
189,Lawrence Dawsey,NOR,WR,0.0,0.0,0.0,0.0,0.0,0.0,0.0,0.0,5.0,32.0,0.0,nfl_hist,lawrencedawsey
190,Bobby Engram,CHI,WR,0.0,0.0,0.0,0.0,0.0,0.0,0.0,0.0,3.0,32.0,0.0,nfl_hist,bobbyengram
191,Terrell Owens,SFO,WR,0.0,0.0,0.0,0.0,0.0,0.0,0.0,0.0,5.0,31.0,1.0,nfl_hist,terrellowens
192,Carl Pickens,CIN,WR,0.0,0.0,0.0,0.0,0.0,0.0,0.0,0.0,3.0,31.0,0.0,nfl_hist,carlpickens
193,Peerless Price,BUF,WR,0.0,0.0,0.0,0.0,0.0,0.0,0.0,0.0,2.0,31.0,1.0,nfl_hist,peerlessprice
194,Irving Frya,WAS,WR,0.0,0.0,0.0,0.0,0.0,0.0,0.0,0.0,1.0,30.0,1.0,nfl_hist,irvingfrya
195,Marty Booke,CHI,WR,0.0,0.0,0.0,0.0,0.0,0.0,0.0,0.0,4.0,29.0,0.0,nfl_hist,martybooke
196,Matt Cushing,PIT,TE,0.0,0.0,0.0,0.0,0.0,0.0,0.0,0.0,2.0,29.0,0.0,nfl_hist,mattcushing
197,Jeff Ogden,DAL,WR,0.0,0.0,0.0,0.0,0.0,0.0,0.0,0.0,2.0,28.0,0.0,nfl_hist,jeffogden
198,Jay Riemersma,BUF,TE,0.0,0.0,0.0,0.0,0.0,0.0,0.0,0.0,2.0,28.0,0.0,nfl_hist,jayriemersma
199,Troy Edwards,PIT,SE,0.0,0.0,0.0,0.0,0.0,0.0,0.0,0.0,3.0,27.0,0.0,nfl_hist,troyedwards
200,Na Brown,PHI,WR,0.0,0.0,0.0,0.0,0.0,0.0,0.0,0.0,3.0,26.0,0.0,nfl_hist,nabrown
201,Chad Lewis,PHI,TE,0.0,0.0,0.0,0.0,0.0,0.0,0.0,0.0,2.0,26.0,1.0,nfl_hist,chadlewis
202,Terry Mickens,OAK,WR,0.0,0.0,0.0,0.0,0.0,0.0,0.0,0.0,2.0,26.0,0.0,nfl_hist,terrymickens
203,Isaac Byrd,TEN,WR,0.0,0.0,0.0,0.0,0.0,0.0,0.0,0.0,2.0,25.0,0.0,nfl_hist,isaacbyrd
204,Tai Streets,SFO,WR,0.0,0.0,0.0,0.0,0.0,0.0,0.0,0.0,2.0,25.0,0.0,nfl_hist,taistreets
205,Michael Westbrook,WAS,WR,0.0,0.0,0.0,0.0,0.0,0.0,0.0,0.0,3.0,25.0,0.0,nfl_hist,michaelwestbrook
206,Ryan Wetnight,CHI,TE,0.0,0.0,0.0,0.0,0.0,0.0,0.0,0.0,3.0,25.0,0.0,nfl_hist,ryanwetnight
207,Terrence Wilkins,IND,WR,0.0,0.0,0.0,0.0,0.0,0.0,0.0,0.0,3.0,25.0,0.0,nfl_hist,terrencewilkins
208,Christian Fauria,SEA,TE,0.0,0.0,0.0,0.0,0.0,0.0,0.0,0.0,3.0,24.0,0.0,nfl_hist,christianfauria
209,Michael Roan,TEN,TE,0.0,0.0,0.0,0.0,0.0,0.0,0.0,0.0,1.0,24.0,1.0,nfl_hist,michaelroan
210,Andrew Glove,MIN,TE,0.0,0.0,0.0,0.0,0.0,0.0,0.0,0.0,1.0,23.0,0.0,nfl_hist,andrewglove
211,Andre Reed,BUF,WR,0.0,0.0,0.0,0.0,0.0,0.0,0.0,0.0,5.0,23.0,0.0,nfl_hist,andrereed
212,Justin Armou,BAL,WR,0.0,0.0,0.0,0.0,0.0,0.0,0.0,0.0,2.0,22.0,0.0,nfl_hist,justinarmou
213,Bert Emanuel,TAM,WR,0.0,0.0,0.0,0.0,0.0,0.0,0.0,0.0,1.0,22.0,0.0,nfl_hist,bertemanuel
214,Sheldon Jackson,BUF,TE,0.0,0.0,0.0,0.0,0.0,0.0,0.0,0.0,2.0,22.0,0.0,nfl_hist,sheldonjackson
215,Darnay Scott,CIN,WR,0.0,0.0,0.0,0.0,0.0,0.0,0.0,0.0,2.0,21.0,0.0,nfl_hist,darnayscott
216,Keyshawn Johnson,NYJ,WR,0.0,0.0,0.0,0.0,0.0,0.0,0.0,0.0,3.0,20.0,0.0,nfl_hist,keyshawnjohnson
217,Mikhael Ricks,SDG,WR,0.0,0.0,0.0,0.0,0.0,0.0,0.0,0.0,2.0,20.0,0.0,nfl_hist,mikhaelricks
218,Andre Rison,KAN,WR,0.0,0.0,0.0,0.0,0.0,0.0,0.0,0.0,2.0,20.0,0.0,nfl_hist,andrerison
219,Chris Brazzell,DAL,WR,0.0,0.0,0.0,0.0,0.0,0.0,0.0,0.0,1.0,19.0,0.0,nfl_hist,chrisbrazzell
220,Derrick Alexande,KAN,FL,0.0,0.0,0.0,0.0,0.0,0.0,0.0,0.0,1.0,18.0,0.0,nfl_hist,derrickalexande
221,Greg Clark,SFO,TE,0.0,0.0,0.0,0.0,0.0,0.0,0.0,0.0,1.0,18.0,0.0,nfl_hist,gregclark
222,Terry Hardy,ARI,TE,0.0,0.0,0.0,0.0,0.0,0.0,0.0,0.0,2.0,18.0,0.0,nfl_hist,terryhardy
223,Kevin McKenzie,MIA,WR,0.0,0.0,0.0,0.0,0.0,0.0,0.0,0.0,2.0,18.0,0.0,nfl_hist,kevinmckenzie
224,Joey Galloway,SEA,WR,0.0,0.0,0.0,0.0,0.0,0.0,0.0,0.0,1.0,17.0,0.0,nfl_hist,joeygalloway
225,Jammi German,ATL,WR,0.0,0.0,0.0,0.0,0.0,0.0,0.0,0.0,1.0,17.0,0.0,nfl_hist,jammigerman
226,David LaFleu,DAL,TE,0.0,0.0,0.0,0.0,0.0,0.0,0.0,0.0,3.0,17.0,0.0,nfl_hist,davidlafleu
227,Herman Moore,DET,WR,0.0,0.0,0.0,0.0,0.0,0.0,0.0,0.0,2.0,16.0,0.0,nfl_hist,hermanmoore
228,Darnell McDonald,TAM,WR,0.0,0.0,0.0,0.0,0.0,0.0,0.0,0.0,1.0,15.0,0.0,nfl_hist,darnellmcdonald
229,Dedric Ward,NYJ,WR,0.0,0.0,0.0,0.0,0.0,0.0,0.0,0.0,1.0,15.0,0.0,nfl_hist,dedricward
230,Byron Chamberlain,DEN,TE,0.0,0.0,0.0,0.0,0.0,0.0,0.0,0.0,1.0,14.0,0.0,nfl_hist,byronchamberlain
231,David Patten,NYG,WR,0.0,0.0,0.0,0.0,0.0,0.0,0.0,0.0,1.0,14.0,0.0,nfl_hist,davidpatten
232,Yatil Green,MIA,WR,0.0,0.0,0.0,0.0,0.0,0.0,0.0,0.0,1.0,13.0,0.0,nfl_hist,yatilgreen
233,Damon Jones,JAX,TE,0.0,0.0,0.0,0.0,0.0,0.0,0.0,0.0,1.0,13.0,0.0,nfl_hist,damonjones
234,Andrew Jordan,MIN,TE,0.0,0.0,0.0,0.0,0.0,0.0,0.0,0.0,2.0,13.0,0.0,nfl_hist,andrewjordan
235,Travis McGriff,DEN,WR,0.0,0.0,0.0,0.0,0.0,0.0,0.0,0.0,1.0,13.0,0.0,nfl_hist,travismcgriff
236,Jake Reed,MIN,WR,0.0,0.0,0.0,0.0,0.0,0.0,0.0,0.0,1.0,13.0,0.0,nfl_hist,jakereed
237,Fred Beasley,SFO,FB,0.0,0.0,0.0,0.0,0.0,0.0,0.0,0.0,2.0,12.0,0.0,nfl_hist,fredbeasley
238,Mike Pritchard,SEA,WR,0.0,0.0,0.0,0.0,0.0,0.0,0.0,0.0,1.0,12.0,0.0,nfl_hist,mikepritchard
239,Brian Stablein,DET,WR,0.0,0.0,0.0,0.0,0.0,0.0,0.0,0.0,1.0,12.0,0.0,nfl_hist,brianstablein
240,Ernie Conwell,STL,TE,0.0,0.0,0.0,0.0,0.0,0.0,0.0,0.0,1.0,11.0,0.0,nfl_hist,ernieconwell
241,James Hodgins,STL,FB,0.0,0.0,0.0,0.0,0.0,0.0,0.0,0.0,2.0,11.0,0.0,nfl_hist,jameshodgins
242,Freddie Jones,SDG,TE,0.0,0.0,0.0,0.0,0.0,0.0,0.0,0.0,1.0,11.0,0.0,nfl_hist,freddiejones
243,Vincent Brisby,NWE,WR,0.0,0.0,0.0,0.0,0.0,0.0,0.0,0.0,1.0,10.0,0.0,nfl_hist,vincentbrisby
244,Shawn Jefferson,NWE,WR,0.0,0.0,0.0,0.0,0.0,0.0,0.0,0.0,1.0,10.0,0.0,nfl_hist,shawnjefferson
245,Winslow Olive,ATL,RB,0.0,0.0,0.0,0.0,0.0,0.0,0.0,0.0,1.0,10.0,0.0,nfl_hist,winslowolive
246,Marco Battaglia,CIN,TE,0.0,0.0,0.0,0.0,0.0,0.0,0.0,0.0,1.0,9.0,0.0,nfl_hist,marcobattaglia
247,Mac Cody,ARI,WR,0.0,0.0,0.0,0.0,0.0,0.0,0.0,0.0,1.0,9.0,1.0,nfl_hist,maccody
248,Hunter Goodwin,MIA,TE,0.0,0.0,0.0,0.0,0.0,0.0,0.0,0.0,1.0,9.0,0.0,nfl_hist,huntergoodwin
249,Cecil Martin,PHI,FB,0.0,0.0,0.0,0.0,0.0,0.0,0.0,0.0,1.0,9.0,0.0,nfl_hist,cecilmartin
250,Marcus Pollard,IND,TE,0.0,0.0,0.0,0.0,0.0,0.0,0.0,0.0,2.0,9.0,0.0,nfl_hist,marcuspollard
251,Tommy Vardell,SFO,FB,0.0,0.0,0.0,0.0,0.0,0.0,0.0,0.0,2.0,9.0,0.0,nfl_hist,tommyvardell
252,Roland Williams,STL,TE,0.0,0.0,0.0,0.0,0.0,0.0,0.0,0.0,1.0,9.0,0.0,nfl_hist,rolandwilliams
253,Dwayne Carswell,DEN,TE,0.0,0.0,0.0,0.0,0.0,0.0,0.0,0.0,1.0,8.0,0.0,nfl_hist,dwaynecarswell
254,Bobby Collins,BUF,TE,0.0,0.0,0.0,0.0,0.0,0.0,0.0,0.0,2.0,8.0,1.0,nfl_hist,bobbycollins
255,P.J. Franklin,NOR,WR,0.0,0.0,0.0,0.0,0.0,0.0,0.0,0.0,1.0,8.0,0.0,nfl_hist,pjfranklin
256,Brian Alford,NYG,WR,0.0,0.0,0.0,0.0,0.0,0.0,0.0,0.0,1.0,7.0,1.0,nfl_hist,brianalford
257,Sedrick Irvin,DET,RB,0.0,0.0,0.0,0.0,0.0,0.0,0.0,0.0,1.0,7.0,0.0,nfl_hist,sedrickirvin
258,Willie Jackson,CIN,WR,0.0,0.0,0.0,0.0,0.0,0.0,0.0,0.0,1.0,7.0,0.0,nfl_hist,williejackson
259,Johnny McWilliams,ARI,TE,0.0,0.0,0.0,0.0,0.0,0.0,0.0,0.0,1.0,7.0,0.0,nfl_hist,johnnymcwilliams
260,Luther Broughton,PHI,TE,0.0,0.0,0.0,0.0,0.0,0.0,0.0,0.0,1.0,6.0,0.0,nfl_hist,lutherbroughton
261,Charlie Jones,SDG,WR,0.0,0.0,0.0,0.0,0.0,0.0,0.0,0.0,2.0,6.0,0.0,nfl_hist,charliejones
262,Dave Moore,TAM,TE,0.0,0.0,0.0,0.0,0.0,0.0,0.0,0.0,1.0,6.0,1.0,nfl_hist,davemoore
263,James Hundon,CIN,WR,0.0,0.0,0.0,0.0,0.0,0.0,0.0,0.0,1.0,5.0,0.0,nfl_hist,jameshundon
264,Malcolm Johnson,PIT,WR,0.0,0.0,0.0,0.0,0.0,0.0,0.0,0.0,1.0,5.0,0.0,nfl_hist,malcolmjohnson
265,Tony Carte,NWE,FB,0.0,0.0,0.0,0.0,0.0,0.0,0.0,0.0,1.0,4.0,0.0,nfl_hist,tonycarte
266,E.G. Green,IND,WR,0.0,0.0,0.0,0.0,0.0,0.0,0.0,0.0,1.0,4.0,0.0,nfl_hist,eggreen
267,William Floyd,CAR,FB,0.0,0.0,0.0,0.0,0.0,0.0,0.0,0.0,1.0,3.0,0.0,nfl_hist,williamfloyd
268,Mike Lucky,DAL,WR,0.0,0.0,0.0,0.0,0.0,0.0,0.0,0.0,1.0,3.0,0.0,nfl_hist,mikelucky
269,Chris Sanders,TEN,WR,0.0,0.0,0.0,0.0,0.0,0.0,0.0,0.0,1.0,3.0,0.0,nfl_hist,chrissanders
270,Tremayne Stephens,SDG,RB,0.0,0.0,0.0,0.0,0.0,0.0,0.0,0.0,1.0,3.0,0.0,nfl_hist,tremaynestephens
271,Mike Bartrum,NWE,TE,0.0,0.0,0.0,0.0,0.0,0.0,0.0,0.0,1.0,1.0,1.0,nfl_hist,mikebartrum
272,William Henderson,GNB,FB,0.0,0.0,0.0,0.0,0.0,0.0,0.0,0.0,1.0,1.0,0.0,nfl_hist,williamhenderson
273,Mark McMillian,WAS,CB,0.0,0.0,0.0,0.0,0.0,0.0,0.0,0.0,0.0,0.0,0.0,nfl_hist,markmcmillian
274,Chris Watson,DEN,CB,0.0,0.0,0.0,0.0,0.0,0.0,0.0,0.0,0.0,0.0,0.0,nfl_hist,chriswatson
275,Allen Rossum,PHI,CB,0.0,0.0,0.0,0.0,0.0,0.0,0.0,0.0,0.0,0.0,0.0,nfl_hist,allenrossum
276,Al Harris,PHI,RCB,0.0,0.0,0.0,0.0,0.0,0.0,0.0,0.0,0.0,0.0,0.0,nfl_hist,alharris
