,player,team,position,pass_yds,pass_tds,pass_int,pass_att,pass_comp,rush_att,rush_yds,rush_tds,rcv_rec,rcv_yds,rcv_tds,source,pname_merge
0,Doug Flutie,BUF,QB,207.0,2.0,0.0,16.0,9.0,5.0,-7.0,0.0,0.0,0.0,0.0,nfl_hist,dougflutie
1,Steve Beuerlein,CAR,QB,262.0,3.0,0.0,27.0,18.0,2.0,-1.0,0.0,0.0,0.0,0.0,nfl_hist,stevebeuerlein
2,Jake Plumme,ARI,QB,125.0,2.0,0.0,18.0,12.0,2.0,0.0,0.0,0.0,0.0,0.0,nfl_hist,jakeplumme
3,Chris Chandle,ATL,QB,315.0,4.0,0.0,42.0,24.0,1.0,11.0,0.0,0.0,0.0,0.0,nfl_hist,chrischandle
4,Brett Favre,GNB,QB,236.0,2.0,0.0,35.0,24.0,0.0,0.0,0.0,0.0,0.0,0.0,nfl_hist,brettfavre
5,Gus Frerotte,DET,QB,309.0,2.0,0.0,42.0,29.0,4.0,5.0,0.0,0.0,0.0,0.0,nfl_hist,gusfrerotte
6,Kurt Warne,STL,QB,213.0,2.0,0.0,27.0,15.0,2.0,0.0,0.0,0.0,0.0,0.0,nfl_hist,kurtwarne
7,Damon Huard,MIA,QB,44.0,0.0,0.0,5.0,4.0,1.0,6.0,0.0,0.0,0.0,0.0,nfl_hist,damonhuard
8,Jeff George,MIN,QB,363.0,4.0,2.0,43.0,28.0,3.0,-3.0,0.0,0.0,0.0,0.0,nfl_hist,jeffgeorge
9,Donovan McNabb,PHI,QB,172.0,2.0,0.0,28.0,16.0,8.0,71.0,0.0,0.0,0.0,0.0,nfl_hist,donovanmcnabb
10,Mike Tomczak,PIT,QB,264.0,2.0,0.0,35.0,19.0,2.0,10.0,0.0,0.0,0.0,0.0,nfl_hist,miketomczak
11,Tim Couch,CLE,QB,262.0,2.0,0.0,35.0,19.0,5.0,29.0,1.0,0.0,0.0,0.0,nfl_hist,timcouch
12,Jim Harbaugh,SDG,QB,404.0,1.0,1.0,39.0,25.0,3.0,20.0,0.0,0.0,0.0,0.0,nfl_hist,jimharbaugh
13,Shaun King,TAM,QB,32.0,1.0,0.0,7.0,3.0,3.0,-1.0,0.0,0.0,0.0,0.0,nfl_hist,shaunking
14,Troy Aikman,DAL,QB,232.0,1.0,0.0,29.0,16.0,2.0,-1.0,0.0,0.0,0.0,0.0,nfl_hist,troyaikman
15,Jim Mille,CHI,QB,204.0,2.0,1.0,37.0,25.0,1.0,0.0,0.0,0.0,0.0,0.0,nfl_hist,jimmille
16,Dave Brown,ARI,QB,126.0,0.0,0.0,17.0,11.0,1.0,4.0,0.0,0.0,0.0,0.0,nfl_hist,davebrown
17,Rich Gannon,OAK,QB,232.0,2.0,2.0,29.0,19.0,4.0,30.0,1.0,0.0,0.0,0.0,nfl_hist,richgannon
18,Brad Johnson,WAS,QB,218.0,1.0,1.0,36.0,25.0,3.0,1.0,0.0,0.0,0.0,0.0,nfl_hist,bradjohnson
19,Jeff Blake,CIN,QB,241.0,1.0,1.0,28.0,15.0,11.0,25.0,1.0,0.0,0.0,0.0,nfl_hist,jeffblake
20,Tony Banks,BAL,QB,214.0,2.0,1.0,34.0,17.0,0.0,0.0,0.0,0.0,0.0,0.0,nfl_hist,tonybanks
21,Mark Brunell,JAX,QB,338.0,2.0,2.0,47.0,27.0,4.0,5.0,0.0,0.0,0.0,0.0,nfl_hist,markbrunell
22,Peyton Manning,IND,QB,198.0,1.0,2.0,31.0,23.0,3.0,26.0,0.0,0.0,0.0,0.0,nfl_hist,peytonmanning
23,Elvis Grbac,KAN,QB,226.0,1.0,2.0,27.0,18.0,2.0,-6.0,0.0,0.0,0.0,0.0,nfl_hist,elvisgrbac
24,Drew Bledsoe,NWE,QB,205.0,1.0,1.0,34.0,18.0,2.0,6.0,0.0,0.0,0.0,0.0,nfl_hist,drewbledsoe
25,Ray Lucas,NYJ,QB,102.0,0.0,0.0,22.0,12.0,3.0,28.0,0.0,0.0,0.0,0.0,nfl_hist,raylucas
26,Steve McNai,TEN,QB,179.0,0.0,0.0,36.0,18.0,7.0,45.0,1.0,0.0,0.0,0.0,nfl_hist,stevemcnai
27,Trent Dilfe,TAM,QB,50.0,0.0,0.0,11.0,5.0,2.0,0.0,0.0,0.0,0.0,0.0,nfl_hist,trentdilfe
28,Steve Stenstrom,SFO,QB,195.0,0.0,1.0,35.0,19.0,0.0,0.0,0.0,0.0,0.0,0.0,nfl_hist,stevestenstrom
29,Billy Joe Hobert,NOR,QB,254.0,0.0,2.0,41.0,23.0,2.0,11.0,0.0,0.0,0.0,0.0,nfl_hist,billyjoehobert
30,Kerry Collins,NYG,QB,298.0,1.0,3.0,45.0,22.0,1.0,1.0,1.0,0.0,0.0,0.0,nfl_hist,kerrycollins
31,Danny Wuerffel,NOR,QB,19.0,0.0,0.0,6.0,2.0,0.0,0.0,0.0,0.0,0.0,0.0,nfl_hist,dannywuerffel
32,Cade McNown,CHI,QB,0.0,0.0,0.0,2.0,0.0,1.0,9.0,0.0,0.0,0.0,0.0,nfl_hist,cademcnown
33,Jerald Sowell,NYJ,FB,0.0,0.0,0.0,1.0,0.0,0.0,0.0,0.0,0.0,0.0,0.0,nfl_hist,jeraldsowell
34,Dan Marino,MIA,QB,178.0,0.0,5.0,36.0,15.0,0.0,0.0,0.0,0.0,0.0,0.0,nfl_hist,danmarino
35,Jon Kitna,SEA,QB,197.0,0.0,5.0,44.0,19.0,2.0,16.0,0.0,0.0,0.0,0.0,nfl_hist,jonkitna
36,Kordell Stewart,PIT,QB,36.0,0.0,2.0,11.0,5.0,0.0,0.0,0.0,0.0,0.0,0.0,nfl_hist,kordellstewart
37,Corey Dillon,CIN,HB,0.0,0.0,0.0,0.0,0.0,23.0,120.0,0.0,3.0,20.0,0.0,nfl_hist,coreydillon
38,Eddie George,TEN,RB,0.0,0.0,0.0,0.0,0.0,26.0,113.0,2.0,3.0,21.0,0.0,nfl_hist,eddiegeorge
39,Robert Smith,MIN,RB,0.0,0.0,0.0,0.0,0.0,20.0,104.0,0.0,1.0,5.0,0.0,nfl_hist,robertsmith
40,Emmitt Smith,DAL,RB,0.0,0.0,0.0,0.0,0.0,31.0,103.0,0.0,0.0,0.0,0.0,nfl_hist,emmittsmith
41,Marshall Faulk,STL,RB,0.0,0.0,0.0,0.0,0.0,18.0,102.0,2.0,2.0,13.0,0.0,nfl_hist,marshallfaulk
42,Tim Biakabutuka,CAR,RB,0.0,0.0,0.0,0.0,0.0,31.0,94.0,1.0,3.0,25.0,0.0,nfl_hist,timbiakabutuka
43,Charlie Garne,SFO,RB,0.0,0.0,0.0,0.0,0.0,15.0,90.0,0.0,6.0,36.0,0.0,nfl_hist,charliegarne
44,Curtis Martin,NYJ,RB,0.0,0.0,0.0,0.0,0.0,19.0,83.0,0.0,3.0,12.0,0.0,nfl_hist,curtismartin
45,Jerome Bettis,PIT,RB,0.0,0.0,0.0,0.0,0.0,22.0,81.0,0.0,1.0,6.0,0.0,nfl_hist,jeromebettis
46,Edgerrin James,IND,RB,0.0,0.0,0.0,0.0,0.0,24.0,74.0,0.0,7.0,53.0,0.0,nfl_hist,edgerrinjames
47,Greg Hill,DET,RB,0.0,0.0,0.0,0.0,0.0,19.0,68.0,1.0,3.0,32.0,0.0,nfl_hist,greghill
48,Jonathan Linton,BUF,FB,0.0,0.0,0.0,0.0,0.0,17.0,67.0,0.0,3.0,37.0,0.0,nfl_hist,jonathanlinton
49,Ricky Watters,SEA,RB,0.0,0.0,0.0,0.0,0.0,17.0,64.0,0.0,2.0,7.0,0.0,nfl_hist,rickywatters
50,J.J. Johnson,MIA,HB,0.0,0.0,0.0,0.0,0.0,19.0,63.0,0.0,1.0,3.0,0.0,nfl_hist,jjjohnson
51,Stephen Davis,WAS,RB,0.0,0.0,0.0,0.0,0.0,24.0,61.0,1.0,1.0,-3.0,0.0,nfl_hist,stephendavis
52,Mike Cloud,KAN,RB,0.0,0.0,0.0,0.0,0.0,11.0,58.0,0.0,1.0,7.0,0.0,nfl_hist,mikecloud
53,Warrick Dunn,TAM,RB,0.0,0.0,0.0,0.0,0.0,15.0,57.0,0.0,1.0,9.0,0.0,nfl_hist,warrickdunn
54,Dorsey Levens,GNB,RB,0.0,0.0,0.0,0.0,0.0,13.0,56.0,0.0,4.0,31.0,0.0,nfl_hist,dorseylevens
55,Lamar Smith,NOR,RB,0.0,0.0,0.0,0.0,0.0,18.0,54.0,0.0,4.0,36.0,0.0,nfl_hist,lamarsmith
56,Mike Alstott,TAM,FB,0.0,0.0,0.0,0.0,0.0,17.0,49.0,0.0,1.0,24.0,0.0,nfl_hist,mikealstott
57,Tyrone Wheatley,OAK,RB,0.0,0.0,0.0,0.0,0.0,11.0,48.0,0.0,1.0,7.0,0.0,nfl_hist,tyronewheatley
58,Terry Allen,NWE,RB,0.0,0.0,0.0,0.0,0.0,13.0,47.0,0.0,0.0,0.0,0.0,nfl_hist,terryallen
59,Fred Beasley,SFO,FB,0.0,0.0,0.0,0.0,0.0,8.0,47.0,0.0,3.0,26.0,0.0,nfl_hist,fredbeasley
60,Charles Evans,BAL,FB,0.0,0.0,0.0,0.0,0.0,8.0,47.0,0.0,3.0,3.0,1.0,nfl_hist,charlesevans
61,James Stewart,JAX,RB,0.0,0.0,0.0,0.0,0.0,20.0,46.0,1.0,3.0,10.0,0.0,nfl_hist,jamesstewart
62,Duce Staley,PHI,RB,0.0,0.0,0.0,0.0,0.0,19.0,44.0,0.0,4.0,39.0,0.0,nfl_hist,ducestaley
63,Tiki Barbe,NYG,RB,0.0,0.0,0.0,0.0,0.0,10.0,37.0,0.0,3.0,64.0,1.0,nfl_hist,tikibarbe
64,Mario Bates,ARI,RB,0.0,0.0,0.0,0.0,0.0,16.0,37.0,1.0,0.0,0.0,0.0,nfl_hist,mariobates
65,Ken Oxendine,ATL,RB,0.0,0.0,0.0,0.0,0.0,11.0,36.0,0.0,1.0,5.0,1.0,nfl_hist,kenoxendine
66,Karim Abdul-Jabba,CLE,RB,0.0,0.0,0.0,0.0,0.0,15.0,35.0,0.0,1.0,1.0,0.0,nfl_hist,karimabduljabba
67,Michael Basnight,CIN,RB,0.0,0.0,0.0,0.0,0.0,1.0,35.0,0.0,2.0,22.0,0.0,nfl_hist,michaelbasnight
68,Glyn Milburn,CHI,KR,0.0,0.0,0.0,0.0,0.0,1.0,30.0,0.0,1.0,10.0,0.0,nfl_hist,glynmilburn
69,Errict Rhett,BAL,RB,0.0,0.0,0.0,0.0,0.0,13.0,30.0,0.0,3.0,32.0,1.0,nfl_hist,errictrhett
70,Eric Bieniemy,PHI,RB,0.0,0.0,0.0,0.0,0.0,1.0,28.0,0.0,1.0,27.0,0.0,nfl_hist,ericbieniemy
71,Leroy Hoard,MIN,RB,0.0,0.0,0.0,0.0,0.0,6.0,28.0,1.0,3.0,24.0,0.0,nfl_hist,leroyhoard
72,Adrian Murrell,ARI,RB,0.0,0.0,0.0,0.0,0.0,15.0,28.0,0.0,5.0,50.0,0.0,nfl_hist,adrianmurrell
73,Donnell Bennett,KAN,RB,0.0,0.0,0.0,0.0,0.0,9.0,27.0,1.0,3.0,23.0,0.0,nfl_hist,donnellbennett
74,Kenny Bynum,SDG,RB,0.0,0.0,0.0,0.0,0.0,8.0,26.0,0.0,2.0,90.0,1.0,nfl_hist,kennybynum
75,Robert Holcombe,STL,FB,0.0,0.0,0.0,0.0,0.0,4.0,24.0,1.0,1.0,10.0,0.0,nfl_hist,robertholcombe
76,Brian Mitchell,WAS,RB,0.0,0.0,0.0,0.0,0.0,3.0,24.0,0.0,1.0,9.0,0.0,nfl_hist,brianmitchell
77,William Floyd,CAR,FB,0.0,0.0,0.0,0.0,0.0,3.0,23.0,0.0,2.0,24.0,0.0,nfl_hist,williamfloyd
78,Kevin Faulk,NWE,RB,0.0,0.0,0.0,0.0,0.0,7.0,22.0,0.0,2.0,15.0,0.0,nfl_hist,kevinfaulk
79,Napoleon Kaufman,OAK,RB,0.0,0.0,0.0,0.0,0.0,7.0,22.0,0.0,0.0,0.0,0.0,nfl_hist,napoleonkaufman
80,Antowain Smith,BUF,RB,0.0,0.0,0.0,0.0,0.0,9.0,21.0,0.0,1.0,23.0,0.0,nfl_hist,antowainsmith
81,De'Mond Parke,GNB,RB,0.0,0.0,0.0,0.0,0.0,5.0,19.0,0.0,1.0,2.0,0.0,nfl_hist,demondparke
82,Wilmont Perry,NOR,RB,0.0,0.0,0.0,0.0,0.0,6.0,19.0,0.0,1.0,11.0,0.0,nfl_hist,wilmontperry
83,Lennox Gordon,BUF,RB,0.0,0.0,0.0,0.0,0.0,3.0,18.0,0.0,0.0,0.0,0.0,nfl_hist,lennoxgordon
84,Terry Kirby,CLE,RB,0.0,0.0,0.0,0.0,0.0,4.0,17.0,0.0,4.0,88.0,1.0,nfl_hist,terrykirby
85,Sean Bennett,NYG,RB,0.0,0.0,0.0,0.0,0.0,5.0,16.0,1.0,1.0,6.0,0.0,nfl_hist,seanbennett
86,Jermaine Fazande,SDG,FB,0.0,0.0,0.0,0.0,0.0,3.0,15.0,0.0,0.0,0.0,0.0,nfl_hist,jermainefazande
87,Eddie Kennison,NOR,WR,0.0,0.0,0.0,0.0,0.0,1.0,15.0,0.0,5.0,33.0,0.0,nfl_hist,eddiekennison
88,Tony Richardson,KAN,FB,0.0,0.0,0.0,0.0,0.0,3.0,15.0,0.0,5.0,37.0,0.0,nfl_hist,tonyrichardson
89,Lee Johnson,NWE,P,0.0,0.0,0.0,0.0,0.0,1.0,13.0,0.0,0.0,0.0,0.0,nfl_hist,leejohnson
90,Richie Anderson,NYJ,FB,0.0,0.0,0.0,0.0,0.0,2.0,12.0,0.0,2.0,13.0,0.0,nfl_hist,richieanderson
91,Richard Huntley,PIT,FB,0.0,0.0,0.0,0.0,0.0,5.0,12.0,0.0,1.0,6.0,0.0,nfl_hist,richardhuntley
92,Bob Christian,ATL,FB,0.0,0.0,0.0,0.0,0.0,1.0,11.0,0.0,2.0,19.0,1.0,nfl_hist,bobchristian
93,Curtis Enis,CHI,RB,0.0,0.0,0.0,0.0,0.0,6.0,10.0,0.0,4.0,7.0,0.0,nfl_hist,curtisenis
94,Anthony Johnson,CAR,RB,0.0,0.0,0.0,0.0,0.0,2.0,10.0,0.0,0.0,0.0,0.0,nfl_hist,anthonyjohnson
95,Alvis Whitted,JAX,WR,0.0,0.0,0.0,0.0,0.0,1.0,9.0,0.0,0.0,0.0,0.0,nfl_hist,alviswhitted
96,Larry Centers,WAS,FB,0.0,0.0,0.0,0.0,0.0,2.0,8.0,0.0,9.0,71.0,0.0,nfl_hist,larrycenters
97,Cory Schlesinge,DET,FB,0.0,0.0,0.0,0.0,0.0,4.0,8.0,0.0,3.0,27.0,0.0,nfl_hist,coryschlesinge
98,Zack Crockett,OAK,RB,0.0,0.0,0.0,0.0,0.0,2.0,5.0,0.0,1.0,6.0,0.0,nfl_hist,zackcrockett
99,Ahman Green,SEA,RB,0.0,0.0,0.0,0.0,0.0,2.0,5.0,0.0,0.0,0.0,0.0,nfl_hist,ahmangreen
100,Lamont Warren,NWE,RB,0.0,0.0,0.0,0.0,0.0,2.0,5.0,0.0,3.0,34.0,0.0,nfl_hist,lamontwarren
101,Reggie Brown,SEA,FB,0.0,0.0,0.0,0.0,0.0,1.0,4.0,0.0,5.0,24.0,0.0,nfl_hist,reggiebrown
102,Chris Fuamatu-Ma'afala,PIT,RB,0.0,0.0,0.0,0.0,0.0,1.0,4.0,0.0,0.0,0.0,0.0,nfl_hist,chrisfuamatumaafala
103,Qadry Ismail,BAL,WR,0.0,0.0,0.0,0.0,0.0,1.0,4.0,0.0,5.0,76.0,0.0,nfl_hist,qadryismail
104,Bam Morris,KAN,RB,0.0,0.0,0.0,0.0,0.0,3.0,4.0,0.0,0.0,0.0,0.0,nfl_hist,bammorris
105,Amos Zereoue,PIT,RB,0.0,0.0,0.0,0.0,0.0,1.0,4.0,0.0,0.0,0.0,0.0,nfl_hist,amoszereoue
106,Troy Davis,NOR,RB,0.0,0.0,0.0,0.0,0.0,1.0,3.0,0.0,0.0,0.0,0.0,nfl_hist,troydavis
107,Tim Dwight,ATL,WR,0.0,0.0,0.0,0.0,0.0,1.0,3.0,0.0,5.0,102.0,0.0,nfl_hist,timdwight
108,Matt Hasselbeck,GNB,QB,0.0,0.0,0.0,0.0,0.0,3.0,3.0,0.0,0.0,0.0,0.0,nfl_hist,matthasselbeck
109,James Hodgins,STL,RB,0.0,0.0,0.0,0.0,0.0,3.0,3.0,1.0,0.0,0.0,0.0,nfl_hist,jameshodgins
110,Sedrick Irvin,DET,RB,0.0,0.0,0.0,0.0,0.0,2.0,3.0,0.0,3.0,20.0,0.0,nfl_hist,sedrickirvin
111,Winslow Olive,ATL,RB,0.0,0.0,0.0,0.0,0.0,1.0,3.0,0.0,0.0,0.0,0.0,nfl_hist,winslowolive
112,Bernie Parmalee,NYJ,RB,0.0,0.0,0.0,0.0,0.0,2.0,3.0,0.0,0.0,0.0,0.0,nfl_hist,bernieparmalee
113,Jon Ritchie,OAK,TE,0.0,0.0,0.0,0.0,0.0,1.0,3.0,0.0,5.0,48.0,0.0,nfl_hist,jonritchie
114,Edgar Bennett,CHI,RB,0.0,0.0,0.0,0.0,0.0,1.0,2.0,0.0,2.0,9.0,0.0,nfl_hist,edgarbennett
115,James Allen,CHI,RB,0.0,0.0,0.0,0.0,0.0,2.0,1.0,0.0,0.0,0.0,0.0,nfl_hist,jamesallen
116,Basil Mitchell,GNB,RB,0.0,0.0,0.0,0.0,0.0,1.0,1.0,0.0,0.0,0.0,0.0,nfl_hist,basilmitchell
117,Tremayne Stephens,SDG,RB,0.0,0.0,0.0,0.0,0.0,6.0,1.0,2.0,0.0,0.0,0.0,nfl_hist,tremaynestephens
118,Charles Way,NYG,RB,0.0,0.0,0.0,0.0,0.0,1.0,0.0,0.0,0.0,0.0,0.0,nfl_hist,charlesway
119,Ernie Mills,DAL,WR,0.0,0.0,0.0,0.0,0.0,1.0,-1.0,0.0,1.0,11.0,0.0,nfl_hist,erniemills
120,LeShon Johnson,NYG,FB,0.0,0.0,0.0,0.0,0.0,3.0,-2.0,0.0,0.0,0.0,0.0,nfl_hist,leshonjohnson
121,Peerless Price,BUF,WR,0.0,0.0,0.0,0.0,0.0,1.0,-7.0,0.0,1.0,7.0,0.0,nfl_hist,peerlessprice
122,Jeff Graham,SDG,WR,0.0,0.0,0.0,0.0,0.0,0.0,0.0,0.0,6.0,141.0,0.0,nfl_hist,jeffgraham
123,Cris Carte,MIN,WR,0.0,0.0,0.0,0.0,0.0,0.0,0.0,0.0,11.0,136.0,2.0,nfl_hist,criscarte
124,Donald Hayes,CAR,WR,0.0,0.0,0.0,0.0,0.0,0.0,0.0,0.0,5.0,133.0,1.0,nfl_hist,donaldhayes
125,Jimmy Smith,JAX,WR,0.0,0.0,0.0,0.0,0.0,0.0,0.0,0.0,10.0,132.0,1.0,nfl_hist,jimmysmith
126,Randy Moss,MIN,WR,0.0,0.0,0.0,0.0,0.0,0.0,0.0,0.0,7.0,127.0,1.0,nfl_hist,randymoss
127,Rocket Ismail,DAL,WR,0.0,0.0,0.0,0.0,0.0,0.0,0.0,0.0,5.0,125.0,1.0,nfl_hist,rocketismail
128,Darnay Scott,CIN,WR,0.0,0.0,0.0,0.0,0.0,0.0,0.0,0.0,4.0,123.0,1.0,nfl_hist,darnayscott
129,Andre Hastings,NOR,WR,0.0,0.0,0.0,0.0,0.0,0.0,0.0,0.0,9.0,113.0,0.0,nfl_hist,andrehastings
130,Keenan McCardell,JAX,WR,0.0,0.0,0.0,0.0,0.0,0.0,0.0,0.0,8.0,102.0,1.0,nfl_hist,keenanmccardell
131,Rob Moore,ARI,WR,0.0,0.0,0.0,0.0,0.0,0.0,0.0,0.0,7.0,102.0,1.0,nfl_hist,robmoore
132,Terance Mathis,ATL,WR,0.0,0.0,0.0,0.0,0.0,0.0,0.0,0.0,9.0,98.0,1.0,nfl_hist,terancemathis
133,Germane Crowell,DET,ZR,0.0,0.0,0.0,0.0,0.0,0.0,0.0,0.0,7.0,91.0,1.0,nfl_hist,germanecrowell
134,Tony Gonzalez,KAN,TE,0.0,0.0,0.0,0.0,0.0,0.0,0.0,0.0,3.0,90.0,1.0,nfl_hist,tonygonzalez
135,Kevin Johnson,CLE,WR,0.0,0.0,0.0,0.0,0.0,0.0,0.0,0.0,6.0,90.0,1.0,nfl_hist,kevinjohnson
136,Hines Ward,PIT,WR,0.0,0.0,0.0,0.0,0.0,0.0,0.0,0.0,7.0,89.0,1.0,nfl_hist,hinesward
137,Sean Dawkins,SEA,WR,0.0,0.0,0.0,0.0,0.0,0.0,0.0,0.0,4.0,87.0,0.0,nfl_hist,seandawkins
138,Torry Holt,STL,WR,0.0,0.0,0.0,0.0,0.0,0.0,0.0,0.0,5.0,87.0,2.0,nfl_hist,torryholt
139,Amani Toome,NYG,WR,0.0,0.0,0.0,0.0,0.0,0.0,0.0,0.0,6.0,87.0,0.0,nfl_hist,amanitoome
140,Troy Edwards,PIT,WR,0.0,0.0,0.0,0.0,0.0,0.0,0.0,0.0,7.0,86.0,0.0,nfl_hist,troyedwards
141,Tim Brown,OAK,WR,0.0,0.0,0.0,0.0,0.0,0.0,0.0,0.0,5.0,83.0,0.0,nfl_hist,timbrown
142,Isaac Bruce,STL,WR,0.0,0.0,0.0,0.0,0.0,0.0,0.0,0.0,5.0,81.0,0.0,nfl_hist,isaacbruce
143,Antonio Freeman,GNB,WR,0.0,0.0,0.0,0.0,0.0,0.0,0.0,0.0,7.0,73.0,0.0,nfl_hist,antoniofreeman
144,Frank Sanders,ARI,WR,0.0,0.0,0.0,0.0,0.0,0.0,0.0,0.0,6.0,73.0,0.0,nfl_hist,franksanders
145,Ike Hilliard,NYG,WR,0.0,0.0,0.0,0.0,0.0,0.0,0.0,0.0,4.0,72.0,0.0,nfl_hist,ikehilliard
146,Albert Connell,WAS,WR,0.0,0.0,0.0,0.0,0.0,0.0,0.0,0.0,6.0,69.0,0.0,nfl_hist,albertconnell
147,Terry Glenn,NWE,WR,0.0,0.0,0.0,0.0,0.0,0.0,0.0,0.0,3.0,69.0,1.0,nfl_hist,terryglenn
148,Kyle Brady,JAX,TE,0.0,0.0,0.0,0.0,0.0,0.0,0.0,0.0,4.0,65.0,0.0,nfl_hist,kylebrady
149,Mikhael Ricks,SDG,WR,0.0,0.0,0.0,0.0,0.0,0.0,0.0,0.0,5.0,64.0,0.0,nfl_hist,mikhaelricks
150,Jerry Rice,SFO,WR,0.0,0.0,0.0,0.0,0.0,0.0,0.0,0.0,4.0,63.0,0.0,nfl_hist,jerryrice
151,Cam Cleeland,NOR,TE,0.0,0.0,0.0,0.0,0.0,0.0,0.0,0.0,5.0,62.0,0.0,nfl_hist,camcleeland
152,Rickey Dudley,OAK,TE,0.0,0.0,0.0,0.0,0.0,0.0,0.0,0.0,4.0,62.0,2.0,nfl_hist,rickeydudley
153,Marcus Robinson,CHI,WR,0.0,0.0,0.0,0.0,0.0,0.0,0.0,0.0,4.0,61.0,0.0,nfl_hist,marcusrobinson
154,Johnnie Morton,DET,XR,0.0,0.0,0.0,0.0,0.0,0.0,0.0,0.0,5.0,59.0,1.0,nfl_hist,johnniemorton
155,Stanley Pritchett,MIA,FB,0.0,0.0,0.0,0.0,0.0,0.0,0.0,0.0,5.0,59.0,0.0,nfl_hist,stanleypritchett
156,Marvin Harrison,IND,WR,0.0,0.0,0.0,0.0,0.0,0.0,0.0,0.0,5.0,58.0,0.0,nfl_hist,marvinharrison
157,Bill Schroede,GNB,WR,0.0,0.0,0.0,0.0,0.0,0.0,0.0,0.0,4.0,58.0,0.0,nfl_hist,billschroede
158,Keyshawn Johnson,NYJ,WR,0.0,0.0,0.0,0.0,0.0,0.0,0.0,0.0,4.0,56.0,0.0,nfl_hist,keyshawnjohnson
159,Eric Moulds,BUF,WR,0.0,0.0,0.0,0.0,0.0,0.0,0.0,0.0,1.0,54.0,1.0,nfl_hist,ericmoulds
160,Mark Bruene,PIT,TE,0.0,0.0,0.0,0.0,0.0,0.0,0.0,0.0,2.0,51.0,0.0,nfl_hist,markbruene
161,Darrin Chiaverini,CLE,WR,0.0,0.0,0.0,0.0,0.0,0.0,0.0,0.0,4.0,51.0,0.0,nfl_hist,darrinchiaverini
162,Michael Westbrook,WAS,WR,0.0,0.0,0.0,0.0,0.0,0.0,0.0,0.0,4.0,51.0,0.0,nfl_hist,michaelwestbrook
163,Yatil Green,MIA,WR,0.0,0.0,0.0,0.0,0.0,0.0,0.0,0.0,3.0,47.0,0.0,nfl_hist,yatilgreen
164,Tony Martin,MIA,WR,0.0,0.0,0.0,0.0,0.0,0.0,0.0,0.0,3.0,47.0,0.0,nfl_hist,tonymartin
165,Pete Mitchell,NYG,TE,0.0,0.0,0.0,0.0,0.0,0.0,0.0,0.0,5.0,47.0,0.0,nfl_hist,petemitchell
166,Jermaine Lewis,BAL,WR,0.0,0.0,0.0,0.0,0.0,0.0,0.0,0.0,1.0,46.0,0.0,nfl_hist,jermainelewis
167,Jake Reed,MIN,WR,0.0,0.0,0.0,0.0,0.0,0.0,0.0,0.0,4.0,46.0,1.0,nfl_hist,jakereed
168,Bobby Collins,BUF,TE,0.0,0.0,0.0,0.0,0.0,0.0,0.0,0.0,1.0,45.0,0.0,nfl_hist,bobbycollins
169,Greg Clark,SFO,TE,0.0,0.0,0.0,0.0,0.0,0.0,0.0,0.0,3.0,44.0,0.0,nfl_hist,gregclark
170,Jackie Harris,TEN,TE,0.0,0.0,0.0,0.0,0.0,0.0,0.0,0.0,3.0,44.0,0.0,nfl_hist,jackieharris
171,Kevin Dyson,TEN,WR,0.0,0.0,0.0,0.0,0.0,0.0,0.0,0.0,4.0,42.0,0.0,nfl_hist,kevindyson
172,Bobby Engram,CHI,WR,0.0,0.0,0.0,0.0,0.0,0.0,0.0,0.0,4.0,41.0,0.0,nfl_hist,bobbyengram
173,Carl Pickens,CIN,WR,0.0,0.0,0.0,0.0,0.0,0.0,0.0,0.0,2.0,41.0,0.0,nfl_hist,carlpickens
174,Oronde Gadsden,MIA,WR,0.0,0.0,0.0,0.0,0.0,0.0,0.0,0.0,3.0,39.0,0.0,nfl_hist,orondegadsden
175,Terrence Wilkins,IND,WR,0.0,0.0,0.0,0.0,0.0,0.0,0.0,0.0,5.0,39.0,0.0,nfl_hist,terrencewilkins
176,Luther Broughton,PHI,TE,0.0,0.0,0.0,0.0,0.0,0.0,0.0,0.0,3.0,38.0,2.0,nfl_hist,lutherbroughton
177,Shawn Jefferson,NWE,WR,0.0,0.0,0.0,0.0,0.0,0.0,0.0,0.0,3.0,36.0,0.0,nfl_hist,shawnjefferson
178,Bobby Shaw,PIT,WR,0.0,0.0,0.0,0.0,0.0,0.0,0.0,0.0,3.0,36.0,1.0,nfl_hist,bobbyshaw
179,Derrick Mayes,SEA,WR,0.0,0.0,0.0,0.0,0.0,0.0,0.0,0.0,3.0,35.0,0.0,nfl_hist,derrickmayes
180,Torrance Small,PHI,WR,0.0,0.0,0.0,0.0,0.0,0.0,0.0,0.0,2.0,35.0,0.0,nfl_hist,torrancesmall
181,Jason Tucke,DAL,WR,0.0,0.0,0.0,0.0,0.0,0.0,0.0,0.0,2.0,35.0,0.0,nfl_hist,jasontucke
182,David Sloan,DET,TE,0.0,0.0,0.0,0.0,0.0,0.0,0.0,0.0,3.0,34.0,0.0,nfl_hist,davidsloan
183,Marty Booke,CHI,WR,0.0,0.0,0.0,0.0,0.0,0.0,0.0,0.0,3.0,33.0,1.0,nfl_hist,martybooke
184,Chris Calloway,ATL,WR,0.0,0.0,0.0,0.0,0.0,0.0,0.0,0.0,2.0,33.0,0.0,nfl_hist,chriscalloway
185,Wesley Walls,CAR,TE,0.0,0.0,0.0,0.0,0.0,0.0,0.0,0.0,3.0,33.0,1.0,nfl_hist,wesleywalls
186,Reggie Davis,SDG,WR,0.0,0.0,0.0,0.0,0.0,0.0,0.0,0.0,2.0,32.0,0.0,nfl_hist,reggiedavis
187,Chris Penn,SDG,WR,0.0,0.0,0.0,0.0,0.0,0.0,0.0,0.0,1.0,32.0,0.0,nfl_hist,chrispenn
188,Curtis Conway,CHI,WR,0.0,0.0,0.0,0.0,0.0,0.0,0.0,0.0,5.0,31.0,0.0,nfl_hist,curtisconway
189,Sam Gash,BUF,FB,0.0,0.0,0.0,0.0,0.0,0.0,0.0,0.0,1.0,31.0,1.0,nfl_hist,samgash
190,Patrick Jeffers,CAR,WR,0.0,0.0,0.0,0.0,0.0,0.0,0.0,0.0,3.0,31.0,1.0,nfl_hist,patrickjeffers
191,Dave Moore,TAM,TE,0.0,0.0,0.0,0.0,0.0,0.0,0.0,0.0,2.0,31.0,0.0,nfl_hist,davemoore
192,E.G. Green,IND,WR,0.0,0.0,0.0,0.0,0.0,0.0,0.0,0.0,2.0,29.0,0.0,nfl_hist,eggreen
193,Brian Kozlowski,ATL,TE,0.0,0.0,0.0,0.0,0.0,0.0,0.0,0.0,3.0,29.0,1.0,nfl_hist,briankozlowski
194,Derrick Mason,TEN,WR,0.0,0.0,0.0,0.0,0.0,0.0,0.0,0.0,3.0,28.0,0.0,nfl_hist,derrickmason
195,Justin Armou,BAL,WR,0.0,0.0,0.0,0.0,0.0,0.0,0.0,0.0,2.0,27.0,0.0,nfl_hist,justinarmou
196,Nick Luchey,CIN,FB,0.0,0.0,0.0,0.0,0.0,0.0,0.0,0.0,3.0,27.0,0.0,nfl_hist,nickluchey
197,Frank Wycheck,TEN,TE,0.0,0.0,0.0,0.0,0.0,0.0,0.0,0.0,3.0,27.0,0.0,nfl_hist,frankwycheck
198,Derrick Alexande,KAN,FL,0.0,0.0,0.0,0.0,0.0,0.0,0.0,0.0,3.0,26.0,0.0,nfl_hist,derrickalexande
199,Herman Moore,DET,WR,0.0,0.0,0.0,0.0,0.0,0.0,0.0,0.0,2.0,26.0,0.0,nfl_hist,hermanmoore
200,Corey Bradford,GNB,WR,0.0,0.0,0.0,0.0,0.0,0.0,0.0,0.0,2.0,25.0,1.0,nfl_hist,coreybradford
201,Mark Campbell,CLE,TE,0.0,0.0,0.0,0.0,0.0,0.0,0.0,0.0,2.0,25.0,0.0,nfl_hist,markcampbell
202,Az-Zahir Hakim,STL,WR,0.0,0.0,0.0,0.0,0.0,0.0,0.0,0.0,2.0,22.0,0.0,nfl_hist,azzahirhakim
203,Reggie Kelly,ATL,TE,0.0,0.0,0.0,0.0,0.0,0.0,0.0,0.0,1.0,22.0,0.0,nfl_hist,reggiekelly
204,Wayne Chrebet,NYJ,WR,0.0,0.0,0.0,0.0,0.0,0.0,0.0,0.0,3.0,21.0,0.0,nfl_hist,waynechrebet
205,Fred McCrary,SDG,FB,0.0,0.0,0.0,0.0,0.0,0.0,0.0,0.0,4.0,21.0,0.0,nfl_hist,fredmccrary
206,Terrell Owens,SFO,WR,0.0,0.0,0.0,0.0,0.0,0.0,0.0,0.0,2.0,21.0,0.0,nfl_hist,terrellowens
207,David Patten,NYG,WR,0.0,0.0,0.0,0.0,0.0,0.0,0.0,0.0,2.0,21.0,0.0,nfl_hist,davidpatten
208,Derrick Walke,OAK,TE,0.0,0.0,0.0,0.0,0.0,0.0,0.0,0.0,2.0,21.0,0.0,nfl_hist,derrickwalke
209,Tyrone Davis,GNB,TE,0.0,0.0,0.0,0.0,0.0,0.0,0.0,0.0,3.0,20.0,1.0,nfl_hist,tyronedavis
210,Troy Drayton,MIA,TE,0.0,0.0,0.0,0.0,0.0,0.0,0.0,0.0,2.0,20.0,0.0,nfl_hist,troydrayton
211,Kevin Lockett,KAN,WR,0.0,0.0,0.0,0.0,0.0,0.0,0.0,0.0,1.0,20.0,0.0,nfl_hist,kevinlockett
212,Will Blackwell,PIT,WR,0.0,0.0,0.0,0.0,0.0,0.0,0.0,0.0,2.0,19.0,0.0,nfl_hist,willblackwell
213,Patrick Johnson,BAL,WR,0.0,0.0,0.0,0.0,0.0,0.0,0.0,0.0,1.0,19.0,0.0,nfl_hist,patrickjohnson
214,Joey Galloway,SEA,WR,0.0,0.0,0.0,0.0,0.0,0.0,0.0,0.0,1.0,18.0,0.0,nfl_hist,joeygalloway
215,Damon Jones,JAX,TE,0.0,0.0,0.0,0.0,0.0,0.0,0.0,0.0,1.0,18.0,0.0,nfl_hist,damonjones
216,Keith Poole,NOR,WR,0.0,0.0,0.0,0.0,0.0,0.0,0.0,0.0,1.0,18.0,0.0,nfl_hist,keithpoole
217,Joey Kent,TEN,WR,0.0,0.0,0.0,0.0,0.0,0.0,0.0,0.0,2.0,17.0,0.0,nfl_hist,joeykent
218,Walter Rasby,DET,TE,0.0,0.0,0.0,0.0,0.0,0.0,0.0,0.0,2.0,16.0,0.0,nfl_hist,walterrasby
219,Na Brown,PHI,WR,0.0,0.0,0.0,0.0,0.0,0.0,0.0,0.0,2.0,15.0,0.0,nfl_hist,nabrown
220,Christian Fauria,SEA,TE,0.0,0.0,0.0,0.0,0.0,0.0,0.0,0.0,3.0,15.0,0.0,nfl_hist,christianfauria
221,Mike Lucky,DAL,TE,0.0,0.0,0.0,0.0,0.0,0.0,0.0,0.0,2.0,15.0,0.0,nfl_hist,mikelucky
222,Ben Coates,NWE,TE,0.0,0.0,0.0,0.0,0.0,0.0,0.0,0.0,2.0,14.0,0.0,nfl_hist,bencoates
223,Keith Crawford,GNB,CB,0.0,0.0,0.0,0.0,0.0,0.0,0.0,0.0,1.0,14.0,0.0,nfl_hist,keithcrawford
224,Andrew Glove,MIN,TE,0.0,0.0,0.0,0.0,0.0,0.0,0.0,0.0,1.0,14.0,0.0,nfl_hist,andrewglove
225,David LaFleu,DAL,TE,0.0,0.0,0.0,0.0,0.0,0.0,0.0,0.0,1.0,13.0,0.0,nfl_hist,davidlafleu
226,Marcus Pollard,IND,TE,0.0,0.0,0.0,0.0,0.0,0.0,0.0,0.0,2.0,12.0,1.0,nfl_hist,marcuspollard
227,Andre Rison,KAN,SE,0.0,0.0,0.0,0.0,0.0,0.0,0.0,0.0,1.0,12.0,0.0,nfl_hist,andrerison
228,Robert Thomas,DAL,FB,0.0,0.0,0.0,0.0,0.0,0.0,0.0,0.0,2.0,12.0,0.0,nfl_hist,robertthomas
229,Reggie Barlow,JAX,WR,0.0,0.0,0.0,0.0,0.0,0.0,0.0,0.0,1.0,11.0,0.0,nfl_hist,reggiebarlow
230,Troy Brown,NWE,WR,0.0,0.0,0.0,0.0,0.0,0.0,0.0,0.0,1.0,11.0,0.0,nfl_hist,troybrown
231,Greg DeLong,BAL,TE,0.0,0.0,0.0,0.0,0.0,0.0,0.0,0.0,2.0,11.0,0.0,nfl_hist,gregdelong
232,Terrell Fletche,SDG,RB,0.0,0.0,0.0,0.0,0.0,0.0,0.0,0.0,3.0,11.0,0.0,nfl_hist,terrellfletche
233,Irving Frya,WAS,WR,0.0,0.0,0.0,0.0,0.0,0.0,0.0,0.0,2.0,11.0,0.0,nfl_hist,irvingfrya
234,Joe Horn,KAN,WR,0.0,0.0,0.0,0.0,0.0,0.0,0.0,0.0,1.0,11.0,0.0,nfl_hist,joehorn
235,Jim Kleinsasse,MIN,TE,0.0,0.0,0.0,0.0,0.0,0.0,0.0,0.0,1.0,11.0,0.0,nfl_hist,jimkleinsasse
236,Mike Pritchard,SEA,WR,0.0,0.0,0.0,0.0,0.0,0.0,0.0,0.0,1.0,11.0,0.0,nfl_hist,mikepritchard
237,Reidel Anthony,TAM,WR,0.0,0.0,0.0,0.0,0.0,0.0,0.0,0.0,2.0,10.0,0.0,nfl_hist,reidelanthony
238,Eric Bjornson,DAL,TE,0.0,0.0,0.0,0.0,0.0,0.0,0.0,0.0,1.0,10.0,0.0,nfl_hist,ericbjornson
239,Andre Reed,BUF,WR,0.0,0.0,0.0,0.0,0.0,0.0,0.0,0.0,1.0,10.0,0.0,nfl_hist,andrereed
240,Tony Simmons,NWE,WR,0.0,0.0,0.0,0.0,0.0,0.0,0.0,0.0,1.0,10.0,0.0,nfl_hist,tonysimmons
241,David Boston,ARI,WR,0.0,0.0,0.0,0.0,0.0,0.0,0.0,0.0,1.0,9.0,0.0,nfl_hist,davidboston
242,Tony Carte,NWE,FB,0.0,0.0,0.0,0.0,0.0,0.0,0.0,0.0,2.0,9.0,0.0,nfl_hist,tonycarte
243,Dameane Douglas,PHI,WR,0.0,0.0,0.0,0.0,0.0,0.0,0.0,0.0,1.0,9.0,0.0,nfl_hist,dameanedouglas
244,Brian Kinchen,CAR,TE,0.0,0.0,0.0,0.0,0.0,0.0,0.0,0.0,1.0,9.0,0.0,nfl_hist,briankinchen
245,Cecil Martin,PHI,FB,0.0,0.0,0.0,0.0,0.0,0.0,0.0,0.0,3.0,9.0,0.0,nfl_hist,cecilmartin
246,Johnny McWilliams,ARI,TE,0.0,0.0,0.0,0.0,0.0,0.0,0.0,0.0,1.0,9.0,1.0,nfl_hist,johnnymcwilliams
247,Ryan Wetnight,CHI,TE,0.0,0.0,0.0,0.0,0.0,0.0,0.0,0.0,1.0,9.0,0.0,nfl_hist,ryanwetnight
248,Willie Jackson,CIN,WR,0.0,0.0,0.0,0.0,0.0,0.0,0.0,0.0,1.0,8.0,0.0,nfl_hist,williejackson
249,Chris Warren,DAL,RB,0.0,0.0,0.0,0.0,0.0,0.0,0.0,0.0,1.0,8.0,0.0,nfl_hist,chriswarren
250,Ken Dilge,IND,TE,0.0,0.0,0.0,0.0,0.0,0.0,0.0,0.0,2.0,7.0,0.0,nfl_hist,kendilge
251,Freddie Jones,SDG,TE,0.0,0.0,0.0,0.0,0.0,0.0,0.0,0.0,1.0,7.0,0.0,nfl_hist,freddiejones
252,Rob Konrad,MIA,FB,0.0,0.0,0.0,0.0,0.0,0.0,0.0,0.0,2.0,7.0,0.0,nfl_hist,robkonrad
253,Mitch Lyons,PIT,FB,0.0,0.0,0.0,0.0,0.0,0.0,0.0,0.0,1.0,7.0,0.0,nfl_hist,mitchlyons
254,Eric Metcalf,CAR,WR,0.0,0.0,0.0,0.0,0.0,0.0,0.0,0.0,1.0,7.0,0.0,nfl_hist,ericmetcalf
255,Rod Rutledge,NWE,TE,0.0,0.0,0.0,0.0,0.0,0.0,0.0,0.0,1.0,7.0,0.0,nfl_hist,rodrutledge
256,O.J. Santiago,ATL,TE,0.0,0.0,0.0,0.0,0.0,0.0,0.0,0.0,1.0,7.0,0.0,nfl_hist,ojsantiago
257,Jeff Thomason,GNB,TE,0.0,0.0,0.0,0.0,0.0,0.0,0.0,0.0,1.0,7.0,0.0,nfl_hist,jeffthomason
258,Jacquez Green,TAM,WR,0.0,0.0,0.0,0.0,0.0,0.0,0.0,0.0,1.0,6.0,0.0,nfl_hist,jacquezgreen
259,William Henderson,GNB,FB,0.0,0.0,0.0,0.0,0.0,0.0,0.0,0.0,1.0,6.0,0.0,nfl_hist,williamhenderson
260,Junior Seau,SDG,ILB,0.0,0.0,0.0,0.0,0.0,0.0,0.0,0.0,1.0,6.0,0.0,nfl_hist,juniorseau
261,Mike Sellers,WAS,TE,0.0,0.0,0.0,0.0,0.0,0.0,0.0,0.0,1.0,6.0,1.0,nfl_hist,mikesellers
262,Mac Cody,ARI,WR,0.0,0.0,0.0,0.0,0.0,0.0,0.0,0.0,1.0,5.0,0.0,nfl_hist,maccody
263,James Jett,OAK,WR,0.0,0.0,0.0,0.0,0.0,0.0,0.0,0.0,1.0,5.0,0.0,nfl_hist,jamesjett
264,J.J. Stokes,SFO,WR,0.0,0.0,0.0,0.0,0.0,0.0,0.0,0.0,1.0,5.0,0.0,nfl_hist,jjstokes
265,Stephen Alexande,WAS,TE,0.0,0.0,0.0,0.0,0.0,0.0,0.0,0.0,1.0,4.0,0.0,nfl_hist,stephenalexande
266,Marc Edwards,CLE,FB,0.0,0.0,0.0,0.0,0.0,0.0,0.0,0.0,1.0,4.0,0.0,nfl_hist,marcedwards
267,Brian Stablein,DET,WR,0.0,0.0,0.0,0.0,0.0,0.0,0.0,0.0,1.0,4.0,0.0,nfl_hist,brianstablein
268,Alonzo Mayes,CHI,TE,0.0,0.0,0.0,0.0,0.0,0.0,0.0,0.0,1.0,3.0,1.0,nfl_hist,alonzomayes
269,Wane McGarity,DAL,WR,0.0,0.0,0.0,0.0,0.0,0.0,0.0,0.0,1.0,3.0,0.0,nfl_hist,wanemcgarity
270,Irv Smith,CLE,TE,0.0,0.0,0.0,0.0,0.0,0.0,0.0,0.0,1.0,3.0,0.0,nfl_hist,irvsmith
271,Patrick Hape,TAM,TE,0.0,0.0,0.0,0.0,0.0,0.0,0.0,0.0,1.0,2.0,1.0,nfl_hist,patrickhape
272,Terry Hardy,ARI,TE,0.0,0.0,0.0,0.0,0.0,0.0,0.0,0.0,1.0,2.0,0.0,nfl_hist,terryhardy
273,Greg Comella,NYG,FB,0.0,0.0,0.0,0.0,0.0,0.0,0.0,0.0,1.0,1.0,0.0,nfl_hist,gregcomella
274,Joel Makovicka,ARI,FB,0.0,0.0,0.0,0.0,0.0,0.0,0.0,0.0,1.0,1.0,0.0,nfl_hist,joelmakovicka
275,Ray Lewis,BAL,MLB,0.0,0.0,0.0,0.0,0.0,0.0,0.0,0.0,0.0,0.0,0.0,nfl_hist,raylewis
276,Pat Tillman,ARI,S,0.0,0.0,0.0,0.0,0.0,0.0,0.0,0.0,0.0,0.0,0.0,nfl_hist,pattillman
277,Iheanyi Uwaezuoke,DET,WR,0.0,0.0,0.0,0.0,0.0,0.0,0.0,0.0,0.0,0.0,0.0,nfl_hist,iheanyiuwaezuoke
278,Damon Griffin,CIN,WR,0.0,0.0,0.0,0.0,0.0,0.0,0.0,0.0,0.0,0.0,0.0,nfl_hist,damongriffin
