,player,team,position,pass_yds,pass_tds,pass_int,pass_att,pass_comp,rush_att,rush_yds,rush_tds,rcv_rec,rcv_yds,rcv_tds,source,pname_merge
0,Jay Fiedle,JAX,QB,113.0,1.0,0.0,14.0,12.0,3.0,27.0,0.0,0.0,0.0,0.0,nfl_hist,jayfiedle
1,Jeff George,MIN,QB,214.0,2.0,1.0,12.0,10.0,0.0,0.0,0.0,0.0,0.0,0.0,nfl_hist,jeffgeorge
2,Tim Couch,CLE,QB,161.0,1.0,0.0,23.0,18.0,2.0,36.0,0.0,0.0,0.0,0.0,nfl_hist,timcouch
3,Brian Griese,DEN,QB,363.0,2.0,1.0,31.0,19.0,5.0,-4.0,1.0,0.0,0.0,0.0,nfl_hist,briangriese
4,Kent Graham,NYG,QB,183.0,0.0,0.0,21.0,15.0,7.0,10.0,0.0,0.0,0.0,0.0,nfl_hist,kentgraham
5,Kurt Warne,STL,QB,111.0,1.0,0.0,20.0,13.0,2.0,3.0,0.0,0.0,0.0,0.0,nfl_hist,kurtwarne
6,Doug Pederson,PHI,QB,228.0,2.0,0.0,38.0,22.0,2.0,-2.0,0.0,0.0,0.0,0.0,nfl_hist,dougpederson
7,Steve Beuerlein,CAR,QB,300.0,4.0,3.0,36.0,23.0,1.0,4.0,0.0,0.0,0.0,0.0,nfl_hist,stevebeuerlein
8,Rich Gannon,OAK,QB,155.0,0.0,0.0,22.0,15.0,4.0,22.0,0.0,0.0,0.0,0.0,nfl_hist,richgannon
9,Billy Joe Tollive,NOR,QB,354.0,2.0,2.0,45.0,28.0,2.0,4.0,0.0,0.0,0.0,0.0,nfl_hist,billyjoetollive
10,Chris Chandle,ATL,QB,168.0,1.0,1.0,18.0,10.0,1.0,4.0,0.0,0.0,0.0,0.0,nfl_hist,chrischandle
11,Damon Huard,MIA,QB,240.0,2.0,1.0,42.0,24.0,6.0,54.0,0.0,0.0,0.0,0.0,nfl_hist,damonhuard
12,Mark Brunell,JAX,QB,109.0,0.0,0.0,19.0,12.0,2.0,8.0,0.0,0.0,0.0,0.0,nfl_hist,markbrunell
13,Gus Frerotte,DET,QB,140.0,0.0,0.0,24.0,15.0,1.0,4.0,0.0,0.0,0.0,0.0,nfl_hist,gusfrerotte
14,Peyton Manning,IND,QB,210.0,1.0,1.0,35.0,21.0,2.0,-3.0,0.0,0.0,0.0,0.0,nfl_hist,peytonmanning
15,Troy Aikman,DAL,QB,266.0,0.0,1.0,33.0,20.0,1.0,0.0,0.0,0.0,0.0,0.0,nfl_hist,troyaikman
16,Jeff Garcia,SFO,QB,236.0,1.0,0.0,45.0,22.0,4.0,24.0,0.0,0.0,0.0,0.0,nfl_hist,jeffgarcia
17,Kordell Stewart,PIT,QB,134.0,0.0,0.0,29.0,17.0,7.0,1.0,0.0,0.0,0.0,0.0,nfl_hist,kordellstewart
18,Jon Kitna,SEA,QB,151.0,1.0,1.0,29.0,17.0,1.0,0.0,0.0,0.0,0.0,0.0,nfl_hist,jonkitna
19,Charlie Batch,DET,QB,70.0,0.0,0.0,16.0,9.0,0.0,0.0,0.0,0.0,0.0,0.0,nfl_hist,charliebatch
20,Brad Johnson,WAS,QB,248.0,1.0,2.0,40.0,24.0,2.0,2.0,0.0,0.0,0.0,0.0,nfl_hist,bradjohnson
21,Drew Bledsoe,NWE,QB,225.0,1.0,1.0,36.0,17.0,1.0,6.0,0.0,0.0,0.0,0.0,nfl_hist,drewbledsoe
22,Ray Lucas,NYJ,QB,137.0,1.0,1.0,30.0,16.0,3.0,14.0,0.0,0.0,0.0,0.0,nfl_hist,raylucas
23,Cade McNown,CHI,QB,255.0,1.0,2.0,33.0,17.0,4.0,23.0,0.0,0.0,0.0,0.0,nfl_hist,cademcnown
24,Neil O'Donnell,TEN,QB,124.0,2.0,2.0,25.0,12.0,5.0,4.0,0.0,0.0,0.0,0.0,nfl_hist,neilodonnell
25,Dave Brown,ARI,QB,117.0,1.0,1.0,20.0,8.0,1.0,6.0,0.0,0.0,0.0,0.0,nfl_hist,davebrown
26,Tony Graziani,ATL,QB,126.0,0.0,1.0,18.0,10.0,0.0,0.0,0.0,0.0,0.0,0.0,nfl_hist,tonygraziani
27,Randall Cunningham,MIN,QB,78.0,0.0,1.0,15.0,10.0,0.0,0.0,0.0,0.0,0.0,0.0,nfl_hist,randallcunningham
28,Akili Smith,CIN,QB,207.0,0.0,2.0,38.0,19.0,3.0,7.0,0.0,0.0,0.0,0.0,nfl_hist,akilismith
29,Erik Krame,SDG,QB,296.0,0.0,4.0,44.0,27.0,0.0,0.0,0.0,0.0,0.0,0.0,nfl_hist,erikkrame
30,Doug Flutie,BUF,QB,210.0,1.0,3.0,41.0,19.0,3.0,23.0,0.0,0.0,0.0,0.0,nfl_hist,dougflutie
31,Mikhael Ricks,SDG,WR,0.0,0.0,0.0,1.0,0.0,0.0,0.0,0.0,2.0,22.0,0.0,nfl_hist,mikhaelricks
32,Torrance Small,PHI,WR,0.0,0.0,0.0,1.0,0.0,0.0,0.0,0.0,6.0,50.0,0.0,nfl_hist,torrancesmall
33,Jake Plumme,ARI,QB,99.0,0.0,2.0,23.0,12.0,0.0,0.0,0.0,0.0,0.0,0.0,nfl_hist,jakeplumme
34,Brett Favre,GNB,QB,120.0,0.0,3.0,23.0,7.0,1.0,9.0,0.0,0.0,0.0,0.0,nfl_hist,brettfavre
35,Dan Marino,MIA,QB,8.0,0.0,1.0,3.0,1.0,0.0,0.0,0.0,0.0,0.0,0.0,nfl_hist,danmarino
36,Marshall Faulk,STL,RB,0.0,0.0,0.0,0.0,0.0,18.0,181.0,1.0,3.0,32.0,0.0,nfl_hist,marshallfaulk
37,Eddie George,TEN,RB,0.0,0.0,0.0,0.0,0.0,28.0,155.0,0.0,1.0,12.0,0.0,nfl_hist,eddiegeorge
38,Curtis Martin,NYJ,RB,0.0,0.0,0.0,0.0,0.0,23.0,128.0,0.0,1.0,8.0,0.0,nfl_hist,curtismartin
39,Olandis Gary,DEN,RB,0.0,0.0,0.0,0.0,0.0,37.0,124.0,1.0,2.0,26.0,0.0,nfl_hist,olandisgary
40,Jerome Bettis,PIT,RB,0.0,0.0,0.0,0.0,0.0,26.0,111.0,2.0,1.0,4.0,0.0,nfl_hist,jeromebettis
41,Edgerrin James,IND,RB,0.0,0.0,0.0,0.0,0.0,26.0,111.0,0.0,4.0,20.0,0.0,nfl_hist,edgerrinjames
42,Duce Staley,PHI,RB,0.0,0.0,0.0,0.0,0.0,23.0,101.0,0.0,4.0,37.0,0.0,nfl_hist,ducestaley
43,Tyrone Wheatley,OAK,RB,0.0,0.0,0.0,0.0,0.0,25.0,97.0,2.0,2.0,21.0,0.0,nfl_hist,tyronewheatley
44,Stephen Davis,WAS,RB,0.0,0.0,0.0,0.0,0.0,18.0,91.0,0.0,1.0,2.0,0.0,nfl_hist,stephendavis
45,Curtis Enis,CHI,RB,0.0,0.0,0.0,0.0,0.0,24.0,86.0,0.0,0.0,0.0,0.0,nfl_hist,curtisenis
46,Charlie Garne,SFO,RB,0.0,0.0,0.0,0.0,0.0,16.0,85.0,0.0,3.0,24.0,0.0,nfl_hist,charliegarne
47,Tim Biakabutuka,CAR,RB,0.0,0.0,0.0,0.0,0.0,20.0,83.0,0.0,1.0,0.0,0.0,nfl_hist,timbiakabutuka
48,Corey Dillon,CIN,RB,0.0,0.0,0.0,0.0,0.0,16.0,78.0,0.0,2.0,24.0,0.0,nfl_hist,coreydillon
49,Napoleon Kaufman,OAK,RB,0.0,0.0,0.0,0.0,0.0,12.0,72.0,0.0,1.0,1.0,0.0,nfl_hist,napoleonkaufman
50,Terry Kirby,CLE,RB,0.0,0.0,0.0,0.0,0.0,22.0,71.0,0.0,3.0,21.0,1.0,nfl_hist,terrykirby
51,Greg Hill,DET,RB,0.0,0.0,0.0,0.0,0.0,11.0,67.0,0.0,2.0,15.0,0.0,nfl_hist,greghill
52,Cecil Collins,MIA,RB,0.0,0.0,0.0,0.0,0.0,20.0,59.0,0.0,1.0,5.0,0.0,nfl_hist,cecilcollins
53,James Stewart,JAX,RB,0.0,0.0,0.0,0.0,0.0,23.0,58.0,1.0,3.0,12.0,0.0,nfl_hist,jamesstewart
54,Antowain Smith,BUF,RB,0.0,0.0,0.0,0.0,0.0,5.0,57.0,1.0,0.0,0.0,0.0,nfl_hist,antowainsmith
55,Ricky Watters,SEA,RB,0.0,0.0,0.0,0.0,0.0,21.0,54.0,0.0,2.0,12.0,0.0,nfl_hist,rickywatters
56,Adrian Murrell,ARI,RB,0.0,0.0,0.0,0.0,0.0,15.0,51.0,0.0,7.0,20.0,0.0,nfl_hist,adrianmurrell
57,Skip Hicks,WAS,RB,0.0,0.0,0.0,0.0,0.0,9.0,45.0,1.0,1.0,13.0,0.0,nfl_hist,skiphicks
58,Leroy Hoard,MIN,RB,0.0,0.0,0.0,0.0,0.0,13.0,45.0,1.0,0.0,0.0,0.0,nfl_hist,leroyhoard
59,Ron Rivers,DET,HB,0.0,0.0,0.0,0.0,0.0,11.0,45.0,0.0,1.0,6.0,0.0,nfl_hist,ronrivers
60,Tiki Barbe,NYG,RB,0.0,0.0,0.0,0.0,0.0,10.0,35.0,0.0,5.0,73.0,0.0,nfl_hist,tikibarbe
61,Natrone Means,SDG,RB,0.0,0.0,0.0,0.0,0.0,17.0,35.0,1.0,2.0,7.0,0.0,nfl_hist,natronemeans
62,Ricky Williams,NOR,RB,0.0,0.0,0.0,0.0,0.0,17.0,35.0,0.0,0.0,0.0,0.0,nfl_hist,rickywilliams
63,Ken Oxendine,ATL,RB,0.0,0.0,0.0,0.0,0.0,9.0,32.0,0.0,2.0,20.0,0.0,nfl_hist,kenoxendine
64,Jonathan Linton,BUF,FB,0.0,0.0,0.0,0.0,0.0,5.0,29.0,0.0,5.0,20.0,0.0,nfl_hist,jonathanlinton
65,Emmitt Smith,DAL,RB,0.0,0.0,0.0,0.0,0.0,22.0,26.0,1.0,0.0,0.0,0.0,nfl_hist,emmittsmith
66,Howard Griffith,DEN,FB,0.0,0.0,0.0,0.0,0.0,7.0,25.0,0.0,1.0,8.0,0.0,nfl_hist,howardgriffith
67,Gary Brown,NYG,RB,0.0,0.0,0.0,0.0,0.0,10.0,23.0,0.0,0.0,0.0,0.0,nfl_hist,garybrown
68,Terry Allen,NWE,RB,0.0,0.0,0.0,0.0,0.0,10.0,19.0,0.0,2.0,18.0,0.0,nfl_hist,terryallen
69,Larry Centers,WAS,FB,0.0,0.0,0.0,0.0,0.0,3.0,18.0,0.0,5.0,34.0,0.0,nfl_hist,larrycenters
70,Richard Huntley,PIT,RB,0.0,0.0,0.0,0.0,0.0,4.0,18.0,0.0,2.0,8.0,0.0,nfl_hist,richardhuntley
71,Lawrence Phillips,SFO,RB,0.0,0.0,0.0,0.0,0.0,3.0,18.0,0.0,0.0,0.0,0.0,nfl_hist,lawrencephillips
72,Lamont Warren,NWE,RB,0.0,0.0,0.0,0.0,0.0,1.0,18.0,0.0,3.0,17.0,0.0,nfl_hist,lamontwarren
73,Kenny Bynum,SDG,RB,0.0,0.0,0.0,0.0,0.0,2.0,16.0,0.0,0.0,0.0,0.0,nfl_hist,kennybynum
74,Lamar Smith,NOR,RB,0.0,0.0,0.0,0.0,0.0,2.0,16.0,0.0,2.0,9.0,1.0,nfl_hist,lamarsmith
75,Michael Pittman,ARI,RB,0.0,0.0,0.0,0.0,0.0,2.0,15.0,0.0,2.0,33.0,0.0,nfl_hist,michaelpittman
76,Bernie Parmalee,NYJ,RB,0.0,0.0,0.0,0.0,0.0,3.0,14.0,0.0,1.0,-2.0,0.0,nfl_hist,bernieparmalee
77,Robert Smith,MIN,RB,0.0,0.0,0.0,0.0,0.0,4.0,14.0,0.0,0.0,0.0,0.0,nfl_hist,robertsmith
78,Dorsey Levens,GNB,RB,0.0,0.0,0.0,0.0,0.0,10.0,12.0,1.0,1.0,0.0,0.0,nfl_hist,dorseylevens
79,Fred Lane,CAR,RB,0.0,0.0,0.0,0.0,0.0,4.0,11.0,0.0,0.0,0.0,0.0,nfl_hist,fredlane
80,Tim Dwight,ATL,WR,0.0,0.0,0.0,0.0,0.0,1.0,9.0,0.0,2.0,56.0,0.0,nfl_hist,timdwight
81,Brian Mitchell,WAS,RB,0.0,0.0,0.0,0.0,0.0,1.0,9.0,0.0,1.0,9.0,0.0,nfl_hist,brianmitchell
82,Stanley Pritchett,MIA,FB,0.0,0.0,0.0,0.0,0.0,3.0,8.0,0.0,6.0,33.0,1.0,nfl_hist,stanleypritchett
83,Reggie Brown,SEA,FB,0.0,0.0,0.0,0.0,0.0,4.0,7.0,0.0,2.0,9.0,0.0,nfl_hist,reggiebrown
84,Chris Howard,JAX,RB,0.0,0.0,0.0,0.0,0.0,3.0,7.0,0.0,0.0,0.0,0.0,nfl_hist,chrishoward
85,Charles Way,NYG,FB,0.0,0.0,0.0,0.0,0.0,3.0,7.0,0.0,0.0,0.0,0.0,nfl_hist,charlesway
86,John Avery,DEN,RB,0.0,0.0,0.0,0.0,0.0,2.0,6.0,0.0,1.0,11.0,0.0,nfl_hist,johnavery
87,Marc Edwards,CLE,FB,0.0,0.0,0.0,0.0,0.0,2.0,5.0,0.0,3.0,35.0,0.0,nfl_hist,marcedwards
88,Chris Warren,DAL,RB,0.0,0.0,0.0,0.0,0.0,1.0,5.0,0.0,3.0,40.0,0.0,nfl_hist,chriswarren
89,Zack Crockett,OAK,RB,0.0,0.0,0.0,0.0,0.0,7.0,4.0,0.0,0.0,0.0,0.0,nfl_hist,zackcrockett
90,Glyn Milburn,CHI,RB,0.0,0.0,0.0,0.0,0.0,1.0,4.0,0.0,0.0,0.0,0.0,nfl_hist,glynmilburn
91,Kevin Dyson,TEN,WR,0.0,0.0,0.0,0.0,0.0,1.0,3.0,0.0,3.0,41.0,1.0,nfl_hist,kevindyson
92,Kevin Faulk,NWE,RB,0.0,0.0,0.0,0.0,0.0,2.0,3.0,0.0,0.0,0.0,0.0,nfl_hist,kevinfaulk
93,William Floyd,CAR,FB,0.0,0.0,0.0,0.0,0.0,2.0,3.0,0.0,1.0,9.0,0.0,nfl_hist,williamfloyd
94,Byron Hanspard,ATL,RB,0.0,0.0,0.0,0.0,0.0,5.0,3.0,0.0,1.0,23.0,0.0,nfl_hist,byronhanspard
95,Rob Konrad,MIA,FB,0.0,0.0,0.0,0.0,0.0,1.0,3.0,0.0,1.0,3.0,0.0,nfl_hist,robkonrad
96,Amp Lee,STL,RB,0.0,0.0,0.0,0.0,0.0,3.0,3.0,0.0,0.0,0.0,0.0,nfl_hist,amplee
97,Joel Makovicka,ARI,FB,0.0,0.0,0.0,0.0,0.0,1.0,3.0,0.0,2.0,18.0,0.0,nfl_hist,joelmakovicka
98,Rodney Thomas,TEN,RB,0.0,0.0,0.0,0.0,0.0,1.0,3.0,0.0,0.0,0.0,0.0,nfl_hist,rodneythomas
99,Germane Crowell,DET,WR,0.0,0.0,0.0,0.0,0.0,1.0,2.0,0.0,8.0,61.0,0.0,nfl_hist,germanecrowell
100,Robert Holcombe,STL,FB,0.0,0.0,0.0,0.0,0.0,5.0,2.0,1.0,2.0,14.0,0.0,nfl_hist,robertholcombe
101,Rashaan Salaam,CLE,RB,0.0,0.0,0.0,0.0,0.0,1.0,2.0,0.0,0.0,0.0,0.0,nfl_hist,rashaansalaam
102,Daimon Shelton,JAX,FB,0.0,0.0,0.0,0.0,0.0,1.0,2.0,0.0,1.0,11.0,0.0,nfl_hist,daimonshelton
103,Michael Westbrook,WAS,WR,0.0,0.0,0.0,0.0,0.0,1.0,2.0,0.0,3.0,25.0,0.0,nfl_hist,michaelwestbrook
104,Tavian Banks,JAX,RB,0.0,0.0,0.0,0.0,0.0,1.0,1.0,0.0,5.0,40.0,0.0,nfl_hist,tavianbanks
105,Moe Williams,MIN,RB,0.0,0.0,0.0,0.0,0.0,2.0,1.0,0.0,0.0,0.0,0.0,nfl_hist,moewilliams
106,Cecil Martin,PHI,FB,0.0,0.0,0.0,0.0,0.0,1.0,0.0,0.0,2.0,1.0,0.0,nfl_hist,cecilmartin
107,Mack Strong,SEA,FB,0.0,0.0,0.0,0.0,0.0,1.0,0.0,0.0,0.0,0.0,0.0,nfl_hist,mackstrong
108,Michael Basnight,CIN,RB,0.0,0.0,0.0,0.0,0.0,1.0,-1.0,0.0,0.0,0.0,0.0,nfl_hist,michaelbasnight
109,George Jones,CLE,RB,0.0,0.0,0.0,0.0,0.0,1.0,-1.0,0.0,0.0,0.0,0.0,nfl_hist,georgejones
110,Bob Christian,ATL,FB,0.0,0.0,0.0,0.0,0.0,3.0,-2.0,0.0,3.0,31.0,1.0,nfl_hist,bobchristian
111,Terrell Fletche,SDG,RB,0.0,0.0,0.0,0.0,0.0,2.0,-2.0,0.0,6.0,57.0,0.0,nfl_hist,terrellfletche
112,J.J. Johnson,MIA,RB,0.0,0.0,0.0,0.0,0.0,2.0,-2.0,0.0,2.0,16.0,0.0,nfl_hist,jjjohnson
113,Fred Beasley,SFO,FB,0.0,0.0,0.0,0.0,0.0,1.0,-3.0,0.0,4.0,46.0,0.0,nfl_hist,fredbeasley
114,Rocket Ismail,DAL,WR,0.0,0.0,0.0,0.0,0.0,1.0,-7.0,0.0,4.0,74.0,0.0,nfl_hist,rocketismail
115,David Boston,ARI,WR,0.0,0.0,0.0,0.0,0.0,1.0,-8.0,0.0,3.0,44.0,0.0,nfl_hist,davidboston
116,John Jett,DET,P,0.0,0.0,0.0,0.0,0.0,1.0,-8.0,0.0,0.0,0.0,0.0,nfl_hist,johnjett
117,Marcus Robinson,CHI,WR,0.0,0.0,0.0,0.0,0.0,0.0,0.0,0.0,4.0,136.0,1.0,nfl_hist,marcusrobinson
118,Randy Moss,MIN,WR,0.0,0.0,0.0,0.0,0.0,0.0,0.0,0.0,10.0,125.0,1.0,nfl_hist,randymoss
119,Byron Chamberlain,DEN,TE,0.0,0.0,0.0,0.0,0.0,0.0,0.0,0.0,3.0,123.0,0.0,nfl_hist,byronchamberlain
120,Tony Martin,MIA,WR,0.0,0.0,0.0,0.0,0.0,0.0,0.0,0.0,7.0,118.0,1.0,nfl_hist,tonymartin
121,Ed McCaffrey,DEN,WR,0.0,0.0,0.0,0.0,0.0,0.0,0.0,0.0,5.0,116.0,2.0,nfl_hist,edmccaffrey
122,Albert Connell,WAS,WR,0.0,0.0,0.0,0.0,0.0,0.0,0.0,0.0,8.0,110.0,0.0,nfl_hist,albertconnell
123,Muhsin Muhammad,CAR,WR,0.0,0.0,0.0,0.0,0.0,0.0,0.0,0.0,6.0,96.0,1.0,nfl_hist,muhsinmuhammad
124,Eddie Kennison,NOR,WR,0.0,0.0,0.0,0.0,0.0,0.0,0.0,0.0,7.0,94.0,0.0,nfl_hist,eddiekennison
125,Patrick Jeffers,CAR,WR,0.0,0.0,0.0,0.0,0.0,0.0,0.0,0.0,6.0,93.0,2.0,nfl_hist,patrickjeffers
126,Jeff Graham,SDG,WR,0.0,0.0,0.0,0.0,0.0,0.0,0.0,0.0,6.0,92.0,0.0,nfl_hist,jeffgraham
127,Cam Cleeland,NOR,TE,0.0,0.0,0.0,0.0,0.0,0.0,0.0,0.0,7.0,84.0,0.0,nfl_hist,camcleeland
128,Keenan McCardell,JAX,WR,0.0,0.0,0.0,0.0,0.0,0.0,0.0,0.0,7.0,76.0,0.0,nfl_hist,keenanmccardell
129,Ernie Mills,DAL,WR,0.0,0.0,0.0,0.0,0.0,0.0,0.0,0.0,6.0,76.0,0.0,nfl_hist,erniemills
130,Terance Mathis,ATL,WR,0.0,0.0,0.0,0.0,0.0,0.0,0.0,0.0,7.0,75.0,0.0,nfl_hist,terancemathis
131,Freddie Jones,SDG,TE,0.0,0.0,0.0,0.0,0.0,0.0,0.0,0.0,5.0,74.0,0.0,nfl_hist,freddiejones
132,Johnnie Morton,DET,WR,0.0,0.0,0.0,0.0,0.0,0.0,0.0,0.0,8.0,74.0,0.0,nfl_hist,johnniemorton
133,Reggie Kelly,ATL,TE,0.0,0.0,0.0,0.0,0.0,0.0,0.0,0.0,3.0,70.0,0.0,nfl_hist,reggiekelly
134,Wesley Walls,CAR,TE,0.0,0.0,0.0,0.0,0.0,0.0,0.0,0.0,5.0,70.0,1.0,nfl_hist,wesleywalls
135,Dietrich Jells,PHI,WR,0.0,0.0,0.0,0.0,0.0,0.0,0.0,0.0,2.0,69.0,1.0,nfl_hist,dietrichjells
136,Vincent Brisby,NWE,WR,0.0,0.0,0.0,0.0,0.0,0.0,0.0,0.0,3.0,68.0,0.0,nfl_hist,vincentbrisby
137,Frank Sanders,ARI,WR,0.0,0.0,0.0,0.0,0.0,0.0,0.0,0.0,3.0,68.0,0.0,nfl_hist,franksanders
138,Jake Reed,MIN,WR,0.0,0.0,0.0,0.0,0.0,0.0,0.0,0.0,3.0,66.0,0.0,nfl_hist,jakereed
139,Shawn Jefferson,NWE,WR,0.0,0.0,0.0,0.0,0.0,0.0,0.0,0.0,4.0,65.0,0.0,nfl_hist,shawnjefferson
140,Scott Slutzke,NOR,TE,0.0,0.0,0.0,0.0,0.0,0.0,0.0,0.0,4.0,63.0,1.0,nfl_hist,scottslutzke
141,Kevin Williams,BUF,WR,0.0,0.0,0.0,0.0,0.0,0.0,0.0,0.0,4.0,63.0,0.0,nfl_hist,kevinwilliams
142,Jimmy Smith,JAX,WR,0.0,0.0,0.0,0.0,0.0,0.0,0.0,0.0,6.0,62.0,0.0,nfl_hist,jimmysmith
143,Christian Fauria,SEA,TE,0.0,0.0,0.0,0.0,0.0,0.0,0.0,0.0,4.0,60.0,0.0,nfl_hist,christianfauria
144,Ken Dilge,IND,TE,0.0,0.0,0.0,0.0,0.0,0.0,0.0,0.0,4.0,59.0,0.0,nfl_hist,kendilge
145,Bobby Engram,CHI,WR,0.0,0.0,0.0,0.0,0.0,0.0,0.0,0.0,6.0,59.0,0.0,nfl_hist,bobbyengram
146,Jerry Rice,SFO,WR,0.0,0.0,0.0,0.0,0.0,0.0,0.0,0.0,5.0,59.0,1.0,nfl_hist,jerryrice
147,Troy Edwards,PIT,WR,0.0,0.0,0.0,0.0,0.0,0.0,0.0,0.0,4.0,58.0,0.0,nfl_hist,troyedwards
148,Rod Smith,DEN,WR,0.0,0.0,0.0,0.0,0.0,0.0,0.0,0.0,4.0,57.0,0.0,nfl_hist,rodsmith
149,Corey Bradford,GNB,WR,0.0,0.0,0.0,0.0,0.0,0.0,0.0,0.0,1.0,54.0,0.0,nfl_hist,coreybradford
150,Eric Moulds,BUF,WR,0.0,0.0,0.0,0.0,0.0,0.0,0.0,0.0,3.0,54.0,1.0,nfl_hist,ericmoulds
151,Carl Pickens,CIN,WR,0.0,0.0,0.0,0.0,0.0,0.0,0.0,0.0,4.0,54.0,0.0,nfl_hist,carlpickens
152,J.J. Stokes,SFO,WR,0.0,0.0,0.0,0.0,0.0,0.0,0.0,0.0,3.0,53.0,0.0,nfl_hist,jjstokes
153,Wayne Chrebet,NYJ,WR,0.0,0.0,0.0,0.0,0.0,0.0,0.0,0.0,5.0,51.0,0.0,nfl_hist,waynechrebet
154,Troy Drayton,MIA,TE,0.0,0.0,0.0,0.0,0.0,0.0,0.0,0.0,4.0,49.0,0.0,nfl_hist,troydrayton
155,Tony Simmons,NWE,WR,0.0,0.0,0.0,0.0,0.0,0.0,0.0,0.0,3.0,49.0,1.0,nfl_hist,tonysimmons
156,Isaac Bruce,STL,WR,0.0,0.0,0.0,0.0,0.0,0.0,0.0,0.0,6.0,48.0,1.0,nfl_hist,isaacbruce
157,Tim Brown,OAK,WR,0.0,0.0,0.0,0.0,0.0,0.0,0.0,0.0,3.0,47.0,0.0,nfl_hist,timbrown
158,Damon Griffin,CIN,WR,0.0,0.0,0.0,0.0,0.0,0.0,0.0,0.0,4.0,46.0,0.0,nfl_hist,damongriffin
159,Cris Carte,MIN,WR,0.0,0.0,0.0,0.0,0.0,0.0,0.0,0.0,4.0,45.0,1.0,nfl_hist,criscarte
160,Darrin Chiaverini,CLE,WR,0.0,0.0,0.0,0.0,0.0,0.0,0.0,0.0,5.0,45.0,0.0,nfl_hist,darrinchiaverini
161,Keyshawn Johnson,NYJ,WR,0.0,0.0,0.0,0.0,0.0,0.0,0.0,0.0,5.0,45.0,0.0,nfl_hist,keyshawnjohnson
162,Amani Toome,NYG,WR,0.0,0.0,0.0,0.0,0.0,0.0,0.0,0.0,5.0,44.0,0.0,nfl_hist,amanitoome
163,Greg Clark,SFO,TE,0.0,0.0,0.0,0.0,0.0,0.0,0.0,0.0,5.0,43.0,0.0,nfl_hist,gregclark
164,Andrew Glove,MIN,WR,0.0,0.0,0.0,0.0,0.0,0.0,0.0,0.0,2.0,42.0,0.0,nfl_hist,andrewglove
165,Andre Hastings,NOR,WR,0.0,0.0,0.0,0.0,0.0,0.0,0.0,0.0,1.0,42.0,0.0,nfl_hist,andrehastings
166,Jerome Pathon,IND,WR,0.0,0.0,0.0,0.0,0.0,0.0,0.0,0.0,4.0,42.0,0.0,nfl_hist,jeromepathon
167,Ike Hilliard,NYG,WR,0.0,0.0,0.0,0.0,0.0,0.0,0.0,0.0,2.0,41.0,0.0,nfl_hist,ikehilliard
168,Bill Schroede,GNB,WR,0.0,0.0,0.0,0.0,0.0,0.0,0.0,0.0,3.0,41.0,0.0,nfl_hist,billschroede
169,Marvin Harrison,IND,WR,0.0,0.0,0.0,0.0,0.0,0.0,0.0,0.0,6.0,40.0,0.0,nfl_hist,marvinharrison
170,Terrence Wilkins,IND,KR,0.0,0.0,0.0,0.0,0.0,0.0,0.0,0.0,2.0,40.0,1.0,nfl_hist,terrencewilkins
171,Willie Jackson,CIN,WR,0.0,0.0,0.0,0.0,0.0,0.0,0.0,0.0,3.0,39.0,0.0,nfl_hist,williejackson
172,Kevin Johnson,CLE,WR,0.0,0.0,0.0,0.0,0.0,0.0,0.0,0.0,3.0,38.0,0.0,nfl_hist,kevinjohnson
173,James Jett,OAK,WR,0.0,0.0,0.0,0.0,0.0,0.0,0.0,0.0,4.0,37.0,0.0,nfl_hist,jamesjett
174,Wane McGarity,DAL,WR,0.0,0.0,0.0,0.0,0.0,0.0,0.0,0.0,3.0,36.0,0.0,nfl_hist,wanemcgarity
175,Derrick Mayes,SEA,WR,0.0,0.0,0.0,0.0,0.0,0.0,0.0,0.0,4.0,32.0,0.0,nfl_hist,derrickmayes
176,Derrick Mason,TEN,WR,0.0,0.0,0.0,0.0,0.0,0.0,0.0,0.0,1.0,31.0,0.0,nfl_hist,derrickmason
177,Charles Johnson,PHI,WR,0.0,0.0,0.0,0.0,0.0,0.0,0.0,0.0,4.0,30.0,0.0,nfl_hist,charlesjohnson
178,Peerless Price,BUF,WR,0.0,0.0,0.0,0.0,0.0,0.0,0.0,0.0,2.0,30.0,0.0,nfl_hist,peerlessprice
179,David Sloan,DET,TE,0.0,0.0,0.0,0.0,0.0,0.0,0.0,0.0,3.0,30.0,0.0,nfl_hist,davidsloan
180,Jay Riemersma,BUF,TE,0.0,0.0,0.0,0.0,0.0,0.0,0.0,0.0,2.0,26.0,0.0,nfl_hist,jayriemersma
181,Keith Poole,NOR,WR,0.0,0.0,0.0,0.0,0.0,0.0,0.0,0.0,2.0,25.0,0.0,nfl_hist,keithpoole
182,Jason Tucke,DAL,WR,0.0,0.0,0.0,0.0,0.0,0.0,0.0,0.0,2.0,25.0,0.0,nfl_hist,jasontucke
183,Will Blackwell,PIT,WR,0.0,0.0,0.0,0.0,0.0,0.0,0.0,0.0,3.0,24.0,0.0,nfl_hist,willblackwell
184,Mike Pritchard,SEA,WR,0.0,0.0,0.0,0.0,0.0,0.0,0.0,0.0,3.0,24.0,0.0,nfl_hist,mikepritchard
185,Brian Stablein,DET,WR,0.0,0.0,0.0,0.0,0.0,0.0,0.0,0.0,2.0,24.0,0.0,nfl_hist,brianstablein
186,Andre Reed,BUF,WR,0.0,0.0,0.0,0.0,0.0,0.0,0.0,0.0,2.0,23.0,0.0,nfl_hist,andrereed
187,Edgar Bennett,CHI,RB,0.0,0.0,0.0,0.0,0.0,0.0,0.0,0.0,3.0,22.0,0.0,nfl_hist,edgarbennett
188,Aaron Crave,NOR,FB,0.0,0.0,0.0,0.0,0.0,0.0,0.0,0.0,4.0,22.0,0.0,nfl_hist,aaroncrave
189,Tremayne Stephens,SDG,RB,0.0,0.0,0.0,0.0,0.0,0.0,0.0,0.0,3.0,22.0,0.0,nfl_hist,tremaynestephens
190,Kyle Brady,JAX,TE,0.0,0.0,0.0,0.0,0.0,0.0,0.0,0.0,2.0,21.0,1.0,nfl_hist,kylebrady
191,Irving Frya,WAS,WR,0.0,0.0,0.0,0.0,0.0,0.0,0.0,0.0,2.0,20.0,0.0,nfl_hist,irvingfrya
192,O.J. McDuffie,MIA,WR,0.0,0.0,0.0,0.0,0.0,0.0,0.0,0.0,3.0,20.0,0.0,nfl_hist,ojmcduffie
193,Jon Ritchie,OAK,FB,0.0,0.0,0.0,0.0,0.0,0.0,0.0,0.0,2.0,20.0,0.0,nfl_hist,jonritchie
194,Chris Calloway,ATL,WR,0.0,0.0,0.0,0.0,0.0,0.0,0.0,0.0,2.0,19.0,0.0,nfl_hist,chriscalloway
195,Eric Metcalf,CAR,WR,0.0,0.0,0.0,0.0,0.0,0.0,0.0,0.0,3.0,19.0,0.0,nfl_hist,ericmetcalf
196,Ryan Wetnight,CHI,TE,0.0,0.0,0.0,0.0,0.0,0.0,0.0,0.0,2.0,19.0,0.0,nfl_hist,ryanwetnight
197,Stephen Alexande,WAS,TE,0.0,0.0,0.0,0.0,0.0,0.0,0.0,0.0,2.0,18.0,1.0,nfl_hist,stephenalexande
198,Richie Anderson,NYJ,FB,0.0,0.0,0.0,0.0,0.0,0.0,0.0,0.0,1.0,18.0,1.0,nfl_hist,richieanderson
199,Luther Broughton,PHI,TE,0.0,0.0,0.0,0.0,0.0,0.0,0.0,0.0,2.0,18.0,1.0,nfl_hist,lutherbroughton
200,Irv Smith,CLE,TE,0.0,0.0,0.0,0.0,0.0,0.0,0.0,0.0,3.0,18.0,0.0,nfl_hist,irvsmith
201,Hines Ward,PIT,WR,0.0,0.0,0.0,0.0,0.0,0.0,0.0,0.0,3.0,18.0,0.0,nfl_hist,hinesward
202,Dwayne Carswell,DEN,TE,0.0,0.0,0.0,0.0,0.0,0.0,0.0,0.0,2.0,17.0,0.0,nfl_hist,dwaynecarswell
203,Courtney Hawkins,PIT,WR,0.0,0.0,0.0,0.0,0.0,0.0,0.0,0.0,3.0,17.0,0.0,nfl_hist,courtneyhawkins
204,Mike Sellers,WAS,FB,0.0,0.0,0.0,0.0,0.0,0.0,0.0,0.0,1.0,17.0,0.0,nfl_hist,mikesellers
205,Derrick Walke,OAK,TE,0.0,0.0,0.0,0.0,0.0,0.0,0.0,0.0,2.0,17.0,0.0,nfl_hist,derrickwalke
206,Roland Williams,STL,TE,0.0,0.0,0.0,0.0,0.0,0.0,0.0,0.0,2.0,17.0,0.0,nfl_hist,rolandwilliams
207,Mac Cody,ARI,WR,0.0,0.0,0.0,0.0,0.0,0.0,0.0,0.0,1.0,16.0,0.0,nfl_hist,maccody
208,Tyrone Davis,GNB,TE,0.0,0.0,0.0,0.0,0.0,0.0,0.0,0.0,1.0,16.0,0.0,nfl_hist,tyronedavis
209,Alonzo Mayes,CHI,TE,0.0,0.0,0.0,0.0,0.0,0.0,0.0,0.0,1.0,16.0,0.0,nfl_hist,alonzomayes
210,Chris Penn,SDG,WR,0.0,0.0,0.0,0.0,0.0,0.0,0.0,0.0,1.0,16.0,0.0,nfl_hist,chrispenn
211,Chris Sanders,TEN,WR,0.0,0.0,0.0,0.0,0.0,0.0,0.0,0.0,2.0,16.0,0.0,nfl_hist,chrissanders
212,Marco Battaglia,CIN,TE,0.0,0.0,0.0,0.0,0.0,0.0,0.0,0.0,2.0,15.0,0.0,nfl_hist,marcobattaglia
213,Brett Bech,NOR,WR,0.0,0.0,0.0,0.0,0.0,0.0,0.0,0.0,1.0,15.0,0.0,nfl_hist,brettbech
214,David LaFleu,DAL,TE,0.0,0.0,0.0,0.0,0.0,0.0,0.0,0.0,2.0,15.0,0.0,nfl_hist,davidlafleu
215,Lorenzo Neal,TEN,FB,0.0,0.0,0.0,0.0,0.0,0.0,0.0,0.0,3.0,15.0,1.0,nfl_hist,lorenzoneal
216,John Henry Mills,MIN,RB,0.0,0.0,0.0,0.0,0.0,0.0,0.0,0.0,1.0,14.0,0.0,nfl_hist,johnhenrymills
217,Pete Mitchell,NYG,TE,0.0,0.0,0.0,0.0,0.0,0.0,0.0,0.0,2.0,14.0,0.0,nfl_hist,petemitchell
218,Rae Carruth,CAR,WR,0.0,0.0,0.0,0.0,0.0,0.0,0.0,0.0,1.0,13.0,0.0,nfl_hist,raecarruth
219,Sean Dawkins,SEA,WR,0.0,0.0,0.0,0.0,0.0,0.0,0.0,0.0,1.0,13.0,0.0,nfl_hist,seandawkins
220,Na Brown,PHI,WR,0.0,0.0,0.0,0.0,0.0,0.0,0.0,0.0,1.0,12.0,0.0,nfl_hist,nabrown
221,Terry Mickens,OAK,WR,0.0,0.0,0.0,0.0,0.0,0.0,0.0,0.0,1.0,12.0,0.0,nfl_hist,terrymickens
222,Clif Groce,CIN,FB,0.0,0.0,0.0,0.0,0.0,0.0,0.0,0.0,2.0,11.0,0.0,nfl_hist,clifgroce
223,Joe Jurevicius,NYG,WR,0.0,0.0,0.0,0.0,0.0,0.0,0.0,0.0,1.0,11.0,0.0,nfl_hist,joejurevicius
224,Darnay Scott,CIN,WR,0.0,0.0,0.0,0.0,0.0,0.0,0.0,0.0,1.0,11.0,0.0,nfl_hist,darnayscott
225,Jed Weave,PHI,TE,0.0,0.0,0.0,0.0,0.0,0.0,0.0,0.0,1.0,11.0,0.0,nfl_hist,jedweave
226,Rob Moore,ARI,WR,0.0,0.0,0.0,0.0,0.0,0.0,0.0,0.0,1.0,10.0,1.0,nfl_hist,robmoore
227,Quinn Early,NYJ,WR,0.0,0.0,0.0,0.0,0.0,0.0,0.0,0.0,1.0,9.0,0.0,nfl_hist,quinnearly
228,Antonio Freeman,GNB,WR,0.0,0.0,0.0,0.0,0.0,0.0,0.0,0.0,1.0,9.0,0.0,nfl_hist,antoniofreeman
229,Paul Shields,IND,FB,0.0,0.0,0.0,0.0,0.0,0.0,0.0,0.0,1.0,9.0,0.0,nfl_hist,paulshields
230,Ben Coates,NWE,TE,0.0,0.0,0.0,0.0,0.0,0.0,0.0,0.0,2.0,8.0,0.0,nfl_hist,bencoates
231,Terry Hardy,ARI,TE,0.0,0.0,0.0,0.0,0.0,0.0,0.0,0.0,1.0,7.0,0.0,nfl_hist,terryhardy
232,Tony McGee,CIN,TE,0.0,0.0,0.0,0.0,0.0,0.0,0.0,0.0,1.0,7.0,0.0,nfl_hist,tonymcgee
233,Chad Fann,SFO,TE,0.0,0.0,0.0,0.0,0.0,0.0,0.0,0.0,1.0,6.0,0.0,nfl_hist,chadfann
234,Desmond Clark,DEN,TE,0.0,0.0,0.0,0.0,0.0,0.0,0.0,0.0,1.0,5.0,0.0,nfl_hist,desmondclark
235,Mark Harris,SFO,WR,0.0,0.0,0.0,0.0,0.0,0.0,0.0,0.0,1.0,5.0,0.0,nfl_hist,markharris
236,Fred McCrary,SDG,FB,0.0,0.0,0.0,0.0,0.0,0.0,0.0,0.0,1.0,5.0,0.0,nfl_hist,fredmccrary
237,Dedric Ward,NYJ,WR,0.0,0.0,0.0,0.0,0.0,0.0,0.0,0.0,1.0,5.0,0.0,nfl_hist,dedricward
238,Jon Witman,PIT,FB,0.0,0.0,0.0,0.0,0.0,0.0,0.0,0.0,1.0,5.0,0.0,nfl_hist,jonwitman
239,Frank Wycheck,TEN,TE,0.0,0.0,0.0,0.0,0.0,0.0,0.0,0.0,1.0,5.0,0.0,nfl_hist,frankwycheck
240,Isaac Byrd,TEN,WR,0.0,0.0,0.0,0.0,0.0,0.0,0.0,0.0,1.0,4.0,0.0,nfl_hist,isaacbyrd
241,David Dunn,CLE,,0.0,0.0,0.0,0.0,0.0,0.0,0.0,0.0,1.0,4.0,0.0,nfl_hist,daviddunn
242,Oronde Gadsden,MIA,WR,0.0,0.0,0.0,0.0,0.0,0.0,0.0,0.0,1.0,4.0,0.0,nfl_hist,orondegadsden
243,John Allred,CHI,TE,0.0,0.0,0.0,0.0,0.0,0.0,0.0,0.0,1.0,3.0,0.0,nfl_hist,johnallred
244,Fred Baxte,NYJ,TE,0.0,0.0,0.0,0.0,0.0,0.0,0.0,0.0,1.0,3.0,0.0,nfl_hist,fredbaxte
245,Itula Mili,SEA,TE,0.0,0.0,0.0,0.0,0.0,0.0,0.0,0.0,1.0,1.0,1.0,nfl_hist,itulamili
246,Alfred Pupunu,SDG,TE,0.0,0.0,0.0,0.0,0.0,0.0,0.0,0.0,1.0,1.0,0.0,nfl_hist,alfredpupunu
247,Robert Hicks,BUF,T,0.0,0.0,0.0,0.0,0.0,0.0,0.0,0.0,1.0,-6.0,0.0,nfl_hist,roberthicks
248,Ty Law,NWE,LCB,0.0,0.0,0.0,0.0,0.0,0.0,0.0,0.0,0.0,0.0,0.0,nfl_hist,tylaw
249,Travis McGriff,DEN,WR,0.0,0.0,0.0,0.0,0.0,0.0,0.0,0.0,0.0,0.0,0.0,nfl_hist,travismcgriff
250,Terry Fai,DET,RCB,0.0,0.0,0.0,0.0,0.0,0.0,0.0,0.0,0.0,0.0,0.0,nfl_hist,terryfai
251,Reggie Givens,SFO,LB,0.0,0.0,0.0,0.0,0.0,0.0,0.0,0.0,0.0,0.0,0.0,nfl_hist,reggiegivens
252,Grant Wistrom,STL,RDE,0.0,0.0,0.0,0.0,0.0,0.0,0.0,0.0,0.0,0.0,0.0,nfl_hist,grantwistrom
253,Eric Brown,DEN,FS,0.0,0.0,0.0,0.0,0.0,0.0,0.0,0.0,0.0,0.0,0.0,nfl_hist,ericbrown
254,Darryl Pounds,WAS,CB,0.0,0.0,0.0,0.0,0.0,0.0,0.0,0.0,0.0,0.0,0.0,nfl_hist,darrylpounds
