,player,team,position,pass_yds,pass_tds,pass_int,pass_att,pass_comp,rush_att,rush_yds,rush_tds,rcv_rec,rcv_yds,rcv_tds,source,pname_merge
0,Jerome Bettis,PIT,RB,21.0,1.0,0.0,1.0,1.0,13.0,39.0,0.0,4.0,11.0,0.0,nfl_hist,jeromebettis
1,Damon Huard,MIA,QB,75.0,1.0,0.0,7.0,6.0,0.0,0.0,0.0,0.0,0.0,0.0,nfl_hist,damonhuard
2,Doug Pederson,PHI,QB,108.0,1.0,0.0,12.0,8.0,2.0,-13.0,0.0,0.0,0.0,0.0,nfl_hist,dougpederson
3,Steve Beuerlein,CAR,QB,373.0,3.0,0.0,42.0,29.0,4.0,8.0,1.0,0.0,0.0,0.0,nfl_hist,stevebeuerlein
4,Kurt Warne,STL,QB,346.0,2.0,1.0,31.0,21.0,2.0,4.0,0.0,0.0,0.0,0.0,nfl_hist,kurtwarne
5,Jeff George,MIN,QB,190.0,2.0,0.0,23.0,13.0,2.0,7.0,0.0,0.0,0.0,0.0,nfl_hist,jeffgeorge
6,Elvis Grbac,KAN,QB,215.0,2.0,0.0,29.0,19.0,2.0,2.0,0.0,0.0,0.0,0.0,nfl_hist,elvisgrbac
7,Tony Banks,BAL,QB,268.0,3.0,0.0,26.0,8.0,6.0,0.0,0.0,0.0,0.0,0.0,nfl_hist,tonybanks
8,Peyton Manning,IND,QB,186.0,2.0,0.0,27.0,15.0,5.0,8.0,0.0,0.0,0.0,0.0,nfl_hist,peytonmanning
9,Rich Gannon,OAK,QB,273.0,1.0,1.0,28.0,20.0,1.0,3.0,0.0,0.0,0.0,0.0,nfl_hist,richgannon
10,Brett Favre,GNB,QB,302.0,2.0,1.0,38.0,26.0,5.0,29.0,0.0,0.0,0.0,0.0,nfl_hist,brettfavre
11,Drew Bledsoe,NWE,QB,379.0,1.0,1.0,44.0,31.0,4.0,18.0,0.0,0.0,0.0,0.0,nfl_hist,drewbledsoe
12,Ty Detme,CLE,QB,89.0,1.0,0.0,13.0,6.0,1.0,2.0,0.0,0.0,0.0,0.0,nfl_hist,tydetme
13,Shaun King,TAM,QB,297.0,2.0,1.0,37.0,23.0,3.0,7.0,0.0,0.0,0.0,0.0,nfl_hist,shaunking
14,Ray Lucas,NYJ,QB,230.0,2.0,0.0,38.0,22.0,4.0,20.0,0.0,0.0,0.0,0.0,nfl_hist,raylucas
15,Jeff Blake,CIN,QB,176.0,1.0,0.0,22.0,11.0,4.0,28.0,0.0,0.0,0.0,0.0,nfl_hist,jeffblake
16,Mike Tomczak,PIT,QB,249.0,2.0,0.0,41.0,22.0,1.0,2.0,0.0,0.0,0.0,0.0,nfl_hist,miketomczak
17,Jeff Garcia,SFO,QB,160.0,0.0,0.0,24.0,16.0,3.0,18.0,0.0,0.0,0.0,0.0,nfl_hist,jeffgarcia
18,Brian Griese,DEN,QB,275.0,2.0,2.0,33.0,21.0,3.0,13.0,0.0,0.0,0.0,0.0,nfl_hist,briangriese
19,Scott Covington,CIN,QB,4.0,0.0,0.0,1.0,1.0,2.0,-4.0,0.0,0.0,0.0,0.0,nfl_hist,scottcovington
20,Jon Kitna,SEA,QB,285.0,1.0,1.0,40.0,25.0,1.0,1.0,0.0,0.0,0.0,0.0,nfl_hist,jonkitna
21,Troy Aikman,DAL,QB,242.0,1.0,0.0,40.0,22.0,4.0,6.0,0.0,0.0,0.0,0.0,nfl_hist,troyaikman
22,Tim Couch,CLE,QB,239.0,2.0,2.0,28.0,16.0,0.0,0.0,0.0,0.0,0.0,0.0,nfl_hist,timcouch
23,Kordell Stewart,PIT,QB,0.0,0.0,0.0,1.0,1.0,0.0,0.0,0.0,4.0,71.0,1.0,nfl_hist,kordellstewart
24,Brad Johnson,WAS,QB,191.0,2.0,2.0,31.0,17.0,2.0,-2.0,0.0,0.0,0.0,0.0,nfl_hist,bradjohnson
25,Kerry Collins,NYG,QB,240.0,1.0,1.0,44.0,23.0,2.0,7.0,0.0,0.0,0.0,0.0,nfl_hist,kerrycollins
26,Jim Harbaugh,SDG,QB,229.0,0.0,1.0,35.0,20.0,3.0,23.0,0.0,0.0,0.0,0.0,nfl_hist,jimharbaugh
27,Doug Flutie,BUF,QB,184.0,1.0,1.0,32.0,15.0,6.0,25.0,0.0,0.0,0.0,0.0,nfl_hist,dougflutie
28,Steve Stenstrom,SFO,QB,9.0,0.0,0.0,2.0,1.0,0.0,0.0,0.0,0.0,0.0,0.0,nfl_hist,stevestenstrom
29,Gus Frerotte,DET,QB,241.0,0.0,1.0,44.0,23.0,2.0,4.0,0.0,0.0,0.0,0.0,nfl_hist,gusfrerotte
30,Mark Brunell,JAX,QB,115.0,0.0,0.0,25.0,11.0,5.0,8.0,0.0,0.0,0.0,0.0,nfl_hist,markbrunell
31,Steve McNai,TEN,QB,114.0,0.0,1.0,20.0,12.0,4.0,5.0,1.0,0.0,0.0,0.0,nfl_hist,stevemcnai
32,Dan Marino,MIA,QB,188.0,0.0,2.0,40.0,19.0,0.0,0.0,0.0,0.0,0.0,0.0,nfl_hist,danmarino
33,Tony Graziani,ATL,QB,11.0,0.0,0.0,9.0,1.0,0.0,0.0,0.0,0.0,0.0,0.0,nfl_hist,tonygraziani
34,Billy Joe Tollive,NOR,QB,188.0,1.0,3.0,28.0,12.0,1.0,6.0,0.0,0.0,0.0,0.0,nfl_hist,billyjoetollive
35,Chris Chandle,ATL,QB,95.0,0.0,1.0,18.0,8.0,1.0,11.0,0.0,0.0,0.0,0.0,nfl_hist,chrischandle
36,Donovan McNabb,PHI,QB,49.0,0.0,1.0,17.0,7.0,3.0,24.0,0.0,0.0,0.0,0.0,nfl_hist,donovanmcnabb
37,Jake Plumme,ARI,QB,147.0,0.0,3.0,32.0,15.0,2.0,6.0,0.0,0.0,0.0,0.0,nfl_hist,jakeplumme
38,Eddie George,TEN,FB,0.0,0.0,0.0,0.0,0.0,28.0,199.0,2.0,6.0,50.0,0.0,nfl_hist,eddiegeorge
39,Corey Dillon,CIN,RB,0.0,0.0,0.0,0.0,0.0,28.0,192.0,3.0,2.0,20.0,0.0,nfl_hist,coreydillon
40,Stephen Davis,WAS,RB,0.0,0.0,0.0,0.0,0.0,37.0,189.0,1.0,0.0,0.0,0.0,nfl_hist,stephendavis
41,Marshall Faulk,STL,RB,0.0,0.0,0.0,0.0,0.0,29.0,154.0,1.0,5.0,56.0,1.0,nfl_hist,marshallfaulk
42,Priest Holmes,BAL,RB,0.0,0.0,0.0,0.0,0.0,18.0,130.0,1.0,0.0,0.0,0.0,nfl_hist,priestholmes
43,Robert Smith,MIN,RB,0.0,0.0,0.0,0.0,0.0,21.0,118.0,0.0,2.0,21.0,0.0,nfl_hist,robertsmith
44,Charlie Garne,SFO,RB,0.0,0.0,0.0,0.0,0.0,26.0,107.0,1.0,5.0,62.0,0.0,nfl_hist,charliegarne
45,Edgerrin James,IND,RB,0.0,0.0,0.0,0.0,0.0,20.0,101.0,0.0,2.0,8.0,1.0,nfl_hist,edgerrinjames
46,Chris Warren,DAL,RB,0.0,0.0,0.0,0.0,0.0,25.0,92.0,1.0,4.0,46.0,0.0,nfl_hist,chriswarren
47,James Stewart,JAX,RB,0.0,0.0,0.0,0.0,0.0,18.0,79.0,2.0,0.0,0.0,0.0,nfl_hist,jamesstewart
48,Duce Staley,PHI,RB,0.0,0.0,0.0,0.0,0.0,18.0,78.0,0.0,3.0,11.0,0.0,nfl_hist,ducestaley
49,Joe Montgomery,NYG,RB,0.0,0.0,0.0,0.0,0.0,20.0,77.0,0.0,0.0,0.0,0.0,nfl_hist,joemontgomery
50,Curtis Martin,NYJ,RB,0.0,0.0,0.0,0.0,0.0,24.0,75.0,0.0,1.0,8.0,0.0,nfl_hist,curtismartin
51,Ricky Watters,SEA,RB,0.0,0.0,0.0,0.0,0.0,20.0,75.0,0.0,2.0,17.0,0.0,nfl_hist,rickywatters
52,Fred Taylo,JAX,RB,0.0,0.0,0.0,0.0,0.0,9.0,74.0,1.0,0.0,0.0,0.0,nfl_hist,fredtaylo
53,Richard Huntley,PIT,FB,0.0,0.0,0.0,0.0,0.0,8.0,68.0,0.0,0.0,0.0,0.0,nfl_hist,richardhuntley
54,Stanley Pritchett,MIA,HB,0.0,0.0,0.0,0.0,0.0,17.0,68.0,1.0,7.0,41.0,0.0,nfl_hist,stanleypritchett
55,Olandis Gary,DEN,RB,0.0,0.0,0.0,0.0,0.0,20.0,67.0,1.0,1.0,5.0,0.0,nfl_hist,olandisgary
56,Tony Richardson,KAN,FB,0.0,0.0,0.0,0.0,0.0,11.0,57.0,0.0,1.0,9.0,0.0,nfl_hist,tonyrichardson
57,Donnell Bennett,KAN,RB,0.0,0.0,0.0,0.0,0.0,13.0,55.0,1.0,0.0,0.0,0.0,nfl_hist,donnellbennett
58,Wilmont Perry,NOR,RB,0.0,0.0,0.0,0.0,0.0,14.0,54.0,0.0,1.0,4.0,0.0,nfl_hist,wilmontperry
59,Napoleon Kaufman,OAK,RB,0.0,0.0,0.0,0.0,0.0,7.0,51.0,0.0,3.0,62.0,0.0,nfl_hist,napoleonkaufman
60,Basil Mitchell,GNB,RB,0.0,0.0,0.0,0.0,0.0,12.0,49.0,0.0,4.0,39.0,0.0,nfl_hist,basilmitchell
61,Tyrone Wheatley,OAK,RB,0.0,0.0,0.0,0.0,0.0,11.0,49.0,0.0,2.0,26.0,0.0,nfl_hist,tyronewheatley
62,Michael Basnight,CIN,RB,0.0,0.0,0.0,0.0,0.0,12.0,44.0,0.0,1.0,4.0,0.0,nfl_hist,michaelbasnight
63,Natrone Means,SDG,RB,0.0,0.0,0.0,0.0,0.0,14.0,42.0,1.0,1.0,9.0,0.0,nfl_hist,natronemeans
64,Adrian Murrell,ARI,RB,0.0,0.0,0.0,0.0,0.0,8.0,41.0,0.0,4.0,44.0,0.0,nfl_hist,adrianmurrell
65,Leroy Hoard,MIN,RB,0.0,0.0,0.0,0.0,0.0,11.0,35.0,0.0,0.0,0.0,0.0,nfl_hist,leroyhoard
66,Bam Morris,KAN,RB,0.0,0.0,0.0,0.0,0.0,6.0,33.0,0.0,0.0,0.0,0.0,nfl_hist,bammorris
67,Mike Alstott,TAM,FB,0.0,0.0,0.0,0.0,0.0,8.0,28.0,1.0,3.0,39.0,1.0,nfl_hist,mikealstott
68,Fred Beasley,SFO,FB,0.0,0.0,0.0,0.0,0.0,8.0,26.0,2.0,3.0,14.0,0.0,nfl_hist,fredbeasley
69,Mike Cloud,KAN,RB,0.0,0.0,0.0,0.0,0.0,8.0,26.0,0.0,0.0,0.0,0.0,nfl_hist,mikecloud
70,Greg Hill,DET,RB,0.0,0.0,0.0,0.0,0.0,10.0,25.0,1.0,3.0,9.0,0.0,nfl_hist,greghill
71,Cory Schlesinge,DET,FB,0.0,0.0,0.0,0.0,0.0,7.0,25.0,0.0,3.0,19.0,0.0,nfl_hist,coryschlesinge
72,Kenny Bynum,SDG,RB,0.0,0.0,0.0,0.0,0.0,15.0,24.0,0.0,1.0,11.0,0.0,nfl_hist,kennybynum
73,Terry Jackson,SFO,FB,0.0,0.0,0.0,0.0,0.0,5.0,24.0,0.0,0.0,0.0,0.0,nfl_hist,terryjackson
74,Terry Allen,NWE,RB,0.0,0.0,0.0,0.0,0.0,12.0,23.0,0.0,0.0,0.0,0.0,nfl_hist,terryallen
75,Brian Mitchell,WAS,RB,0.0,0.0,0.0,0.0,0.0,3.0,19.0,0.0,2.0,14.0,0.0,nfl_hist,brianmitchell
76,Antowain Smith,BUF,RB,0.0,0.0,0.0,0.0,0.0,6.0,19.0,0.0,0.0,0.0,0.0,nfl_hist,antowainsmith
77,Jonathan Linton,BUF,FB,0.0,0.0,0.0,0.0,0.0,8.0,17.0,1.0,0.0,0.0,0.0,nfl_hist,jonathanlinton
78,Terrell Fletche,SDG,RB,0.0,0.0,0.0,0.0,0.0,6.0,16.0,0.0,5.0,57.0,0.0,nfl_hist,terrellfletche
79,Randy Moss,MIN,WR,0.0,0.0,0.0,0.0,0.0,1.0,15.0,0.0,5.0,76.0,1.0,nfl_hist,randymoss
80,Ken Oxendine,ATL,RB,0.0,0.0,0.0,0.0,0.0,7.0,15.0,0.0,1.0,13.0,0.0,nfl_hist,kenoxendine
81,Thurman Thomas,BUF,RB,0.0,0.0,0.0,0.0,0.0,8.0,15.0,0.0,2.0,35.0,1.0,nfl_hist,thurmanthomas
82,Clif Groce,CIN,FB,0.0,0.0,0.0,0.0,0.0,3.0,14.0,1.0,0.0,0.0,0.0,nfl_hist,clifgroce
83,Rocket Ismail,DAL,WR,0.0,0.0,0.0,0.0,0.0,1.0,12.0,0.0,4.0,52.0,0.0,nfl_hist,rocketismail
84,Lamont Warren,NWE,RB,0.0,0.0,0.0,0.0,0.0,2.0,12.0,0.0,4.0,39.0,0.0,nfl_hist,lamontwarren
85,Karim Abdul-Jabba,CLE,RB,0.0,0.0,0.0,0.0,0.0,5.0,10.0,0.0,2.0,7.0,1.0,nfl_hist,karimabduljabba
86,Larry Centers,WAS,FB,0.0,0.0,0.0,0.0,0.0,2.0,10.0,0.0,4.0,38.0,0.0,nfl_hist,larrycenters
87,Skip Hicks,WAS,RB,0.0,0.0,0.0,0.0,0.0,2.0,10.0,1.0,0.0,0.0,0.0,nfl_hist,skiphicks
88,Derek Loville,DEN,RB,0.0,0.0,0.0,0.0,0.0,3.0,9.0,0.0,0.0,0.0,0.0,nfl_hist,derekloville
89,Zack Crockett,OAK,RB,0.0,0.0,0.0,0.0,0.0,3.0,8.0,1.0,0.0,0.0,0.0,nfl_hist,zackcrockett
90,Nick Luchey,CIN,FB,0.0,0.0,0.0,0.0,0.0,3.0,8.0,0.0,0.0,0.0,0.0,nfl_hist,nickluchey
91,Michael Pittman,ARI,RB,0.0,0.0,0.0,0.0,0.0,3.0,8.0,0.0,2.0,8.0,0.0,nfl_hist,michaelpittman
92,Winslow Olive,ATL,RB,0.0,0.0,0.0,0.0,0.0,2.0,7.0,0.0,0.0,0.0,0.0,nfl_hist,winslowolive
93,Tiki Barbe,NYG,RB,0.0,0.0,0.0,0.0,0.0,4.0,6.0,0.0,8.0,90.0,0.0,nfl_hist,tikibarbe
94,Tim Biakabutuka,CAR,RB,0.0,0.0,0.0,0.0,0.0,8.0,6.0,0.0,3.0,26.0,0.0,nfl_hist,timbiakabutuka
95,Warrick Dunn,TAM,RB,0.0,0.0,0.0,0.0,0.0,8.0,6.0,0.0,6.0,115.0,0.0,nfl_hist,warrickdunn
96,Travis Jervey,SFO,RB,0.0,0.0,0.0,0.0,0.0,2.0,6.0,0.0,0.0,0.0,0.0,nfl_hist,travisjervey
97,Eddie Watson,PHI,RB,0.0,0.0,0.0,0.0,0.0,1.0,6.0,0.0,0.0,0.0,0.0,nfl_hist,eddiewatson
98,Bob Christian,ATL,FB,0.0,0.0,0.0,0.0,0.0,2.0,5.0,0.0,1.0,3.0,0.0,nfl_hist,bobchristian
99,Autry Denson,MIA,RB,0.0,0.0,0.0,0.0,0.0,2.0,5.0,0.0,0.0,0.0,0.0,nfl_hist,autrydenson
100,Terry Kirby,CLE,RB,0.0,0.0,0.0,0.0,0.0,3.0,5.0,1.0,2.0,24.0,0.0,nfl_hist,terrykirby
101,Kevin Faulk,NWE,RB,0.0,0.0,0.0,0.0,0.0,2.0,4.0,0.0,0.0,0.0,0.0,nfl_hist,kevinfaulk
102,Andre Hastings,NOR,WR,0.0,0.0,0.0,0.0,0.0,1.0,4.0,0.0,2.0,45.0,0.0,nfl_hist,andrehastings
103,Amani Toome,NYG,WR,0.0,0.0,0.0,0.0,0.0,1.0,4.0,0.0,3.0,35.0,1.0,nfl_hist,amanitoome
104,Troy Davis,NOR,RB,0.0,0.0,0.0,0.0,0.0,1.0,2.0,0.0,1.0,20.0,0.0,nfl_hist,troydavis
105,Charles Evans,BAL,FB,0.0,0.0,0.0,0.0,0.0,1.0,2.0,0.0,1.0,3.0,0.0,nfl_hist,charlesevans
106,Jermaine Fazande,SDG,FB,0.0,0.0,0.0,0.0,0.0,1.0,2.0,0.0,0.0,0.0,0.0,nfl_hist,jermainefazande
107,Emmitt Smith,DAL,RB,0.0,0.0,0.0,0.0,0.0,1.0,2.0,0.0,0.0,0.0,0.0,nfl_hist,emmittsmith
108,Howard Griffith,DEN,FB,0.0,0.0,0.0,0.0,0.0,1.0,1.0,0.0,2.0,20.0,0.0,nfl_hist,howardgriffith
109,William Henderson,GNB,FB,0.0,0.0,0.0,0.0,0.0,1.0,1.0,1.0,5.0,58.0,0.0,nfl_hist,williamhenderson
110,Brock Olivo,DET,FB,0.0,0.0,0.0,0.0,0.0,1.0,1.0,0.0,2.0,14.0,0.0,nfl_hist,brockolivo
111,Greg Comella,NYG,FB,0.0,0.0,0.0,0.0,0.0,1.0,0.0,0.0,0.0,0.0,0.0,nfl_hist,gregcomella
112,Marc Edwards,CLE,FB,0.0,0.0,0.0,0.0,0.0,1.0,0.0,0.0,1.0,3.0,0.0,nfl_hist,marcedwards
113,Robert Holcombe,STL,RB,0.0,0.0,0.0,0.0,0.0,1.0,0.0,0.0,1.0,1.0,1.0,nfl_hist,robertholcombe
114,Lorenzo Neal,TEN,RB,0.0,0.0,0.0,0.0,0.0,1.0,0.0,0.0,0.0,0.0,0.0,nfl_hist,lorenzoneal
115,De'Mond Parke,GNB,RB,0.0,0.0,0.0,0.0,0.0,6.0,0.0,0.0,1.0,7.0,0.0,nfl_hist,demondparke
116,Dino Philyaw,NOR,CB,0.0,0.0,0.0,0.0,0.0,1.0,0.0,0.0,0.0,0.0,0.0,nfl_hist,dinophilyaw
117,Fred Lane,CAR,RB,0.0,0.0,0.0,0.0,0.0,1.0,-1.0,0.0,1.0,3.0,0.0,nfl_hist,fredlane
118,David Boston,ARI,WR,0.0,0.0,0.0,0.0,0.0,1.0,-2.0,0.0,1.0,43.0,0.0,nfl_hist,davidboston
119,Paul Justin,STL,QB,0.0,0.0,0.0,0.0,0.0,2.0,-2.0,0.0,0.0,0.0,0.0,nfl_hist,pauljustin
120,Craig Yeast,CIN,WR,0.0,0.0,0.0,0.0,0.0,1.0,-3.0,0.0,0.0,0.0,0.0,nfl_hist,craigyeast
121,Kevin Johnson,CLE,WR,0.0,0.0,0.0,0.0,0.0,1.0,-6.0,0.0,7.0,135.0,0.0,nfl_hist,kevinjohnson
122,Qadry Ismail,BAL,WR,0.0,0.0,0.0,0.0,0.0,0.0,0.0,0.0,6.0,258.0,3.0,nfl_hist,qadryismail
123,Terry Glenn,NWE,WR,0.0,0.0,0.0,0.0,0.0,0.0,0.0,0.0,9.0,148.0,0.0,nfl_hist,terryglenn
124,Patrick Jeffers,CAR,WR,0.0,0.0,0.0,0.0,0.0,0.0,0.0,0.0,8.0,147.0,2.0,nfl_hist,patrickjeffers
125,Keyshawn Johnson,NYJ,WR,0.0,0.0,0.0,0.0,0.0,0.0,0.0,0.0,11.0,144.0,2.0,nfl_hist,keyshawnjohnson
126,Marvin Harrison,IND,WR,0.0,0.0,0.0,0.0,0.0,0.0,0.0,0.0,6.0,118.0,0.0,nfl_hist,marvinharrison
127,Jeff Graham,SDG,WR,0.0,0.0,0.0,0.0,0.0,0.0,0.0,0.0,9.0,114.0,0.0,nfl_hist,jeffgraham
128,Torry Holt,STL,WR,0.0,0.0,0.0,0.0,0.0,0.0,0.0,0.0,6.0,113.0,0.0,nfl_hist,torryholt
129,Johnnie Morton,DET,WR,0.0,0.0,0.0,0.0,0.0,0.0,0.0,0.0,7.0,107.0,0.0,nfl_hist,johnniemorton
130,Isaac Bruce,STL,WR,0.0,0.0,0.0,0.0,0.0,0.0,0.0,0.0,4.0,102.0,0.0,nfl_hist,isaacbruce
131,Wesley Walls,CAR,TE,0.0,0.0,0.0,0.0,0.0,0.0,0.0,0.0,6.0,96.0,0.0,nfl_hist,wesleywalls
132,Rod Smith,DEN,WR,0.0,0.0,0.0,0.0,0.0,0.0,0.0,0.0,6.0,92.0,1.0,nfl_hist,rodsmith
133,Joey Galloway,SEA,WR,0.0,0.0,0.0,0.0,0.0,0.0,0.0,0.0,6.0,85.0,0.0,nfl_hist,joeygalloway
134,Bill Schroede,GNB,WR,0.0,0.0,0.0,0.0,0.0,0.0,0.0,0.0,6.0,84.0,0.0,nfl_hist,billschroede
135,Keith Poole,NOR,WR,0.0,0.0,0.0,0.0,0.0,0.0,0.0,0.0,3.0,83.0,0.0,nfl_hist,keithpoole
136,Shawn Jefferson,NWE,WR,0.0,0.0,0.0,0.0,0.0,0.0,0.0,0.0,7.0,76.0,1.0,nfl_hist,shawnjefferson
137,Byron Chamberlain,DEN,TE,0.0,0.0,0.0,0.0,0.0,0.0,0.0,0.0,3.0,75.0,1.0,nfl_hist,byronchamberlain
138,Darnay Scott,CIN,WR,0.0,0.0,0.0,0.0,0.0,0.0,0.0,0.0,2.0,75.0,1.0,nfl_hist,darnayscott
139,Yatil Green,MIA,WR,0.0,0.0,0.0,0.0,0.0,0.0,0.0,0.0,4.0,73.0,0.0,nfl_hist,yatilgreen
140,Joe Horn,KAN,WR,0.0,0.0,0.0,0.0,0.0,0.0,0.0,0.0,4.0,65.0,0.0,nfl_hist,joehorn
141,Troy Edwards,PIT,SE,0.0,0.0,0.0,0.0,0.0,0.0,0.0,0.0,6.0,64.0,1.0,nfl_hist,troyedwards
142,Tony Gonzalez,KAN,TE,0.0,0.0,0.0,0.0,0.0,0.0,0.0,0.0,6.0,63.0,2.0,nfl_hist,tonygonzalez
143,Ike Hilliard,NYG,WR,0.0,0.0,0.0,0.0,0.0,0.0,0.0,0.0,6.0,62.0,0.0,nfl_hist,ikehilliard
144,Ed McCaffrey,DEN,WR,0.0,0.0,0.0,0.0,0.0,0.0,0.0,0.0,6.0,61.0,0.0,nfl_hist,edmccaffrey
145,Sean Dawkins,SEA,WR,0.0,0.0,0.0,0.0,0.0,0.0,0.0,0.0,4.0,59.0,0.0,nfl_hist,seandawkins
146,Terance Mathis,ATL,WR,0.0,0.0,0.0,0.0,0.0,0.0,0.0,0.0,4.0,58.0,0.0,nfl_hist,terancemathis
147,Derrick Mayes,SEA,WR,0.0,0.0,0.0,0.0,0.0,0.0,0.0,0.0,5.0,58.0,1.0,nfl_hist,derrickmayes
148,Oronde Gadsden,MIA,WR,0.0,0.0,0.0,0.0,0.0,0.0,0.0,0.0,4.0,57.0,1.0,nfl_hist,orondegadsden
149,Eric Moulds,BUF,WR,0.0,0.0,0.0,0.0,0.0,0.0,0.0,0.0,3.0,55.0,0.0,nfl_hist,ericmoulds
150,Jimmy Smith,JAX,WR,0.0,0.0,0.0,0.0,0.0,0.0,0.0,0.0,5.0,55.0,0.0,nfl_hist,jimmysmith
151,Albert Connell,WAS,WR,0.0,0.0,0.0,0.0,0.0,0.0,0.0,0.0,3.0,54.0,0.0,nfl_hist,albertconnell
152,Torrance Small,PHI,WR,0.0,0.0,0.0,0.0,0.0,0.0,0.0,0.0,4.0,54.0,0.0,nfl_hist,torrancesmall
153,Troy Brown,NWE,WR,0.0,0.0,0.0,0.0,0.0,0.0,0.0,0.0,3.0,53.0,0.0,nfl_hist,troybrown
154,Michael Westbrook,WAS,WR,0.0,0.0,0.0,0.0,0.0,0.0,0.0,0.0,4.0,52.0,1.0,nfl_hist,michaelwestbrook
155,Muhsin Muhammad,CAR,WR,0.0,0.0,0.0,0.0,0.0,0.0,0.0,0.0,8.0,51.0,0.0,nfl_hist,muhsinmuhammad
156,Darrin Chiaverini,CLE,WR,0.0,0.0,0.0,0.0,0.0,0.0,0.0,0.0,4.0,48.0,1.0,nfl_hist,darrinchiaverini
157,Germane Crowell,DET,WR,0.0,0.0,0.0,0.0,0.0,0.0,0.0,0.0,4.0,47.0,0.0,nfl_hist,germanecrowell
158,Greg Clark,SFO,TE,0.0,0.0,0.0,0.0,0.0,0.0,0.0,0.0,4.0,46.0,0.0,nfl_hist,gregclark
159,Bert Emanuel,TAM,WR,0.0,0.0,0.0,0.0,0.0,0.0,0.0,0.0,4.0,46.0,0.0,nfl_hist,bertemanuel
160,Antonio Freeman,GNB,WR,0.0,0.0,0.0,0.0,0.0,0.0,0.0,0.0,4.0,46.0,1.0,nfl_hist,antoniofreeman
161,Carl Pickens,CIN,WR,0.0,0.0,0.0,0.0,0.0,0.0,0.0,0.0,3.0,46.0,0.0,nfl_hist,carlpickens
162,Ronnie Powell,CLE,WR,0.0,0.0,0.0,0.0,0.0,0.0,0.0,0.0,1.0,45.0,0.0,nfl_hist,ronniepowell
163,Rickey Dudley,OAK,TE,0.0,0.0,0.0,0.0,0.0,0.0,0.0,0.0,4.0,44.0,1.0,nfl_hist,rickeydudley
164,James Jett,OAK,WR,0.0,0.0,0.0,0.0,0.0,0.0,0.0,0.0,3.0,44.0,0.0,nfl_hist,jamesjett
165,David LaFleu,DAL,TE,0.0,0.0,0.0,0.0,0.0,0.0,0.0,0.0,4.0,44.0,1.0,nfl_hist,davidlafleu
166,Hines Ward,PIT,WR,0.0,0.0,0.0,0.0,0.0,0.0,0.0,0.0,3.0,43.0,1.0,nfl_hist,hinesward
167,Wayne Chrebet,NYJ,WR,0.0,0.0,0.0,0.0,0.0,0.0,0.0,0.0,3.0,42.0,0.0,nfl_hist,waynechrebet
168,Jon Ritchie,OAK,RB,0.0,0.0,0.0,0.0,0.0,0.0,0.0,0.0,3.0,42.0,0.0,nfl_hist,jonritchie
169,Pete Mitchell,NYG,TE,0.0,0.0,0.0,0.0,0.0,0.0,0.0,0.0,5.0,41.0,0.0,nfl_hist,petemitchell
170,Jake Reed,MIN,WR,0.0,0.0,0.0,0.0,0.0,0.0,0.0,0.0,3.0,41.0,0.0,nfl_hist,jakereed
171,Andre Reed,BUF,WR,0.0,0.0,0.0,0.0,0.0,0.0,0.0,0.0,3.0,40.0,0.0,nfl_hist,andrereed
172,Na Brown,PHI,WR,0.0,0.0,0.0,0.0,0.0,0.0,0.0,0.0,3.0,37.0,1.0,nfl_hist,nabrown
173,Jason Tucke,DAL,WR,0.0,0.0,0.0,0.0,0.0,0.0,0.0,0.0,3.0,37.0,0.0,nfl_hist,jasontucke
174,Kevin Lockett,KAN,WR,0.0,0.0,0.0,0.0,0.0,0.0,0.0,0.0,3.0,36.0,0.0,nfl_hist,kevinlockett
175,Frank Wycheck,TEN,TE,0.0,0.0,0.0,0.0,0.0,0.0,0.0,0.0,3.0,36.0,0.0,nfl_hist,frankwycheck
176,Christian Fauria,SEA,TE,0.0,0.0,0.0,0.0,0.0,0.0,0.0,0.0,4.0,35.0,0.0,nfl_hist,christianfauria
177,Ben Coates,NWE,TE,0.0,0.0,0.0,0.0,0.0,0.0,0.0,0.0,4.0,34.0,0.0,nfl_hist,bencoates
178,Mark Bruene,PIT,TE,0.0,0.0,0.0,0.0,0.0,0.0,0.0,0.0,2.0,33.0,0.0,nfl_hist,markbruene
179,Mark Campbell,CLE,TE,0.0,0.0,0.0,0.0,0.0,0.0,0.0,0.0,2.0,33.0,0.0,nfl_hist,markcampbell
180,Troy Drayton,MIA,TE,0.0,0.0,0.0,0.0,0.0,0.0,0.0,0.0,4.0,33.0,0.0,nfl_hist,troydrayton
181,Irv Smith,CLE,TE,0.0,0.0,0.0,0.0,0.0,0.0,0.0,0.0,3.0,33.0,1.0,nfl_hist,irvsmith
182,Marcus Pollard,IND,FB,0.0,0.0,0.0,0.0,0.0,0.0,0.0,0.0,3.0,32.0,1.0,nfl_hist,marcuspollard
183,Donald Drive,GNB,WR,0.0,0.0,0.0,0.0,0.0,0.0,0.0,0.0,3.0,31.0,1.0,nfl_hist,donalddrive
184,Karl Williams,TAM,WR,0.0,0.0,0.0,0.0,0.0,0.0,0.0,0.0,4.0,31.0,0.0,nfl_hist,karlwilliams
185,Reidel Anthony,TAM,WR,0.0,0.0,0.0,0.0,0.0,0.0,0.0,0.0,1.0,30.0,0.0,nfl_hist,reidelanthony
186,Tim Brown,OAK,WR,0.0,0.0,0.0,0.0,0.0,0.0,0.0,0.0,3.0,30.0,0.0,nfl_hist,timbrown
187,Matthew Hatchette,MIN,WR,0.0,0.0,0.0,0.0,0.0,0.0,0.0,0.0,2.0,30.0,1.0,nfl_hist,matthewhatchette
188,Freddie Jones,SDG,TE,0.0,0.0,0.0,0.0,0.0,0.0,0.0,0.0,2.0,30.0,0.0,nfl_hist,freddiejones
189,Bobby Shaw,PIT,WR,0.0,0.0,0.0,0.0,0.0,0.0,0.0,0.0,4.0,30.0,0.0,nfl_hist,bobbyshaw
190,Dietrich Jells,PHI,TE,0.0,0.0,0.0,0.0,0.0,0.0,0.0,0.0,2.0,29.0,0.0,nfl_hist,dietrichjells
191,Rob Konrad,MIA,FB,0.0,0.0,0.0,0.0,0.0,0.0,0.0,0.0,3.0,29.0,0.0,nfl_hist,robkonrad
192,Tony McGee,CIN,TE,0.0,0.0,0.0,0.0,0.0,0.0,0.0,0.0,3.0,27.0,0.0,nfl_hist,tonymcgee
193,Brian Kinchen,CAR,TE,0.0,0.0,0.0,0.0,0.0,0.0,0.0,0.0,1.0,26.0,1.0,nfl_hist,briankinchen
194,Roland Williams,STL,TE,0.0,0.0,0.0,0.0,0.0,0.0,0.0,0.0,2.0,26.0,0.0,nfl_hist,rolandwilliams
195,Eric Bjornson,DAL,TE,0.0,0.0,0.0,0.0,0.0,0.0,0.0,0.0,2.0,25.0,0.0,nfl_hist,ericbjornson
196,Vincent Brisby,NWE,WR,0.0,0.0,0.0,0.0,0.0,0.0,0.0,0.0,2.0,25.0,0.0,nfl_hist,vincentbrisby
197,Az-Zahir Hakim,STL,WR,0.0,0.0,0.0,0.0,0.0,0.0,0.0,0.0,1.0,25.0,0.0,nfl_hist,azzahirhakim
198,Terry Mickens,OAK,WR,0.0,0.0,0.0,0.0,0.0,0.0,0.0,0.0,2.0,25.0,0.0,nfl_hist,terrymickens
199,William Floyd,CAR,FB,0.0,0.0,0.0,0.0,0.0,0.0,0.0,0.0,2.0,24.0,0.0,nfl_hist,williamfloyd
200,Jammi German,ATL,WR,0.0,0.0,0.0,0.0,0.0,0.0,0.0,0.0,2.0,24.0,0.0,nfl_hist,jammigerman
201,Rob Moore,ARI,WR,0.0,0.0,0.0,0.0,0.0,0.0,0.0,0.0,4.0,24.0,0.0,nfl_hist,robmoore
202,Ricky Proehl,STL,WR,0.0,0.0,0.0,0.0,0.0,0.0,0.0,0.0,2.0,23.0,0.0,nfl_hist,rickyproehl
203,Dwayne Carswell,DEN,TE,0.0,0.0,0.0,0.0,0.0,0.0,0.0,0.0,3.0,22.0,0.0,nfl_hist,dwaynecarswell
204,Cris Carte,MIN,WR,0.0,0.0,0.0,0.0,0.0,0.0,0.0,0.0,1.0,22.0,0.0,nfl_hist,criscarte
205,Tyrone Davis,GNB,TE,0.0,0.0,0.0,0.0,0.0,0.0,0.0,0.0,2.0,22.0,0.0,nfl_hist,tyronedavis
206,Jacquez Green,TAM,WR,0.0,0.0,0.0,0.0,0.0,0.0,0.0,0.0,3.0,22.0,0.0,nfl_hist,jacquezgreen
207,Herman Moore,DET,WR,0.0,0.0,0.0,0.0,0.0,0.0,0.0,0.0,2.0,22.0,0.0,nfl_hist,hermanmoore
208,Derrick Alexande,KAN,FL,0.0,0.0,0.0,0.0,0.0,0.0,0.0,0.0,3.0,21.0,0.0,nfl_hist,derrickalexande
209,Damon Jones,JAX,TE,0.0,0.0,0.0,0.0,0.0,0.0,0.0,0.0,1.0,21.0,0.0,nfl_hist,damonjones
210,Joel Makovicka,ARI,FB,0.0,0.0,0.0,0.0,0.0,0.0,0.0,0.0,3.0,21.0,0.0,nfl_hist,joelmakovicka
211,Terrell Owens,SFO,WR,0.0,0.0,0.0,0.0,0.0,0.0,0.0,0.0,2.0,21.0,0.0,nfl_hist,terrellowens
212,Mike Pritchard,SEA,WR,0.0,0.0,0.0,0.0,0.0,0.0,0.0,0.0,2.0,21.0,0.0,nfl_hist,mikepritchard
213,Andre Rison,KAN,SE,0.0,0.0,0.0,0.0,0.0,0.0,0.0,0.0,2.0,21.0,0.0,nfl_hist,andrerison
214,Bobby Collins,BUF,TE,0.0,0.0,0.0,0.0,0.0,0.0,0.0,0.0,2.0,20.0,0.0,nfl_hist,bobbycollins
215,Reggie Barlow,JAX,WR,0.0,0.0,0.0,0.0,0.0,0.0,0.0,0.0,2.0,19.0,0.0,nfl_hist,reggiebarlow
216,Irving Frya,WAS,WR,0.0,0.0,0.0,0.0,0.0,0.0,0.0,0.0,3.0,19.0,1.0,nfl_hist,irvingfrya
217,Eddie Kennison,NOR,WR,0.0,0.0,0.0,0.0,0.0,0.0,0.0,0.0,2.0,19.0,0.0,nfl_hist,eddiekennison
218,Chad Lewis,PHI,TE,0.0,0.0,0.0,0.0,0.0,0.0,0.0,0.0,1.0,19.0,0.0,nfl_hist,chadlewis
219,Nate Jacquet,MIA,WR,0.0,0.0,0.0,0.0,0.0,0.0,0.0,0.0,1.0,18.0,0.0,nfl_hist,natejacquet
220,Malcolm Johnson,PIT,WR,0.0,0.0,0.0,0.0,0.0,0.0,0.0,0.0,1.0,18.0,0.0,nfl_hist,malcolmjohnson
221,Terrence Wilkins,IND,WR,0.0,0.0,0.0,0.0,0.0,0.0,0.0,0.0,3.0,18.0,0.0,nfl_hist,terrencewilkins
222,Jerry Rice,SFO,WR,0.0,0.0,0.0,0.0,0.0,0.0,0.0,0.0,2.0,17.0,0.0,nfl_hist,jerryrice
223,Peerless Price,BUF,WR,0.0,0.0,0.0,0.0,0.0,0.0,0.0,0.0,2.0,16.0,0.0,nfl_hist,peerlessprice
224,Corey Bradford,GNB,WR,0.0,0.0,0.0,0.0,0.0,0.0,0.0,0.0,1.0,15.0,0.0,nfl_hist,coreybradford
225,Lamar Smith,NOR,RB,0.0,0.0,0.0,0.0,0.0,0.0,0.0,0.0,2.0,15.0,0.0,nfl_hist,lamarsmith
226,Stephen Alexande,WAS,TE,0.0,0.0,0.0,0.0,0.0,0.0,0.0,0.0,1.0,14.0,0.0,nfl_hist,stephenalexande
227,Deion Sanders,DAL,RCB,0.0,0.0,0.0,0.0,0.0,0.0,0.0,0.0,2.0,14.0,0.0,nfl_hist,deionsanders
228,David Sloan,DET,TE,0.0,0.0,0.0,0.0,0.0,0.0,0.0,0.0,1.0,14.0,0.0,nfl_hist,davidsloan
229,Keenan McCardell,JAX,WR,0.0,0.0,0.0,0.0,0.0,0.0,0.0,0.0,2.0,13.0,0.0,nfl_hist,keenanmccardell
230,Michael Roan,TEN,TE,0.0,0.0,0.0,0.0,0.0,0.0,0.0,0.0,1.0,13.0,0.0,nfl_hist,michaelroan
231,Dedric Ward,NYJ,WR,0.0,0.0,0.0,0.0,0.0,0.0,0.0,0.0,2.0,13.0,0.0,nfl_hist,dedricward
232,Chris Brazzell,DAL,WR,0.0,0.0,0.0,0.0,0.0,0.0,0.0,0.0,1.0,12.0,0.0,nfl_hist,chrisbrazzell
233,Joe Jurevicius,NYG,WR,0.0,0.0,0.0,0.0,0.0,0.0,0.0,0.0,1.0,12.0,0.0,nfl_hist,joejurevicius
234,Tony Martin,MIA,WR,0.0,0.0,0.0,0.0,0.0,0.0,0.0,0.0,2.0,12.0,0.0,nfl_hist,tonymartin
235,Robert Thomas,DAL,FB,0.0,0.0,0.0,0.0,0.0,0.0,0.0,0.0,2.0,12.0,0.0,nfl_hist,robertthomas
236,Isaac Byrd,TEN,WR,0.0,0.0,0.0,0.0,0.0,0.0,0.0,0.0,1.0,11.0,0.0,nfl_hist,isaacbyrd
237,Dave Moore,TAM,TE,0.0,0.0,0.0,0.0,0.0,0.0,0.0,0.0,1.0,11.0,0.0,nfl_hist,davemoore
238,Ken Dilge,IND,TE,0.0,0.0,0.0,0.0,0.0,0.0,0.0,0.0,1.0,10.0,0.0,nfl_hist,kendilge
239,Kevin Williams,BUF,WR,0.0,0.0,0.0,0.0,0.0,0.0,0.0,0.0,2.0,10.0,0.0,nfl_hist,kevinwilliams
240,Mark Harris,SFO,WR,0.0,0.0,0.0,0.0,0.0,0.0,0.0,0.0,1.0,9.0,0.0,nfl_hist,markharris
241,Brian Stablein,DET,WR,0.0,0.0,0.0,0.0,0.0,0.0,0.0,0.0,1.0,9.0,0.0,nfl_hist,brianstablein
242,Richie Anderson,NYJ,FB,0.0,0.0,0.0,0.0,0.0,0.0,0.0,0.0,1.0,8.0,0.0,nfl_hist,richieanderson
243,Sam Gash,BUF,FB,0.0,0.0,0.0,0.0,0.0,0.0,0.0,0.0,1.0,8.0,0.0,nfl_hist,samgash
244,Eric Green,NYJ,TE,0.0,0.0,0.0,0.0,0.0,0.0,0.0,0.0,1.0,8.0,0.0,nfl_hist,ericgreen
245,Damon Griffin,CIN,WR,0.0,0.0,0.0,0.0,0.0,0.0,0.0,0.0,1.0,8.0,0.0,nfl_hist,damongriffin
246,Rodrick Monroe,ATL,TE,0.0,0.0,0.0,0.0,0.0,0.0,0.0,0.0,1.0,8.0,0.0,nfl_hist,rodrickmonroe
247,Billy Davis,BAL,WR,0.0,0.0,0.0,0.0,0.0,0.0,0.0,0.0,1.0,7.0,0.0,nfl_hist,billydavis
248,Terry Hardy,ARI,TE,0.0,0.0,0.0,0.0,0.0,0.0,0.0,0.0,1.0,7.0,0.0,nfl_hist,terryhardy
249,Mikhael Ricks,SDG,WR,0.0,0.0,0.0,0.0,0.0,0.0,0.0,0.0,1.0,7.0,0.0,nfl_hist,mikhaelricks
250,Daimon Shelton,JAX,FB,0.0,0.0,0.0,0.0,0.0,0.0,0.0,0.0,1.0,7.0,0.0,nfl_hist,daimonshelton
251,Fred Baxte,NYJ,TE,0.0,0.0,0.0,0.0,0.0,0.0,0.0,0.0,1.0,6.0,0.0,nfl_hist,fredbaxte
252,Fabien Bownes,SEA,WR,0.0,0.0,0.0,0.0,0.0,0.0,0.0,0.0,1.0,5.0,0.0,nfl_hist,fabienbownes
253,Quinn Early,NYJ,WR,0.0,0.0,0.0,0.0,0.0,0.0,0.0,0.0,1.0,5.0,0.0,nfl_hist,quinnearly
254,Mack Strong,SEA,FB,0.0,0.0,0.0,0.0,0.0,0.0,0.0,0.0,1.0,5.0,0.0,nfl_hist,mackstrong
255,Luther Broughton,PHI,TE,0.0,0.0,0.0,0.0,0.0,0.0,0.0,0.0,1.0,4.0,0.0,nfl_hist,lutherbroughton
256,Tony Carte,NWE,FB,0.0,0.0,0.0,0.0,0.0,0.0,0.0,0.0,2.0,4.0,0.0,nfl_hist,tonycarte
257,Kevin Dyson,TEN,WR,0.0,0.0,0.0,0.0,0.0,0.0,0.0,0.0,1.0,4.0,0.0,nfl_hist,kevindyson
258,Cecil Martin,PHI,FB,0.0,0.0,0.0,0.0,0.0,0.0,0.0,0.0,1.0,3.0,0.0,nfl_hist,cecilmartin
259,Kevin McLeod,TAM,FB,0.0,0.0,0.0,0.0,0.0,0.0,0.0,0.0,1.0,3.0,1.0,nfl_hist,kevinmcleod
260,Cam Cleeland,NOR,TE,0.0,0.0,0.0,0.0,0.0,0.0,0.0,0.0,1.0,2.0,1.0,nfl_hist,camcleeland
261,Fred McCrary,SDG,FB,0.0,0.0,0.0,0.0,0.0,0.0,0.0,0.0,1.0,1.0,0.0,nfl_hist,fredmccrary
262,Bernie Parmalee,NYJ,RB,0.0,0.0,0.0,0.0,0.0,0.0,0.0,0.0,1.0,-4.0,0.0,nfl_hist,bernieparmalee
263,Tamarick Vanove,KAN,WR,0.0,0.0,0.0,0.0,0.0,0.0,0.0,0.0,0.0,0.0,0.0,nfl_hist,tamarickvanove
264,Rod Woodson,BAL,FS,0.0,0.0,0.0,0.0,0.0,0.0,0.0,0.0,0.0,0.0,0.0,nfl_hist,rodwoodson
265,Mario Bates,ARI,RB,0.0,0.0,0.0,0.0,0.0,0.0,0.0,0.0,0.0,0.0,0.0,nfl_hist,mariobates
266,Eric Metcalf,CAR,WR,0.0,0.0,0.0,0.0,0.0,0.0,0.0,0.0,0.0,0.0,0.0,nfl_hist,ericmetcalf
267,Eric Davis,CAR,LCB,0.0,0.0,0.0,0.0,0.0,0.0,0.0,0.0,0.0,0.0,0.0,nfl_hist,ericdavis
268,Dwight Stone,NYJ,WR,0.0,0.0,0.0,0.0,0.0,0.0,0.0,0.0,0.0,0.0,0.0,nfl_hist,dwightstone
269,Darrien Gordon,OAK,CB,0.0,0.0,0.0,0.0,0.0,0.0,0.0,0.0,0.0,0.0,0.0,nfl_hist,darriengordon
270,Chris Watson,DEN,CB,0.0,0.0,0.0,0.0,0.0,0.0,0.0,0.0,0.0,0.0,0.0,nfl_hist,chriswatson
