,player,team,position,pass_yds,pass_tds,pass_int,pass_att,pass_comp,rush_att,rush_yds,rush_tds,rcv_rec,rcv_yds,rcv_tds,source,pname_merge
0,Az-Zahir Hakim,STL,WR,51.0,1.0,0.0,1.0,1.0,2.0,20.0,0.0,0.0,0.0,0.0,nfl_hist,azzahirhakim
1,Kevin Lockett,WAS,WR,31.0,1.0,0.0,1.0,1.0,0.0,0.0,0.0,3.0,46.0,0.0,nfl_hist,kevinlockett
2,Tony Banks,WAS,QB,190.0,2.0,0.0,19.0,11.0,4.0,10.0,0.0,0.0,0.0,0.0,nfl_hist,tonybanks
3,Brad Johnson,TAM,QB,214.0,2.0,0.0,25.0,18.0,1.0,3.0,0.0,0.0,0.0,0.0,nfl_hist,bradjohnson
4,Aaron Brooks,NOR,QB,254.0,3.0,0.0,31.0,20.0,7.0,1.0,0.0,0.0,0.0,0.0,nfl_hist,aaronbrooks
5,Tommy Maddox,PIT,QB,57.0,0.0,0.0,1.0,1.0,3.0,-3.0,0.0,0.0,0.0,0.0,nfl_hist,tommymaddox
6,Mark Brunell,JAX,QB,306.0,2.0,0.0,37.0,25.0,4.0,55.0,0.0,0.0,0.0,0.0,nfl_hist,markbrunell
7,Kordell Stewart,PIT,QB,232.0,1.0,0.0,22.0,13.0,4.0,8.0,1.0,0.0,0.0,0.0,nfl_hist,kordellstewart
8,Shaun King,TAM,QB,62.0,0.0,0.0,3.0,2.0,3.0,-3.0,0.0,0.0,0.0,0.0,nfl_hist,shaunking
9,Shane Matthews,CHI,QB,166.0,3.0,1.0,31.0,25.0,1.0,3.0,0.0,0.0,0.0,0.0,nfl_hist,shanematthews
10,Matt Hasselbeck,SEA,QB,230.0,2.0,0.0,28.0,16.0,4.0,9.0,0.0,0.0,0.0,0.0,nfl_hist,matthasselbeck
11,Peyton Manning,IND,QB,201.0,2.0,0.0,30.0,19.0,2.0,5.0,0.0,0.0,0.0,0.0,nfl_hist,peytonmanning
12,Doug Flutie,SDG,QB,254.0,1.0,0.0,33.0,21.0,2.0,12.0,1.0,0.0,0.0,0.0,nfl_hist,dougflutie
13,Jeff Garcia,SFO,QB,269.0,2.0,2.0,29.0,21.0,7.0,22.0,0.0,0.0,0.0,0.0,nfl_hist,jeffgarcia
14,Kerry Collins,NYG,QB,346.0,3.0,1.0,52.0,32.0,4.0,9.0,0.0,0.0,0.0,0.0,nfl_hist,kerrycollins
15,Randall Cunningham,BAL,QB,222.0,1.0,1.0,31.0,23.0,5.0,-3.0,0.0,0.0,0.0,0.0,nfl_hist,randallcunningham
16,Rob Johnson,BUF,QB,310.0,1.0,1.0,37.0,24.0,11.0,67.0,1.0,0.0,0.0,0.0,nfl_hist,robjohnson
17,Brian Griese,DEN,QB,283.0,2.0,2.0,30.0,19.0,4.0,-1.0,0.0,1.0,-6.0,0.0,nfl_hist,briangriese
18,Rich Gannon,OAK,QB,158.0,0.0,0.0,26.0,17.0,3.0,16.0,0.0,0.0,0.0,0.0,nfl_hist,richgannon
19,Jay Fiedle,MIA,QB,213.0,1.0,2.0,21.0,15.0,8.0,41.0,0.0,0.0,0.0,0.0,nfl_hist,jayfiedle
20,Jon Kitna,CIN,QB,204.0,2.0,2.0,27.0,17.0,3.0,26.0,0.0,0.0,0.0,0.0,nfl_hist,jonkitna
21,Alex Van Pelt,BUF,QB,6.0,0.0,0.0,2.0,2.0,0.0,0.0,0.0,0.0,0.0,0.0,nfl_hist,alexvanpelt
22,Charlie Batch,DET,QB,239.0,2.0,2.0,35.0,20.0,1.0,12.0,0.0,0.0,0.0,0.0,nfl_hist,charliebatch
23,Trent Green,KAN,QB,324.0,3.0,3.0,43.0,22.0,3.0,19.0,0.0,0.0,0.0,0.0,nfl_hist,trentgreen
24,Daunte Culpeppe,MIN,QB,150.0,1.0,1.0,24.0,13.0,9.0,49.0,0.0,1.0,0.0,0.0,nfl_hist,daunteculpeppe
25,Steve McNai,TEN,QB,175.0,1.0,2.0,23.0,14.0,6.0,6.0,0.0,0.0,0.0,0.0,nfl_hist,stevemcnai
26,Donovan McNabb,PHI,QB,133.0,0.0,0.0,27.0,12.0,6.0,30.0,0.0,0.0,0.0,0.0,nfl_hist,donovanmcnabb
27,Kurt Warne,STL,QB,385.0,1.0,4.0,47.0,29.0,0.0,0.0,0.0,0.0,0.0,0.0,nfl_hist,kurtwarne
28,Tom Brady,NWE,QB,203.0,2.0,4.0,38.0,25.0,2.0,-1.0,0.0,0.0,0.0,0.0,nfl_hist,tombrady
29,Jake Plumme,ARI,QB,233.0,0.0,2.0,41.0,25.0,4.0,35.0,0.0,0.0,0.0,0.0,nfl_hist,jakeplumme
30,Todd Bouman,MIN,QB,4.0,0.0,0.0,2.0,1.0,1.0,-1.0,0.0,0.0,0.0,0.0,nfl_hist,toddbouman
31,Clint Stoerne,DAL,QB,93.0,0.0,1.0,19.0,9.0,7.0,23.0,1.0,0.0,0.0,0.0,nfl_hist,clintstoerne
32,Hines Ward,PIT,WR,0.0,0.0,0.0,1.0,0.0,1.0,36.0,0.0,2.0,20.0,1.0,nfl_hist,hinesward
33,Vinny Testaverde,NYJ,QB,181.0,0.0,3.0,34.0,21.0,3.0,2.0,0.0,0.0,0.0,0.0,nfl_hist,vinnytestaverde
34,Chris Weinke,CAR,QB,76.0,0.0,1.0,34.0,12.0,2.0,7.0,0.0,0.0,0.0,0.0,nfl_hist,chrisweinke
35,Jim Mille,CHI,QB,63.0,0.0,1.0,16.0,5.0,1.0,-10.0,0.0,0.0,0.0,0.0,nfl_hist,jimmille
36,David Patten,NWE,WR,0.0,0.0,1.0,1.0,0.0,1.0,13.0,0.0,5.0,62.0,1.0,nfl_hist,davidpatten
37,Corey Dillon,CIN,HB,0.0,0.0,0.0,0.0,0.0,27.0,184.0,2.0,3.0,18.0,1.0,nfl_hist,coreydillon
38,Curtis Martin,NYJ,RB,0.0,0.0,0.0,0.0,0.0,27.0,159.0,0.0,7.0,39.0,0.0,nfl_hist,curtismartin
39,Mike Alstott,TAM,RB,0.0,0.0,0.0,0.0,0.0,28.0,129.0,3.0,1.0,15.0,0.0,nfl_hist,mikealstott
40,Anthony Thomas,CHI,RB,0.0,0.0,0.0,0.0,0.0,27.0,127.0,1.0,2.0,9.0,0.0,nfl_hist,anthonythomas
41,Stephen Davis,WAS,RB,0.0,0.0,0.0,0.0,0.0,29.0,107.0,0.0,2.0,9.0,0.0,nfl_hist,stephendavis
42,Edgerrin James,IND,RB,0.0,0.0,0.0,0.0,0.0,27.0,102.0,0.0,2.0,9.0,0.0,nfl_hist,edgerrinjames
43,Shaun Alexande,SEA,RB,0.0,0.0,0.0,0.0,0.0,23.0,87.0,0.0,1.0,9.0,0.0,nfl_hist,shaunalexande
44,Dominic Rhodes,IND,RB,0.0,0.0,0.0,0.0,0.0,4.0,87.0,1.0,0.0,0.0,0.0,nfl_hist,dominicrhodes
45,Emmitt Smith,DAL,RB,0.0,0.0,0.0,0.0,0.0,21.0,83.0,0.0,1.0,11.0,0.0,nfl_hist,emmittsmith
46,Jason Brookins,BAL,RB,0.0,0.0,0.0,0.0,0.0,19.0,82.0,1.0,2.0,12.0,0.0,nfl_hist,jasonbrookins
47,Charlie Garne,OAK,RB,0.0,0.0,0.0,0.0,0.0,21.0,77.0,1.0,3.0,18.0,0.0,nfl_hist,charliegarne
48,Ricky Williams,NOR,FB,0.0,0.0,0.0,0.0,0.0,17.0,77.0,0.0,4.0,19.0,0.0,nfl_hist,rickywilliams
49,LaDainian Tomlinson,SDG,RB,0.0,0.0,0.0,0.0,0.0,16.0,76.0,0.0,1.0,9.0,0.0,nfl_hist,ladainiantomlinson
50,Jerome Bettis,PIT,RB,0.0,0.0,0.0,0.0,0.0,19.0,62.0,2.0,0.0,0.0,0.0,nfl_hist,jeromebettis
51,Antowain Smith,NWE,RB,0.0,0.0,0.0,0.0,0.0,12.0,56.0,0.0,2.0,11.0,0.0,nfl_hist,antowainsmith
52,Priest Holmes,KAN,RB,0.0,0.0,0.0,0.0,0.0,15.0,55.0,0.0,3.0,23.0,0.0,nfl_hist,priestholmes
53,Richard Huntley,CAR,RB,0.0,0.0,0.0,0.0,0.0,14.0,52.0,0.0,2.0,3.0,0.0,nfl_hist,richardhuntley
54,Zack Crockett,OAK,RB,0.0,0.0,0.0,0.0,0.0,17.0,47.0,1.0,0.0,0.0,0.0,nfl_hist,zackcrockett
55,Garrison Hearst,SFO,RB,0.0,0.0,0.0,0.0,0.0,12.0,46.0,0.0,4.0,105.0,1.0,nfl_hist,garrisonhearst
56,Randy Jordan,OAK,RB,0.0,0.0,0.0,0.0,0.0,3.0,45.0,0.0,0.0,0.0,0.0,nfl_hist,randyjordan
57,Mike Anderson,DEN,RB,0.0,0.0,0.0,0.0,0.0,14.0,40.0,1.0,0.0,0.0,0.0,nfl_hist,mikeanderson
58,Ki-Jana Carte,WAS,RB,0.0,0.0,0.0,0.0,0.0,2.0,40.0,0.0,0.0,0.0,0.0,nfl_hist,kijanacarte
59,Olandis Gary,DEN,RB,0.0,0.0,0.0,0.0,0.0,10.0,37.0,0.0,0.0,0.0,0.0,nfl_hist,olandisgary
60,Lamar Smith,MIA,RB,0.0,0.0,0.0,0.0,0.0,21.0,35.0,1.0,1.0,1.0,0.0,nfl_hist,lamarsmith
61,Brad Hoove,CAR,FB,0.0,0.0,0.0,0.0,0.0,5.0,33.0,0.0,1.0,7.0,0.0,nfl_hist,bradhoove
62,Troy Brown,NWE,WR,0.0,0.0,0.0,0.0,0.0,1.0,31.0,0.0,9.0,86.0,1.0,nfl_hist,troybrown
63,Aaron Stecke,TAM,RB,0.0,0.0,0.0,0.0,0.0,8.0,30.0,0.0,2.0,51.0,1.0,nfl_hist,aaronstecke
64,Correll Buckhalte,PHI,RB,0.0,0.0,0.0,0.0,0.0,7.0,29.0,0.0,0.0,0.0,0.0,nfl_hist,correllbuckhalte
65,Michael Pittman,ARI,RB,0.0,0.0,0.0,0.0,0.0,16.0,29.0,0.0,2.0,16.0,0.0,nfl_hist,michaelpittman
66,Mike Green,TEN,RB,0.0,0.0,0.0,0.0,0.0,5.0,27.0,0.0,2.0,7.0,0.0,nfl_hist,mikegreen
67,Tony Richardson,KAN,FB,0.0,0.0,0.0,0.0,0.0,4.0,26.0,0.0,2.0,25.0,0.0,nfl_hist,tonyrichardson
68,Cory Schlesinge,DET,FB,0.0,0.0,0.0,0.0,0.0,4.0,25.0,0.0,2.0,15.0,0.0,nfl_hist,coryschlesinge
69,Obafemi Ayanbadejo,BAL,FB,0.0,0.0,0.0,0.0,0.0,6.0,24.0,0.0,2.0,0.0,0.0,nfl_hist,obafemiayanbadejo
70,Travis Henry,BUF,HB,0.0,0.0,0.0,0.0,0.0,10.0,24.0,1.0,2.0,8.0,0.0,nfl_hist,travishenry
71,Lamont Warren,DET,HB,0.0,0.0,0.0,0.0,0.0,15.0,23.0,1.0,2.0,21.0,0.0,nfl_hist,lamontwarren
72,Trung Canidate,STL,RB,0.0,0.0,0.0,0.0,0.0,12.0,19.0,1.0,10.0,107.0,0.0,nfl_hist,trungcanidate
73,Ron Dayne,NYG,RB,0.0,0.0,0.0,0.0,0.0,8.0,19.0,0.0,0.0,0.0,0.0,nfl_hist,rondayne
74,Duce Staley,PHI,RB,0.0,0.0,0.0,0.0,0.0,3.0,19.0,1.0,2.0,35.0,0.0,nfl_hist,ducestaley
75,Troy Hambrick,DAL,FB,0.0,0.0,0.0,0.0,0.0,4.0,18.0,0.0,0.0,0.0,0.0,nfl_hist,troyhambrick
76,Amos Zereoue,PIT,RB,0.0,0.0,0.0,0.0,0.0,7.0,17.0,0.0,0.0,0.0,0.0,nfl_hist,amoszereoue
77,Reidel Anthony,TAM,WR,0.0,0.0,0.0,0.0,0.0,1.0,16.0,0.0,2.0,21.0,0.0,nfl_hist,reidelanthony
78,James Allen,CHI,RB,0.0,0.0,0.0,0.0,0.0,1.0,15.0,0.0,3.0,23.0,0.0,nfl_hist,jamesallen
79,Terry Kirby,OAK,RB,0.0,0.0,0.0,0.0,0.0,2.0,15.0,0.0,1.0,8.0,0.0,nfl_hist,terrykirby
80,Tiki Barbe,NYG,RB,0.0,0.0,0.0,0.0,0.0,7.0,14.0,0.0,9.0,74.0,0.0,nfl_hist,tikibarbe
81,Jermaine Lewis,BAL,WR/R,0.0,0.0,0.0,0.0,0.0,1.0,14.0,0.0,0.0,0.0,0.0,nfl_hist,jermainelewis
82,Kevan Barlow,SFO,RB,0.0,0.0,0.0,0.0,0.0,7.0,13.0,0.0,2.0,33.0,0.0,nfl_hist,kevanbarlow
83,Eddie George,TEN,RB,0.0,0.0,0.0,0.0,0.0,10.0,13.0,0.0,2.0,14.0,0.0,nfl_hist,eddiegeorge
84,Richie Anderson,NYJ,FB,0.0,0.0,0.0,0.0,0.0,2.0,12.0,0.0,4.0,16.0,0.0,nfl_hist,richieanderson
85,David Boston,ARI,WR,0.0,0.0,0.0,0.0,0.0,1.0,12.0,0.0,9.0,108.0,0.0,nfl_hist,davidboston
86,Kevin Faulk,NWE,RB,0.0,0.0,0.0,0.0,0.0,5.0,12.0,0.0,4.0,26.0,0.0,nfl_hist,kevinfaulk
87,Elvis Joseph,JAX,RB,0.0,0.0,0.0,0.0,0.0,7.0,12.0,0.0,1.0,8.0,0.0,nfl_hist,elvisjoseph
88,Michael Wiley,DAL,RB,0.0,0.0,0.0,0.0,0.0,1.0,12.0,0.0,1.0,8.0,0.0,nfl_hist,michaelwiley
89,Laveranues Coles,NYJ,WR,0.0,0.0,0.0,0.0,0.0,1.0,11.0,0.0,7.0,91.0,0.0,nfl_hist,laveranuescoles
90,Skip Hicks,TEN,RB,0.0,0.0,0.0,0.0,0.0,3.0,11.0,0.0,0.0,0.0,0.0,nfl_hist,skiphicks
91,Travis Mino,MIA,RB,0.0,0.0,0.0,0.0,0.0,2.0,11.0,0.0,0.0,0.0,0.0,nfl_hist,travismino
92,Larry Centers,BUF,FB,0.0,0.0,0.0,0.0,0.0,3.0,10.0,0.0,4.0,8.0,0.0,nfl_hist,larrycenters
93,Eddie Kennison,DEN,WR,0.0,0.0,0.0,0.0,0.0,1.0,10.0,0.0,0.0,0.0,0.0,nfl_hist,eddiekennison
94,Chris Fuamatu-Ma'afala,PIT,RB,0.0,0.0,0.0,0.0,0.0,3.0,9.0,0.0,0.0,0.0,0.0,nfl_hist,chrisfuamatumaafala
95,Rocket Ismail,DAL,WR,0.0,0.0,0.0,0.0,0.0,1.0,9.0,0.0,3.0,39.0,0.0,nfl_hist,rocketismail
96,Brandon Bennett,CIN,HB,0.0,0.0,0.0,0.0,0.0,4.0,8.0,0.0,0.0,0.0,0.0,nfl_hist,brandonbennett
97,Doug Chapman,MIN,RB,0.0,0.0,0.0,0.0,0.0,5.0,8.0,0.0,2.0,14.0,0.0,nfl_hist,dougchapman
98,Jim Kleinsasse,MIN,FB,0.0,0.0,0.0,0.0,0.0,2.0,8.0,0.0,1.0,4.0,0.0,nfl_hist,jimkleinsasse
99,Stacey Mack,JAX,RB/F,0.0,0.0,0.0,0.0,0.0,2.0,8.0,0.0,2.0,10.0,1.0,nfl_hist,staceymack
100,Terrell Fletche,SDG,RB,0.0,0.0,0.0,0.0,0.0,2.0,7.0,0.0,4.0,44.0,0.0,nfl_hist,terrellfletche
101,Robert Holcombe,STL,RB,0.0,0.0,0.0,0.0,0.0,1.0,7.0,0.0,1.0,14.0,0.0,nfl_hist,robertholcombe
102,Kris Brown,PIT,PK,0.0,0.0,0.0,0.0,0.0,1.0,6.0,0.0,0.0,0.0,0.0,nfl_hist,krisbrown
103,Marc Edwards,NWE,WR,0.0,0.0,0.0,0.0,0.0,2.0,6.0,0.0,1.0,6.0,0.0,nfl_hist,marcedwards
104,Frank Moreau,JAX,RB,0.0,0.0,0.0,0.0,0.0,2.0,6.0,0.0,0.0,0.0,0.0,nfl_hist,frankmoreau
105,Lorenzo Neal,CIN,FB,0.0,0.0,0.0,0.0,0.0,3.0,6.0,0.0,1.0,4.0,0.0,nfl_hist,lorenzoneal
106,Sammy Morris,BUF,RB,0.0,0.0,0.0,0.0,0.0,1.0,4.0,0.0,0.0,0.0,0.0,nfl_hist,sammymorris
107,Terrelle Smith,NOR,RB,0.0,0.0,0.0,0.0,0.0,2.0,4.0,0.0,0.0,0.0,0.0,nfl_hist,terrellesmith
108,Fred Beasley,SFO,FB,0.0,0.0,0.0,0.0,0.0,1.0,2.0,0.0,1.0,6.0,0.0,nfl_hist,fredbeasley
109,Ernie Conwell,STL,TE,0.0,0.0,0.0,0.0,0.0,1.0,2.0,1.0,6.0,44.0,0.0,nfl_hist,ernieconwell
110,Jameel Cook,TAM,FB,0.0,0.0,0.0,0.0,0.0,2.0,2.0,0.0,0.0,0.0,0.0,nfl_hist,jameelcook
111,LaMont Jordan,NYJ,RB-K,0.0,0.0,0.0,0.0,0.0,1.0,2.0,0.0,0.0,0.0,0.0,nfl_hist,lamontjordan
112,Shane Lechle,OAK,P,0.0,0.0,0.0,0.0,0.0,1.0,2.0,0.0,0.0,0.0,0.0,nfl_hist,shanelechle
113,Mack Strong,SEA,FB,0.0,0.0,0.0,0.0,0.0,2.0,2.0,0.0,0.0,0.0,0.0,nfl_hist,mackstrong
114,Reuben Droughns,DET,RB,0.0,0.0,0.0,0.0,0.0,1.0,1.0,0.0,0.0,0.0,0.0,nfl_hist,reubendroughns
115,Larry Parke,KAN,Z,0.0,0.0,0.0,0.0,0.0,1.0,1.0,0.0,6.0,76.0,2.0,nfl_hist,larryparke
116,Travis Prentice,MIN,RB,0.0,0.0,0.0,0.0,0.0,1.0,1.0,1.0,0.0,0.0,0.0,nfl_hist,travisprentice
117,Jason Bake,SFO,P,0.0,0.0,0.0,0.0,0.0,1.0,0.0,0.0,0.0,0.0,0.0,nfl_hist,jasonbake
118,Ray Lucas,MIA,QB,0.0,0.0,0.0,0.0,0.0,2.0,0.0,0.0,0.0,0.0,0.0,nfl_hist,raylucas
119,J.R. Redmond,NWE,RB,0.0,0.0,0.0,0.0,0.0,1.0,0.0,0.0,1.0,-3.0,0.0,nfl_hist,jrredmond
120,Thomas Jones,ARI,RB,0.0,0.0,0.0,0.0,0.0,1.0,-1.0,0.0,4.0,21.0,0.0,nfl_hist,thomasjones
121,Jay Graham,SEA,RB,0.0,0.0,0.0,0.0,0.0,1.0,-2.0,0.0,0.0,0.0,0.0,nfl_hist,jaygraham
122,Dan Kreide,PIT,FB,0.0,0.0,0.0,0.0,0.0,1.0,-2.0,0.0,0.0,0.0,0.0,nfl_hist,dankreide
123,Moe Williams,BAL,RB,0.0,0.0,0.0,0.0,0.0,1.0,-3.0,0.0,0.0,0.0,0.0,nfl_hist,moewilliams
124,Chris Chambers,MIA,WR,0.0,0.0,0.0,0.0,0.0,1.0,-11.0,0.0,3.0,76.0,0.0,nfl_hist,chrischambers
125,Isaac Bruce,STL,WR,0.0,0.0,0.0,0.0,0.0,0.0,0.0,0.0,7.0,179.0,1.0,nfl_hist,isaacbruce
126,Rod Smith,DEN,WR,0.0,0.0,0.0,0.0,0.0,0.0,0.0,0.0,6.0,159.0,1.0,nfl_hist,rodsmith
127,Plaxico Burress,PIT,WR,0.0,0.0,0.0,0.0,0.0,0.0,0.0,0.0,6.0,151.0,0.0,nfl_hist,plaxicoburress
128,Peerless Price,BUF,WR,0.0,0.0,0.0,0.0,0.0,0.0,0.0,0.0,8.0,151.0,1.0,nfl_hist,peerlessprice
129,Joe Horn,NOR,WR,0.0,0.0,0.0,0.0,0.0,0.0,0.0,0.0,8.0,121.0,2.0,nfl_hist,joehorn
130,Darrell Jackson,SEA,WR,0.0,0.0,0.0,0.0,0.0,0.0,0.0,0.0,5.0,121.0,1.0,nfl_hist,darrelljackson
131,Curtis Conway,SDG,WR,0.0,0.0,0.0,0.0,0.0,0.0,0.0,0.0,9.0,120.0,0.0,nfl_hist,curtisconway
132,Jimmy Smith,JAX,WR,0.0,0.0,0.0,0.0,0.0,0.0,0.0,0.0,7.0,119.0,1.0,nfl_hist,jimmysmith
133,Keenan McCardell,JAX,WR,0.0,0.0,0.0,0.0,0.0,0.0,0.0,0.0,10.0,118.0,0.0,nfl_hist,keenanmccardell
134,Amani Toome,NYG,WR,0.0,0.0,0.0,0.0,0.0,0.0,0.0,0.0,9.0,109.0,1.0,nfl_hist,amanitoome
135,Darnay Scott,CIN,WR,0.0,0.0,0.0,0.0,0.0,0.0,0.0,0.0,6.0,99.0,1.0,nfl_hist,darnayscott
136,Marvin Harrison,IND,WR,0.0,0.0,0.0,0.0,0.0,0.0,0.0,0.0,8.0,98.0,1.0,nfl_hist,marvinharrison
137,Desmond Clark,DEN,,0.0,0.0,0.0,0.0,0.0,0.0,0.0,0.0,6.0,94.0,0.0,nfl_hist,desmondclark
138,James McKnight,MIA,WR,0.0,0.0,0.0,0.0,0.0,0.0,0.0,0.0,8.0,94.0,1.0,nfl_hist,jamesmcknight
139,Shannon Sharpe,BAL,TE,0.0,0.0,0.0,0.0,0.0,0.0,0.0,0.0,7.0,89.0,0.0,nfl_hist,shannonsharpe
140,Qadry Ismail,BAL,WR,0.0,0.0,0.0,0.0,0.0,0.0,0.0,0.0,7.0,85.0,1.0,nfl_hist,qadryismail
141,Michael Westbrook,WAS,WR,0.0,0.0,0.0,0.0,0.0,0.0,0.0,0.0,2.0,83.0,1.0,nfl_hist,michaelwestbrook
142,Karl Williams,TAM,WR,0.0,0.0,0.0,0.0,0.0,0.0,0.0,0.0,4.0,80.0,0.0,nfl_hist,karlwilliams
143,Joe Jurevicius,NYG,TE,0.0,0.0,0.0,0.0,0.0,0.0,0.0,0.0,6.0,77.0,0.0,nfl_hist,joejurevicius
144,Tony Gonzalez,KAN,TE,0.0,0.0,0.0,0.0,0.0,0.0,0.0,0.0,3.0,75.0,1.0,nfl_hist,tonygonzalez
145,Johnnie Morton,DET,XR,0.0,0.0,0.0,0.0,0.0,0.0,0.0,0.0,6.0,74.0,0.0,nfl_hist,johnniemorton
146,Jay Riemersma,BUF,TE,0.0,0.0,0.0,0.0,0.0,0.0,0.0,0.0,4.0,74.0,0.0,nfl_hist,jayriemersma
147,Torry Holt,STL,WR,0.0,0.0,0.0,0.0,0.0,0.0,0.0,0.0,5.0,72.0,1.0,nfl_hist,torryholt
148,Eric Moulds,BUF,WR,0.0,0.0,0.0,0.0,0.0,0.0,0.0,0.0,7.0,70.0,0.0,nfl_hist,ericmoulds
149,Dez White,CHI,WR,0.0,0.0,0.0,0.0,0.0,0.0,0.0,0.0,7.0,68.0,0.0,nfl_hist,dezwhite
150,Marty Booke,CHI,WR,0.0,0.0,0.0,0.0,0.0,0.0,0.0,0.0,9.0,67.0,0.0,nfl_hist,martybooke
151,Snoop Minnis,KAN,WR,0.0,0.0,0.0,0.0,0.0,0.0,0.0,0.0,4.0,64.0,0.0,nfl_hist,snoopminnis
152,Reggie Wayne,IND,WR,0.0,0.0,0.0,0.0,0.0,0.0,0.0,0.0,5.0,63.0,0.0,nfl_hist,reggiewayne
153,Keyshawn Johnson,TAM,WR,0.0,0.0,0.0,0.0,0.0,0.0,0.0,0.0,5.0,62.0,0.0,nfl_hist,keyshawnjohnson
154,Larry Foste,DET,ZR,0.0,0.0,0.0,0.0,0.0,0.0,0.0,0.0,4.0,60.0,0.0,nfl_hist,larryfoste
155,Terrell Owens,SFO,WR,0.0,0.0,0.0,0.0,0.0,0.0,0.0,0.0,6.0,60.0,0.0,nfl_hist,terrellowens
156,Troy Edwards,PIT,WR,0.0,0.0,0.0,0.0,0.0,0.0,0.0,0.0,1.0,57.0,0.0,nfl_hist,troyedwards
157,Derrick Mason,TEN,WR,0.0,0.0,0.0,0.0,0.0,0.0,0.0,0.0,2.0,56.0,0.0,nfl_hist,derrickmason
158,Frank Sanders,ARI,WR,0.0,0.0,0.0,0.0,0.0,0.0,0.0,0.0,5.0,56.0,0.0,nfl_hist,franksanders
159,Cris Carte,MIN,WR,0.0,0.0,0.0,0.0,0.0,0.0,0.0,0.0,4.0,55.0,0.0,nfl_hist,criscarte
160,Willie Jackson,NOR,WR,0.0,0.0,0.0,0.0,0.0,0.0,0.0,0.0,2.0,52.0,1.0,nfl_hist,williejackson
161,Peter Warrick,CIN,WR,0.0,0.0,0.0,0.0,0.0,0.0,0.0,0.0,5.0,52.0,0.0,nfl_hist,peterwarrick
162,Randy Moss,MIN,WR,0.0,0.0,0.0,0.0,0.0,0.0,0.0,0.0,3.0,49.0,1.0,nfl_hist,randymoss
163,Jeff Graham,SDG,WR,0.0,0.0,0.0,0.0,0.0,0.0,0.0,0.0,3.0,44.0,0.0,nfl_hist,jeffgraham
164,Tim Brown,OAK,WR,0.0,0.0,0.0,0.0,0.0,0.0,0.0,0.0,3.0,43.0,0.0,nfl_hist,timbrown
165,Cam Cleeland,NOR,TE,0.0,0.0,0.0,0.0,0.0,0.0,0.0,0.0,4.0,43.0,0.0,nfl_hist,camcleeland
166,Frank Wycheck,TEN,TE,0.0,0.0,0.0,0.0,0.0,0.0,0.0,0.0,3.0,41.0,1.0,nfl_hist,frankwycheck
167,Ike Hilliard,NYG,WR,0.0,0.0,0.0,0.0,0.0,0.0,0.0,0.0,2.0,40.0,1.0,nfl_hist,ikehilliard
168,Koren Robinson,SEA,WR,0.0,0.0,0.0,0.0,0.0,0.0,0.0,0.0,3.0,40.0,0.0,nfl_hist,korenrobinson
169,Mark Bruene,PIT,TE,0.0,0.0,0.0,0.0,0.0,0.0,0.0,0.0,3.0,36.0,0.0,nfl_hist,markbruene
170,Kevin Swayne,NYJ,WR,0.0,0.0,0.0,0.0,0.0,0.0,0.0,0.0,3.0,35.0,0.0,nfl_hist,kevinswayne
171,Jerry Rice,OAK,WR,0.0,0.0,0.0,0.0,0.0,0.0,0.0,0.0,2.0,34.0,0.0,nfl_hist,jerryrice
172,David Sloan,DET,TE,0.0,0.0,0.0,0.0,0.0,0.0,0.0,0.0,4.0,34.0,2.0,nfl_hist,davidsloan
173,Tim Dwight,SDG,WR/K,0.0,0.0,0.0,0.0,0.0,0.0,0.0,0.0,2.0,32.0,0.0,nfl_hist,timdwight
174,Zeron Flemiste,WAS,TE,0.0,0.0,0.0,0.0,0.0,0.0,0.0,0.0,2.0,32.0,0.0,nfl_hist,zeronflemiste
175,Jake Reed,MIN,WR,0.0,0.0,0.0,0.0,0.0,0.0,0.0,0.0,3.0,32.0,0.0,nfl_hist,jakereed
176,Derrius Thompson,WAS,WR,0.0,0.0,0.0,0.0,0.0,0.0,0.0,0.0,1.0,31.0,1.0,nfl_hist,derriusthompson
177,Fred Baxte,CHI,TE,0.0,0.0,0.0,0.0,0.0,0.0,0.0,0.0,3.0,29.0,0.0,nfl_hist,fredbaxte
178,Drew Bennett,TEN,WR,0.0,0.0,0.0,0.0,0.0,0.0,0.0,0.0,2.0,29.0,0.0,nfl_hist,drewbennett
179,Kyle Brady,JAX,TE,0.0,0.0,0.0,0.0,0.0,0.0,0.0,0.0,3.0,29.0,0.0,nfl_hist,kylebrady
180,Na Brown,PHI,WR,0.0,0.0,0.0,0.0,0.0,0.0,0.0,0.0,2.0,29.0,0.0,nfl_hist,nabrown
181,Greg Comella,NYG,FB,0.0,0.0,0.0,0.0,0.0,0.0,0.0,0.0,5.0,29.0,1.0,nfl_hist,gregcomella
182,J.J. Stokes,SFO,WR,0.0,0.0,0.0,0.0,0.0,0.0,0.0,0.0,4.0,29.0,0.0,nfl_hist,jjstokes
183,Jason Dunn,KAN,TE,0.0,0.0,0.0,0.0,0.0,0.0,0.0,0.0,1.0,28.0,0.0,nfl_hist,jasondunn
184,Bobby Engram,SEA,WR,0.0,0.0,0.0,0.0,0.0,0.0,0.0,0.0,3.0,28.0,0.0,nfl_hist,bobbyengram
185,Joey Galloway,DAL,WR,0.0,0.0,0.0,0.0,0.0,0.0,0.0,0.0,3.0,28.0,0.0,nfl_hist,joeygalloway
186,Chad Lewis,PHI,TE,0.0,0.0,0.0,0.0,0.0,0.0,0.0,0.0,2.0,27.0,0.0,nfl_hist,chadlewis
187,Dave Moore,TAM,TE,0.0,0.0,0.0,0.0,0.0,0.0,0.0,0.0,5.0,27.0,1.0,nfl_hist,davemoore
188,Tony McGee,CIN,TE,0.0,0.0,0.0,0.0,0.0,0.0,0.0,0.0,1.0,25.0,0.0,nfl_hist,tonymcgee
189,Eric Johnson,SFO,TE,0.0,0.0,0.0,0.0,0.0,0.0,0.0,0.0,2.0,24.0,0.0,nfl_hist,ericjohnson
190,Donald Hayes,CAR,WR,0.0,0.0,0.0,0.0,0.0,0.0,0.0,0.0,3.0,23.0,0.0,nfl_hist,donaldhayes
191,Desmond Howard,DET,WR,0.0,0.0,0.0,0.0,0.0,0.0,0.0,0.0,1.0,23.0,0.0,nfl_hist,desmondhoward
192,Jerry Porte,OAK,WR,0.0,0.0,0.0,0.0,0.0,0.0,0.0,0.0,2.0,23.0,0.0,nfl_hist,jerryporte
193,Kevin Dyson,TEN,WR,0.0,0.0,0.0,0.0,0.0,0.0,0.0,0.0,2.0,22.0,0.0,nfl_hist,kevindyson
194,Dwayne Carswell,DEN,TE,0.0,0.0,0.0,0.0,0.0,0.0,0.0,0.0,3.0,21.0,1.0,nfl_hist,dwaynecarswell
195,Ken Dilge,IND,TE,0.0,0.0,0.0,0.0,0.0,0.0,0.0,0.0,2.0,20.0,0.0,nfl_hist,kendilge
196,Rod Gardne,WAS,WR,0.0,0.0,0.0,0.0,0.0,0.0,0.0,0.0,2.0,20.0,1.0,nfl_hist,rodgardne
197,Frank Murphy,TAM,WR,0.0,0.0,0.0,0.0,0.0,0.0,0.0,0.0,1.0,20.0,0.0,nfl_hist,frankmurphy
198,Ricky Proehl,STL,WR,0.0,0.0,0.0,0.0,0.0,0.0,0.0,0.0,1.0,20.0,0.0,nfl_hist,rickyproehl
199,Sam Gash,BAL,FB,0.0,0.0,0.0,0.0,0.0,0.0,0.0,0.0,2.0,19.0,0.0,nfl_hist,samgash
200,Bobby Shaw,PIT,WR,0.0,0.0,0.0,0.0,0.0,0.0,0.0,0.0,1.0,19.0,0.0,nfl_hist,bobbyshaw
201,David Terrell,CHI,WR,0.0,0.0,0.0,0.0,0.0,0.0,0.0,0.0,3.0,19.0,2.0,nfl_hist,davidterrell
202,Chris Thomas,KAN,X,0.0,0.0,0.0,0.0,0.0,0.0,0.0,0.0,1.0,19.0,0.0,nfl_hist,christhomas
203,Isaac Byrd,CAR,WR,0.0,0.0,0.0,0.0,0.0,0.0,0.0,0.0,2.0,17.0,0.0,nfl_hist,isaacbyrd
204,Ron Dixon,NYG,WR,0.0,0.0,0.0,0.0,0.0,0.0,0.0,0.0,1.0,17.0,0.0,nfl_hist,rondixon
205,Travis Taylo,BAL,WR,0.0,0.0,0.0,0.0,0.0,0.0,0.0,0.0,3.0,17.0,0.0,nfl_hist,travistaylo
206,Christian Fauria,SEA,TE,0.0,0.0,0.0,0.0,0.0,0.0,0.0,0.0,2.0,16.0,0.0,nfl_hist,christianfauria
207,Itula Mili,SEA,TE,0.0,0.0,0.0,0.0,0.0,0.0,0.0,0.0,2.0,16.0,1.0,nfl_hist,itulamili
208,Roland Williams,OAK,TE,0.0,0.0,0.0,0.0,0.0,0.0,0.0,0.0,3.0,16.0,0.0,nfl_hist,rolandwilliams
209,Robert Wilson,NOR,WR,0.0,0.0,0.0,0.0,0.0,0.0,0.0,0.0,1.0,16.0,0.0,nfl_hist,robertwilson
210,Sean Dawkins,JAX,WR,0.0,0.0,0.0,0.0,0.0,0.0,0.0,0.0,1.0,15.0,0.0,nfl_hist,seandawkins
211,Oronde Gadsden,MIA,WR,0.0,0.0,0.0,0.0,0.0,0.0,0.0,0.0,1.0,15.0,0.0,nfl_hist,orondegadsden
212,Rob Konrad,MIA,FB,0.0,0.0,0.0,0.0,0.0,0.0,0.0,0.0,1.0,15.0,0.0,nfl_hist,robkonrad
213,Freddie Mitchell,PHI,WR,0.0,0.0,0.0,0.0,0.0,0.0,0.0,0.0,1.0,15.0,0.0,nfl_hist,freddiemitchell
214,Scottie Montgomery,DEN,WR,0.0,0.0,0.0,0.0,0.0,0.0,0.0,0.0,2.0,15.0,0.0,nfl_hist,scottiemontgomery
215,Muhsin Muhammad,CAR,WR,0.0,0.0,0.0,0.0,0.0,0.0,0.0,0.0,2.0,15.0,0.0,nfl_hist,muhsinmuhammad
216,Jon Ritchie,OAK,RB,0.0,0.0,0.0,0.0,0.0,0.0,0.0,0.0,2.0,15.0,0.0,nfl_hist,jonritchie
217,Mikhael Ricks,KAN,TE,0.0,0.0,0.0,0.0,0.0,0.0,0.0,0.0,2.0,14.0,0.0,nfl_hist,mikhaelricks
218,Scotty Anderson,DET,WR,0.0,0.0,0.0,0.0,0.0,0.0,0.0,0.0,1.0,12.0,0.0,nfl_hist,scottyanderson
219,Jed Weave,MIA,TE,0.0,0.0,0.0,0.0,0.0,0.0,0.0,0.0,1.0,12.0,0.0,nfl_hist,jedweave
220,John Davis,CHI,TE,0.0,0.0,0.0,0.0,0.0,0.0,0.0,0.0,2.0,11.0,0.0,nfl_hist,johndavis
221,Terry Hardy,ARI,TE,0.0,0.0,0.0,0.0,0.0,0.0,0.0,0.0,1.0,11.0,0.0,nfl_hist,terryhardy
222,Charles Johnson,NWE,WR,0.0,0.0,0.0,0.0,0.0,0.0,0.0,0.0,2.0,11.0,0.0,nfl_hist,charlesjohnson
223,Tai Streets,SFO,WR,0.0,0.0,0.0,0.0,0.0,0.0,0.0,0.0,1.0,11.0,0.0,nfl_hist,taistreets
224,Jeff Thomason,PHI,TE,0.0,0.0,0.0,0.0,0.0,0.0,0.0,0.0,1.0,11.0,0.0,nfl_hist,jeffthomason
225,Wesley Walls,CAR,TE,0.0,0.0,0.0,0.0,0.0,0.0,0.0,0.0,2.0,11.0,0.0,nfl_hist,wesleywalls
226,James Thrash,PHI,WR,0.0,0.0,0.0,0.0,0.0,0.0,0.0,0.0,2.0,9.0,0.0,nfl_hist,jamesthrash
227,Joel Makovicka,ARI,FB,0.0,0.0,0.0,0.0,0.0,0.0,0.0,0.0,1.0,8.0,0.0,nfl_hist,joelmakovicka
228,Tywan Mitchell,ARI,TE,0.0,0.0,0.0,0.0,0.0,0.0,0.0,0.0,2.0,8.0,0.0,nfl_hist,tywanmitchell
229,Jackie Harris,DAL,TE,0.0,0.0,0.0,0.0,0.0,0.0,0.0,0.0,1.0,7.0,0.0,nfl_hist,jackieharris
230,Cecil Martin,PHI,FB,0.0,0.0,0.0,0.0,0.0,0.0,0.0,0.0,2.0,7.0,0.0,nfl_hist,cecilmartin
231,Alvis Whitted,JAX,WR,0.0,0.0,0.0,0.0,0.0,0.0,0.0,0.0,1.0,7.0,0.0,nfl_hist,alviswhitted
232,Ron Dugans,CIN,WR,0.0,0.0,0.0,0.0,0.0,0.0,0.0,0.0,1.0,6.0,0.0,nfl_hist,rondugans
233,Erron Kinney,TEN,TE/F,0.0,0.0,0.0,0.0,0.0,0.0,0.0,0.0,1.0,6.0,0.0,nfl_hist,erronkinney
234,Marcus Pollard,IND,HB,0.0,0.0,0.0,0.0,0.0,0.0,0.0,0.0,1.0,6.0,1.0,nfl_hist,marcuspollard
235,Jon Witman,PIT,FB,0.0,0.0,0.0,0.0,0.0,0.0,0.0,0.0,1.0,6.0,0.0,nfl_hist,jonwitman
236,Avion Black,BUF,WR,0.0,0.0,0.0,0.0,0.0,0.0,0.0,0.0,1.0,5.0,0.0,nfl_hist,avionblack
237,MarTay Jenkins,ARI,WR,0.0,0.0,0.0,0.0,0.0,0.0,0.0,0.0,1.0,5.0,0.0,nfl_hist,martayjenkins
238,Freddie Jones,SDG,TE,0.0,0.0,0.0,0.0,0.0,0.0,0.0,0.0,2.0,5.0,1.0,nfl_hist,freddiejones
239,Tony Simmons,IND,WR,0.0,0.0,0.0,0.0,0.0,0.0,0.0,0.0,1.0,5.0,0.0,nfl_hist,tonysimmons
240,Curtis Jackson,NWE,WR,0.0,0.0,0.0,0.0,0.0,0.0,0.0,0.0,1.0,4.0,0.0,nfl_hist,curtisjackson
241,Daimon Shelton,CHI,FB,0.0,0.0,0.0,0.0,0.0,0.0,0.0,0.0,1.0,3.0,1.0,nfl_hist,daimonshelton
242,Boo Williams,NOR,TE,0.0,0.0,0.0,0.0,0.0,0.0,0.0,0.0,1.0,3.0,0.0,nfl_hist,boowilliams
243,Jeremy Brigham,OAK,TE,0.0,0.0,0.0,0.0,0.0,0.0,0.0,0.0,1.0,1.0,0.0,nfl_hist,jeremybrigham
244,Justin Swift,SFO,TE,0.0,0.0,0.0,0.0,0.0,0.0,0.0,0.0,1.0,1.0,1.0,nfl_hist,justinswift
245,Patrick Hape,DEN,FB,0.0,0.0,0.0,0.0,0.0,0.0,0.0,0.0,1.0,0.0,0.0,nfl_hist,patrickhape
246,Zack Bronson,SFO,FS,0.0,0.0,0.0,0.0,0.0,0.0,0.0,0.0,0.0,0.0,0.0,nfl_hist,zackbronson
247,Tedy Bruschi,NWE,LB,0.0,0.0,0.0,0.0,0.0,0.0,0.0,0.0,0.0,0.0,0.0,nfl_hist,tedybruschi
248,Jeff Ogden,MIA,WR,0.0,0.0,0.0,0.0,0.0,0.0,0.0,0.0,0.0,0.0,0.0,nfl_hist,jeffogden
249,Dwight Smith,TAM,CB,0.0,0.0,0.0,0.0,0.0,0.0,0.0,0.0,0.0,0.0,0.0,nfl_hist,dwightsmith
250,Dre' Bly,STL,CB,0.0,0.0,0.0,0.0,0.0,0.0,0.0,0.0,0.0,0.0,0.0,nfl_hist,drebly
251,Don Morgan,MIN,S,0.0,0.0,0.0,0.0,0.0,0.0,0.0,0.0,0.0,0.0,0.0,nfl_hist,donmorgan
252,Deuce McAlliste,NOR,RB,0.0,0.0,0.0,0.0,0.0,0.0,0.0,0.0,0.0,0.0,0.0,nfl_hist,deucemcalliste
253,Denard Walke,DEN,RCB,0.0,0.0,0.0,0.0,0.0,0.0,0.0,0.0,0.0,0.0,0.0,nfl_hist,denardwalke
254,David Dunn,OAK,WR,0.0,0.0,0.0,0.0,0.0,0.0,0.0,0.0,0.0,0.0,0.0,nfl_hist,daviddunn
255,Adam Archuleta,STL,SS,0.0,0.0,0.0,0.0,0.0,0.0,0.0,0.0,0.0,0.0,0.0,nfl_hist,adamarchuleta
