,player,team,position,pass_yds,pass_tds,pass_int,pass_att,pass_comp,rush_att,rush_yds,rush_tds,rcv_rec,rcv_yds,rcv_tds,source,pname_merge
0,Kurt Warne,STL,QB,342.0,4.0,0.0,23.0,17.0,1.0,3.0,0.0,0.0,0.0,0.0,nfl_hist,kurtwarne
1,Steve McNai,TEN,QB,244.0,3.0,0.0,17.0,11.0,2.0,10.0,0.0,0.0,0.0,0.0,nfl_hist,stevemcnai
2,Todd Bouman,MIN,QB,200.0,2.0,1.0,15.0,11.0,1.0,4.0,0.0,0.0,0.0,0.0,nfl_hist,toddbouman
3,Neil O'Donnell,TEN,QB,28.0,0.0,0.0,2.0,2.0,4.0,-1.0,0.0,0.0,0.0,0.0,nfl_hist,neilodonnell
4,Kelly Holcomb,CLE,QB,114.0,1.0,0.0,12.0,7.0,1.0,0.0,0.0,0.0,0.0,0.0,nfl_hist,kellyholcomb
5,Jeff Garcia,SFO,QB,189.0,2.0,0.0,27.0,19.0,4.0,18.0,0.0,0.0,0.0,0.0,nfl_hist,jeffgarcia
6,Donovan McNabb,PHI,QB,269.0,2.0,1.0,26.0,18.0,9.0,41.0,0.0,0.0,0.0,0.0,nfl_hist,donovanmcnabb
7,Brett Favre,GNB,QB,362.0,3.0,0.0,42.0,24.0,2.0,5.0,1.0,0.0,0.0,0.0,nfl_hist,brettfavre
8,Aaron Brooks,NOR,QB,330.0,3.0,1.0,40.0,26.0,5.0,18.0,0.0,0.0,0.0,0.0,nfl_hist,aaronbrooks
9,Brad Johnson,TAM,QB,231.0,0.0,0.0,33.0,26.0,3.0,-1.0,0.0,0.0,0.0,0.0,nfl_hist,bradjohnson
10,Jay Fiedle,MIA,QB,176.0,1.0,0.0,28.0,18.0,4.0,2.0,0.0,0.0,0.0,0.0,nfl_hist,jayfiedle
11,Tom Brady,NWE,QB,213.0,0.0,0.0,28.0,20.0,3.0,0.0,0.0,0.0,0.0,0.0,nfl_hist,tombrady
12,Charlie Batch,DET,QB,214.0,0.0,0.0,28.0,18.0,3.0,12.0,0.0,0.0,0.0,0.0,nfl_hist,charliebatch
13,Rich Gannon,OAK,QB,302.0,3.0,2.0,45.0,29.0,7.0,30.0,0.0,0.0,0.0,0.0,nfl_hist,richgannon
14,Jake Plumme,ARI,QB,249.0,1.0,0.0,38.0,22.0,4.0,16.0,0.0,0.0,0.0,0.0,nfl_hist,jakeplumme
15,Elvis Grbac,BAL,QB,268.0,2.0,1.0,39.0,23.0,1.0,1.0,0.0,0.0,0.0,0.0,nfl_hist,elvisgrbac
16,Chris Weinke,CAR,QB,161.0,0.0,0.0,19.0,11.0,2.0,7.0,2.0,0.0,0.0,0.0,nfl_hist,chrisweinke
17,Peyton Manning,IND,QB,310.0,2.0,1.0,48.0,27.0,1.0,9.0,0.0,0.0,0.0,0.0,nfl_hist,peytonmanning
18,Quincy Carte,DAL,QB,130.0,1.0,1.0,14.0,7.0,7.0,5.0,0.0,0.0,0.0,0.0,nfl_hist,quincycarte
19,Trent Green,KAN,QB,213.0,1.0,1.0,35.0,21.0,0.0,0.0,0.0,0.0,0.0,0.0,nfl_hist,trentgreen
20,Chris Chandle,ATL,QB,123.0,0.0,1.0,18.0,14.0,3.0,21.0,0.0,0.0,0.0,0.0,nfl_hist,chrischandle
21,Tony Banks,WAS,QB,216.0,1.0,1.0,32.0,17.0,4.0,25.0,1.0,0.0,0.0,0.0,nfl_hist,tonybanks
22,Kordell Stewart,PIT,QB,157.0,0.0,1.0,19.0,13.0,7.0,9.0,0.0,0.0,0.0,0.0,nfl_hist,kordellstewart
23,Matt Hasselbeck,SEA,QB,202.0,0.0,0.0,35.0,19.0,4.0,21.0,0.0,0.0,0.0,0.0,nfl_hist,matthasselbeck
24,Tim Couch,CLE,QB,110.0,1.0,1.0,26.0,17.0,2.0,18.0,0.0,0.0,0.0,0.0,nfl_hist,timcouch
25,Daunte Culpeppe,MIN,QB,140.0,0.0,1.0,17.0,12.0,0.0,0.0,0.0,0.0,0.0,0.0,nfl_hist,daunteculpeppe
26,Mark Brunell,JAX,QB,311.0,1.0,2.0,45.0,26.0,3.0,23.0,0.0,0.0,0.0,0.0,nfl_hist,markbrunell
27,Brian Griese,DEN,QB,135.0,1.0,1.0,33.0,18.0,3.0,13.0,0.0,0.0,0.0,0.0,nfl_hist,briangriese
28,Mike McMahon,DET,QB,42.0,0.0,0.0,9.0,4.0,4.0,25.0,0.0,0.0,0.0,0.0,nfl_hist,mikemcmahon
29,Jon Kitna,CIN,QB,144.0,1.0,1.0,38.0,19.0,0.0,0.0,0.0,0.0,0.0,0.0,nfl_hist,jonkitna
30,Michael Vick,ATL,QB,94.0,0.0,0.0,18.0,7.0,6.0,52.0,0.0,0.0,0.0,0.0,nfl_hist,michaelvick
31,Vinny Testaverde,NYJ,QB,172.0,1.0,2.0,32.0,18.0,2.0,21.0,0.0,0.0,0.0,0.0,nfl_hist,vinnytestaverde
32,Doug Flutie,SDG,QB,195.0,0.0,2.0,33.0,19.0,2.0,22.0,0.0,0.0,0.0,0.0,nfl_hist,dougflutie
33,Jim Mille,CHI,QB,124.0,0.0,1.0,34.0,17.0,3.0,1.0,0.0,0.0,0.0,0.0,nfl_hist,jimmille
34,Richard Huntley,CAR,RB,0.0,0.0,0.0,1.0,0.0,15.0,41.0,0.0,1.0,3.0,0.0,nfl_hist,richardhuntley
35,Doug Johnson,ATL,QB,0.0,0.0,0.0,1.0,0.0,0.0,0.0,0.0,0.0,0.0,0.0,nfl_hist,dougjohnson
36,Alex Van Pelt,BUF,QB,168.0,0.0,4.0,38.0,21.0,0.0,0.0,0.0,0.0,0.0,0.0,nfl_hist,alexvanpelt
37,Matt Lytle,CAR,QB,0.0,0.0,1.0,1.0,0.0,0.0,0.0,0.0,0.0,0.0,0.0,nfl_hist,mattlytle
38,Garrison Hearst,SFO,RB,0.0,0.0,0.0,0.0,0.0,25.0,124.0,1.0,2.0,18.0,0.0,nfl_hist,garrisonhearst
39,Moe Williams,BAL,RB,0.0,0.0,0.0,0.0,0.0,24.0,111.0,0.0,3.0,27.0,0.0,nfl_hist,moewilliams
40,Emmitt Smith,DAL,RB,0.0,0.0,0.0,0.0,0.0,25.0,102.0,1.0,0.0,0.0,0.0,nfl_hist,emmittsmith
41,Ricky Williams,NOR,RB,0.0,0.0,0.0,0.0,0.0,27.0,102.0,0.0,4.0,72.0,0.0,nfl_hist,rickywilliams
42,Curtis Martin,NYJ,RB,0.0,0.0,0.0,0.0,0.0,20.0,99.0,0.0,4.0,4.0,0.0,nfl_hist,curtismartin
43,Terrell Davis,DEN,FB,0.0,0.0,0.0,0.0,0.0,20.0,97.0,0.0,2.0,0.0,0.0,nfl_hist,terrelldavis
44,James Allen,CHI,RB,0.0,0.0,0.0,0.0,0.0,25.0,93.0,0.0,2.0,7.0,0.0,nfl_hist,jamesallen
45,Shaun Alexande,SEA,RB,0.0,0.0,0.0,0.0,0.0,29.0,87.0,1.0,4.0,14.0,0.0,nfl_hist,shaunalexande
46,LaDainian Tomlinson,SDG,RB,0.0,0.0,0.0,0.0,0.0,24.0,87.0,1.0,4.0,26.0,0.0,nfl_hist,ladainiantomlinson
47,Jerome Bettis,PIT,HB,0.0,0.0,0.0,0.0,0.0,19.0,81.0,1.0,1.0,16.0,0.0,nfl_hist,jeromebettis
48,Duce Staley,PHI,RB,0.0,0.0,0.0,0.0,0.0,25.0,80.0,0.0,4.0,66.0,1.0,nfl_hist,ducestaley
49,Corey Dillon,CIN,HB,0.0,0.0,0.0,0.0,0.0,23.0,79.0,0.0,2.0,8.0,1.0,nfl_hist,coreydillon
50,Michael Pittman,ARI,RB,0.0,0.0,0.0,0.0,0.0,18.0,78.0,1.0,4.0,17.0,0.0,nfl_hist,michaelpittman
51,Priest Holmes,KAN,RB,0.0,0.0,0.0,0.0,0.0,18.0,76.0,0.0,8.0,100.0,0.0,nfl_hist,priestholmes
52,Chris Fuamatu-Ma'afala,PIT,RB,0.0,0.0,0.0,0.0,0.0,12.0,74.0,0.0,0.0,0.0,0.0,nfl_hist,chrisfuamatumaafala
53,Marshall Faulk,STL,RB,0.0,0.0,0.0,0.0,0.0,12.0,70.0,0.0,6.0,128.0,3.0,nfl_hist,marshallfaulk
54,Michael Wiley,DAL,RB,0.0,0.0,0.0,0.0,0.0,3.0,61.0,0.0,0.0,0.0,0.0,nfl_hist,michaelwiley
55,Charlie Garne,OAK,RB,0.0,0.0,0.0,0.0,0.0,15.0,59.0,0.0,5.0,28.0,0.0,nfl_hist,charliegarne
56,Stephen Davis,WAS,RB,0.0,0.0,0.0,0.0,0.0,17.0,53.0,0.0,2.0,32.0,0.0,nfl_hist,stephendavis
57,Eddie George,TEN,RB,0.0,0.0,0.0,0.0,0.0,23.0,51.0,1.0,0.0,0.0,0.0,nfl_hist,eddiegeorge
58,Skip Hicks,TEN,RB,0.0,0.0,0.0,0.0,0.0,10.0,51.0,0.0,0.0,0.0,0.0,nfl_hist,skiphicks
59,Troy Hambrick,DAL,FB,0.0,0.0,0.0,0.0,0.0,10.0,47.0,0.0,0.0,0.0,0.0,nfl_hist,troyhambrick
60,Warrick Dunn,TAM,RB,0.0,0.0,0.0,0.0,0.0,21.0,42.0,0.0,3.0,5.0,0.0,nfl_hist,warrickdunn
61,Dominic Rhodes,IND,RB,0.0,0.0,0.0,0.0,0.0,16.0,42.0,0.0,6.0,25.0,0.0,nfl_hist,dominicrhodes
62,Ben Gay,CLE,RB,0.0,0.0,0.0,0.0,0.0,8.0,37.0,0.0,0.0,0.0,0.0,nfl_hist,bengay
63,Terry Jackson,SFO,FB,0.0,0.0,0.0,0.0,0.0,5.0,37.0,0.0,0.0,0.0,0.0,nfl_hist,terryjackson
64,Thomas Jones,ARI,RB,0.0,0.0,0.0,0.0,0.0,10.0,36.0,1.0,1.0,10.0,0.0,nfl_hist,thomasjones
65,Lamar Smith,MIA,RB,0.0,0.0,0.0,0.0,0.0,15.0,36.0,1.0,5.0,43.0,0.0,nfl_hist,lamarsmith
66,Michael Bennett,MIN,RB,0.0,0.0,0.0,0.0,0.0,13.0,34.0,0.0,2.0,80.0,1.0,nfl_hist,michaelbennett
67,Ahman Green,GNB,RB,0.0,0.0,0.0,0.0,0.0,17.0,31.0,0.0,5.0,74.0,1.0,nfl_hist,ahmangreen
68,Antowain Smith,NWE,RB,0.0,0.0,0.0,0.0,0.0,12.0,28.0,1.0,3.0,43.0,0.0,nfl_hist,antowainsmith
69,Stacey Mack,JAX,RB,0.0,0.0,0.0,0.0,0.0,16.0,27.0,0.0,2.0,13.0,0.0,nfl_hist,staceymack
70,Paul Smith,SFO,RB,0.0,0.0,0.0,0.0,0.0,4.0,27.0,1.0,0.0,0.0,0.0,nfl_hist,paulsmith
71,Rodney Thomas,ATL,RB,0.0,0.0,0.0,0.0,0.0,6.0,27.0,0.0,0.0,0.0,0.0,nfl_hist,rodneythomas
72,Mike Alstott,TAM,FB,0.0,0.0,0.0,0.0,0.0,6.0,24.0,0.0,3.0,31.0,0.0,nfl_hist,mikealstott
73,Mike Anderson,DEN,RB,0.0,0.0,0.0,0.0,0.0,6.0,24.0,0.0,0.0,0.0,0.0,nfl_hist,mikeanderson
74,Kevin Faulk,NWE,RB,0.0,0.0,0.0,0.0,0.0,3.0,23.0,0.0,0.0,0.0,0.0,nfl_hist,kevinfaulk
75,Maurice Smith,ATL,RB,0.0,0.0,0.0,0.0,0.0,14.0,23.0,0.0,1.0,4.0,0.0,nfl_hist,mauricesmith
76,James Stewart,DET,RB,0.0,0.0,0.0,0.0,0.0,11.0,21.0,1.0,5.0,97.0,0.0,nfl_hist,jamesstewart
77,Tim Brown,OAK,WR,0.0,0.0,0.0,0.0,0.0,1.0,19.0,0.0,5.0,63.0,2.0,nfl_hist,timbrown
78,Joel Makovicka,ARI,FB,0.0,0.0,0.0,0.0,0.0,1.0,19.0,0.0,0.0,0.0,0.0,nfl_hist,joelmakovicka
79,J.R. Redmond,NWE,RB,0.0,0.0,0.0,0.0,0.0,3.0,17.0,0.0,0.0,0.0,0.0,nfl_hist,jrredmond
80,Trung Canidate,STL,RB,0.0,0.0,0.0,0.0,0.0,7.0,16.0,0.0,0.0,0.0,0.0,nfl_hist,trungcanidate
81,Zack Crockett,OAK,RB,0.0,0.0,0.0,0.0,0.0,4.0,16.0,1.0,0.0,0.0,0.0,nfl_hist,zackcrockett
82,Vinny Sutherland,SFO,HB,0.0,0.0,0.0,0.0,0.0,1.0,16.0,0.0,0.0,0.0,0.0,nfl_hist,vinnysutherland
83,Jon Witman,PIT,FB,0.0,0.0,0.0,0.0,0.0,2.0,16.0,0.0,0.0,0.0,0.0,nfl_hist,jonwitman
84,Amos Zereoue,PIT,RB,0.0,0.0,0.0,0.0,0.0,5.0,15.0,1.0,1.0,3.0,0.0,nfl_hist,amoszereoue
85,Larry Centers,BUF,FB,0.0,0.0,0.0,0.0,0.0,3.0,14.0,0.0,6.0,56.0,0.0,nfl_hist,larrycenters
86,Troy Edwards,PIT,WR,0.0,0.0,0.0,0.0,0.0,1.0,12.0,1.0,0.0,0.0,0.0,nfl_hist,troyedwards
87,Elvis Joseph,JAX,WR,0.0,0.0,0.0,0.0,0.0,4.0,12.0,0.0,4.0,44.0,1.0,nfl_hist,elvisjoseph
88,Cory Schlesinge,DET,FB,0.0,0.0,0.0,0.0,0.0,4.0,11.0,0.0,6.0,40.0,0.0,nfl_hist,coryschlesinge
89,Tyrone Wheatley,OAK,RB,0.0,0.0,0.0,0.0,0.0,5.0,11.0,0.0,2.0,17.0,0.0,nfl_hist,tyronewheatley
90,Leon Johnson,CHI,RB,0.0,0.0,0.0,0.0,0.0,5.0,10.0,1.0,0.0,0.0,0.0,nfl_hist,leonjohnson
91,Obafemi Ayanbadejo,BAL,FB,0.0,0.0,0.0,0.0,0.0,3.0,9.0,1.0,4.0,40.0,1.0,nfl_hist,obafemiayanbadejo
92,Doug Chapman,MIN,RB,0.0,0.0,0.0,0.0,0.0,1.0,9.0,0.0,1.0,-4.0,0.0,nfl_hist,dougchapman
93,KaRon Coleman,DEN,RB,0.0,0.0,0.0,0.0,0.0,2.0,9.0,0.0,4.0,32.0,0.0,nfl_hist,karoncoleman
94,Travis Henry,BUF,HB,0.0,0.0,0.0,0.0,0.0,6.0,9.0,0.0,2.0,4.0,0.0,nfl_hist,travishenry
95,Jermaine Lewis,BAL,HB,0.0,0.0,0.0,0.0,0.0,3.0,9.0,0.0,1.0,12.0,0.0,nfl_hist,jermainelewis
96,Fred Beasley,SFO,FB,0.0,0.0,0.0,0.0,0.0,4.0,8.0,1.0,0.0,0.0,0.0,nfl_hist,fredbeasley
97,Brandon Bennett,CIN,HB,0.0,0.0,0.0,0.0,0.0,1.0,7.0,0.0,3.0,23.0,0.0,nfl_hist,brandonbennett
98,LaMont Jordan,NYJ,RB-K,0.0,0.0,0.0,0.0,0.0,2.0,7.0,0.0,0.0,0.0,0.0,nfl_hist,lamontjordan
99,Richie Anderson,NYJ,FB,0.0,0.0,0.0,0.0,0.0,3.0,6.0,0.0,1.0,1.0,0.0,nfl_hist,richieanderson
100,Correll Buckhalte,PHI,RB,0.0,0.0,0.0,0.0,0.0,2.0,6.0,0.0,0.0,0.0,0.0,nfl_hist,correllbuckhalte
101,Sammy Morris,BUF,RB,0.0,0.0,0.0,0.0,0.0,2.0,6.0,0.0,0.0,0.0,0.0,nfl_hist,sammymorris
102,Mack Strong,SEA,FB,0.0,0.0,0.0,0.0,0.0,2.0,6.0,0.0,2.0,21.0,0.0,nfl_hist,mackstrong
103,Bob Christian,ATL,FB,0.0,0.0,0.0,0.0,0.0,1.0,5.0,0.0,4.0,16.0,0.0,nfl_hist,bobchristian
104,Marc Edwards,NWE,WR,0.0,0.0,0.0,0.0,0.0,2.0,5.0,1.0,1.0,-4.0,0.0,nfl_hist,marcedwards
105,Deuce McAlliste,NOR,RB,0.0,0.0,0.0,0.0,0.0,2.0,5.0,0.0,0.0,0.0,0.0,nfl_hist,deucemcalliste
106,Dennis Northcutt,CLE,WR,0.0,0.0,0.0,0.0,0.0,1.0,5.0,0.0,6.0,65.0,0.0,nfl_hist,dennisnorthcutt
107,Tony Carte,DEN,,0.0,0.0,0.0,0.0,0.0,1.0,4.0,0.0,0.0,0.0,0.0,nfl_hist,tonycarte
108,Autry Denson,CHI,RB,0.0,0.0,0.0,0.0,0.0,1.0,4.0,0.0,0.0,0.0,0.0,nfl_hist,autrydenson
109,Dante Hall,KAN,WR,0.0,0.0,0.0,0.0,0.0,1.0,4.0,0.0,0.0,0.0,0.0,nfl_hist,dantehall
110,Jamel White,CLE,RB,0.0,0.0,0.0,0.0,0.0,4.0,4.0,0.0,2.0,15.0,0.0,nfl_hist,jamelwhite
111,Ki-Jana Carte,WAS,RB,0.0,0.0,0.0,0.0,0.0,1.0,3.0,0.0,2.0,18.0,0.0,nfl_hist,kijanacarte
112,Ray Lucas,MIA,QB,0.0,0.0,0.0,0.0,0.0,1.0,3.0,0.0,0.0,0.0,0.0,nfl_hist,raylucas
113,Tony Richardson,KAN,FB,0.0,0.0,0.0,0.0,0.0,1.0,3.0,0.0,2.0,11.0,0.0,nfl_hist,tonyrichardson
114,Koren Robinson,SEA,WR,0.0,0.0,0.0,0.0,0.0,1.0,3.0,0.0,3.0,30.0,0.0,nfl_hist,korenrobinson
115,Scott Frost,CLE,DB,0.0,0.0,0.0,0.0,0.0,1.0,1.0,0.0,0.0,0.0,0.0,nfl_hist,scottfrost
116,Nick Goings,CAR,RB,0.0,0.0,0.0,0.0,0.0,2.0,1.0,0.0,1.0,2.0,0.0,nfl_hist,nickgoings
117,Dorsey Levens,GNB,RB,0.0,0.0,0.0,0.0,0.0,2.0,1.0,0.0,1.0,19.0,0.0,nfl_hist,dorseylevens
118,Travis Mino,MIA,RB,0.0,0.0,0.0,0.0,0.0,2.0,1.0,0.0,1.0,4.0,0.0,nfl_hist,travismino
119,Laveranues Coles,NYJ,WR,0.0,0.0,0.0,0.0,0.0,1.0,-2.0,0.0,3.0,63.0,1.0,nfl_hist,laveranuescoles
120,Terrell Fletche,SDG,RB,0.0,0.0,0.0,0.0,0.0,1.0,-2.0,0.0,0.0,0.0,0.0,nfl_hist,terrellfletche
121,Travis Prentice,MIN,RB,0.0,0.0,0.0,0.0,0.0,1.0,-2.0,0.0,0.0,0.0,0.0,nfl_hist,travisprentice
122,Lamont Warren,DET,RB,0.0,0.0,0.0,0.0,0.0,1.0,-2.0,0.0,3.0,38.0,0.0,nfl_hist,lamontwarren
123,David Boston,ARI,WR,0.0,0.0,0.0,0.0,0.0,1.0,-4.0,0.0,6.0,106.0,1.0,nfl_hist,davidboston
124,Joe Horn,NOR,WR,0.0,0.0,0.0,0.0,0.0,0.0,0.0,0.0,13.0,150.0,1.0,nfl_hist,joehorn
125,Randy Moss,MIN,WR,0.0,0.0,0.0,0.0,0.0,0.0,0.0,0.0,8.0,144.0,1.0,nfl_hist,randymoss
126,Derrick Mason,TEN,WR,0.0,0.0,0.0,0.0,0.0,0.0,0.0,0.0,3.0,122.0,2.0,nfl_hist,derrickmason
127,Jimmy Smith,JAX,WR,0.0,0.0,0.0,0.0,0.0,0.0,0.0,0.0,8.0,116.0,0.0,nfl_hist,jimmysmith
128,Kevin Dyson,TEN,WR,0.0,0.0,0.0,0.0,0.0,0.0,0.0,0.0,6.0,110.0,0.0,nfl_hist,kevindyson
129,Bill Schroede,GNB,WR,0.0,0.0,0.0,0.0,0.0,0.0,0.0,0.0,6.0,106.0,1.0,nfl_hist,billschroede
130,Antonio Freeman,GNB,WR,0.0,0.0,0.0,0.0,0.0,0.0,0.0,0.0,3.0,104.0,0.0,nfl_hist,antoniofreeman
131,Tony Martin,ATL,WR,0.0,0.0,0.0,0.0,0.0,0.0,0.0,0.0,6.0,97.0,0.0,nfl_hist,tonymartin
132,Jerry Rice,OAK,WR,0.0,0.0,0.0,0.0,0.0,0.0,0.0,0.0,7.0,97.0,1.0,nfl_hist,jerryrice
133,Rocket Ismail,DAL,WR,0.0,0.0,0.0,0.0,0.0,0.0,0.0,0.0,3.0,93.0,1.0,nfl_hist,rocketismail
134,MarTay Jenkins,ARI,WR,0.0,0.0,0.0,0.0,0.0,0.0,0.0,0.0,6.0,90.0,0.0,nfl_hist,martayjenkins
135,Marvin Harrison,IND,WR,0.0,0.0,0.0,0.0,0.0,0.0,0.0,0.0,5.0,89.0,1.0,nfl_hist,marvinharrison
136,Plaxico Burress,PIT,SE,0.0,0.0,0.0,0.0,0.0,0.0,0.0,0.0,6.0,86.0,0.0,nfl_hist,plaxicoburress
137,Keyshawn Johnson,TAM,WR,0.0,0.0,0.0,0.0,0.0,0.0,0.0,0.0,7.0,85.0,0.0,nfl_hist,keyshawnjohnson
138,Keenan McCardell,JAX,WR,0.0,0.0,0.0,0.0,0.0,0.0,0.0,0.0,7.0,81.0,0.0,nfl_hist,keenanmccardell
139,Marcus Pollard,IND,HB,0.0,0.0,0.0,0.0,0.0,0.0,0.0,0.0,4.0,80.0,1.0,nfl_hist,marcuspollard
140,Qadry Ismail,BAL,WR,0.0,0.0,0.0,0.0,0.0,0.0,0.0,0.0,7.0,78.0,1.0,nfl_hist,qadryismail
141,Darrell Jackson,SEA,WR,0.0,0.0,0.0,0.0,0.0,0.0,0.0,0.0,6.0,76.0,0.0,nfl_hist,darrelljackson
142,Marty Booke,CHI,WR,0.0,0.0,0.0,0.0,0.0,0.0,0.0,0.0,9.0,74.0,0.0,nfl_hist,martybooke
143,Terrell Owens,SFO,WR,0.0,0.0,0.0,0.0,0.0,0.0,0.0,0.0,6.0,72.0,1.0,nfl_hist,terrellowens
144,Boo Williams,NOR,TE,0.0,0.0,0.0,0.0,0.0,0.0,0.0,0.0,4.0,69.0,0.0,nfl_hist,boowilliams
145,J.J. Stokes,SFO,WR,0.0,0.0,0.0,0.0,0.0,0.0,0.0,0.0,8.0,68.0,0.0,nfl_hist,jjstokes
146,Jacquez Green,TAM,WR,0.0,0.0,0.0,0.0,0.0,0.0,0.0,0.0,7.0,67.0,0.0,nfl_hist,jacquezgreen
147,Torry Holt,STL,WR,0.0,0.0,0.0,0.0,0.0,0.0,0.0,0.0,2.0,66.0,1.0,nfl_hist,torryholt
148,Kevin Lockett,WAS,WR,0.0,0.0,0.0,0.0,0.0,0.0,0.0,0.0,4.0,66.0,0.0,nfl_hist,kevinlockett
149,James Thrash,PHI,WR,0.0,0.0,0.0,0.0,0.0,0.0,0.0,0.0,5.0,65.0,0.0,nfl_hist,jamesthrash
150,Terrence Wilkins,IND,WR,0.0,0.0,0.0,0.0,0.0,0.0,0.0,0.0,5.0,61.0,0.0,nfl_hist,terrencewilkins
151,Freddie Mitchell,PHI,WR,0.0,0.0,0.0,0.0,0.0,0.0,0.0,0.0,3.0,60.0,0.0,nfl_hist,freddiemitchell
152,David Patten,NWE,WR,0.0,0.0,0.0,0.0,0.0,0.0,0.0,0.0,6.0,60.0,0.0,nfl_hist,davidpatten
153,Troy Brown,NWE,WR,0.0,0.0,0.0,0.0,0.0,0.0,0.0,0.0,8.0,59.0,0.0,nfl_hist,troybrown
154,Tim Dwight,SDG,WR/K,0.0,0.0,0.0,0.0,0.0,0.0,0.0,0.0,5.0,59.0,0.0,nfl_hist,timdwight
155,James McKnight,MIA,WR,0.0,0.0,0.0,0.0,0.0,0.0,0.0,0.0,4.0,56.0,0.0,nfl_hist,jamesmcknight
156,Eric Moulds,BUF,WR,0.0,0.0,0.0,0.0,0.0,0.0,0.0,0.0,7.0,55.0,0.0,nfl_hist,ericmoulds
157,Jerry Porte,OAK,WR,0.0,0.0,0.0,0.0,0.0,0.0,0.0,0.0,4.0,53.0,0.0,nfl_hist,jerryporte
158,Az-Zahir Hakim,STL,WR,0.0,0.0,0.0,0.0,0.0,0.0,0.0,0.0,4.0,51.0,0.0,nfl_hist,azzahirhakim
159,Ricky Proehl,STL,WR,0.0,0.0,0.0,0.0,0.0,0.0,0.0,0.0,2.0,50.0,0.0,nfl_hist,rickyproehl
160,Wesley Walls,CAR,TE,0.0,0.0,0.0,0.0,0.0,0.0,0.0,0.0,3.0,49.0,0.0,nfl_hist,wesleywalls
161,Wayne Chrebet,NYJ,WR,0.0,0.0,0.0,0.0,0.0,0.0,0.0,0.0,5.0,48.0,0.0,nfl_hist,waynechrebet
162,Isaac Bruce,STL,WR,0.0,0.0,0.0,0.0,0.0,0.0,0.0,0.0,3.0,47.0,0.0,nfl_hist,isaacbruce
163,Fred Coleman,NWE,WR,0.0,0.0,0.0,0.0,0.0,0.0,0.0,0.0,1.0,46.0,0.0,nfl_hist,fredcoleman
164,Bobby Engram,SEA,WR,0.0,0.0,0.0,0.0,0.0,0.0,0.0,0.0,3.0,44.0,0.0,nfl_hist,bobbyengram
165,Chris Cole,DEN,WR,0.0,0.0,0.0,0.0,0.0,0.0,0.0,0.0,4.0,43.0,0.0,nfl_hist,chriscole
166,Quincy Morgan,CLE,WR,0.0,0.0,0.0,0.0,0.0,0.0,0.0,0.0,3.0,43.0,0.0,nfl_hist,quincymorgan
167,Donald Hayes,CAR,WR,0.0,0.0,0.0,0.0,0.0,0.0,0.0,0.0,2.0,42.0,0.0,nfl_hist,donaldhayes
168,Brandon Stokley,BAL,WR,0.0,0.0,0.0,0.0,0.0,0.0,0.0,0.0,2.0,42.0,0.0,nfl_hist,brandonstokley
169,Kevin Johnson,CLE,WR,0.0,0.0,0.0,0.0,0.0,0.0,0.0,0.0,4.0,41.0,2.0,nfl_hist,kevinjohnson
170,Shannon Sharpe,BAL,TE,0.0,0.0,0.0,0.0,0.0,0.0,0.0,0.0,3.0,41.0,0.0,nfl_hist,shannonsharpe
171,Santana Moss,NYJ,WR-K,0.0,0.0,0.0,0.0,0.0,0.0,0.0,0.0,2.0,40.0,0.0,nfl_hist,santanamoss
172,Derrick Alexande,KAN,WR,0.0,0.0,0.0,0.0,0.0,0.0,0.0,0.0,4.0,39.0,1.0,nfl_hist,derrickalexande
173,Todd Pinkston,PHI,WR,0.0,0.0,0.0,0.0,0.0,0.0,0.0,0.0,2.0,37.0,0.0,nfl_hist,toddpinkston
174,Hines Ward,PIT,FL,0.0,0.0,0.0,0.0,0.0,0.0,0.0,0.0,3.0,37.0,0.0,nfl_hist,hinesward
175,Kyle Brady,JAX,TE,0.0,0.0,0.0,0.0,0.0,0.0,0.0,0.0,4.0,36.0,0.0,nfl_hist,kylebrady
176,Jeff Graham,SDG,WR,0.0,0.0,0.0,0.0,0.0,0.0,0.0,0.0,2.0,36.0,0.0,nfl_hist,jeffgraham
177,Cris Carte,MIN,WR,0.0,0.0,0.0,0.0,0.0,0.0,0.0,0.0,4.0,35.0,0.0,nfl_hist,criscarte
178,Chris Chambers,MIA,WR,0.0,0.0,0.0,0.0,0.0,0.0,0.0,0.0,3.0,35.0,1.0,nfl_hist,chrischambers
179,Jake Reed,MIN,WR,0.0,0.0,0.0,0.0,0.0,0.0,0.0,0.0,2.0,35.0,0.0,nfl_hist,jakereed
180,Curtis Conway,SDG,WR,0.0,0.0,0.0,0.0,0.0,0.0,0.0,0.0,3.0,34.0,0.0,nfl_hist,curtisconway
181,Tai Streets,SFO,WR,0.0,0.0,0.0,0.0,0.0,0.0,0.0,0.0,2.0,34.0,1.0,nfl_hist,taistreets
182,Freddie Jones,SDG,TE,0.0,0.0,0.0,0.0,0.0,0.0,0.0,0.0,4.0,33.0,0.0,nfl_hist,freddiejones
183,Peter Warrick,CIN,WR,0.0,0.0,0.0,0.0,0.0,0.0,0.0,0.0,5.0,33.0,0.0,nfl_hist,peterwarrick
184,Ken Dilge,IND,TE,0.0,0.0,0.0,0.0,0.0,0.0,0.0,0.0,3.0,32.0,0.0,nfl_hist,kendilge
185,Patrick Jeffers,CAR,WR,0.0,0.0,0.0,0.0,0.0,0.0,0.0,0.0,2.0,32.0,0.0,nfl_hist,patrickjeffers
186,Dave Moore,TAM,TE,0.0,0.0,0.0,0.0,0.0,0.0,0.0,0.0,4.0,32.0,0.0,nfl_hist,davemoore
187,Aaron Shea,CLE,HB,0.0,0.0,0.0,0.0,0.0,0.0,0.0,0.0,6.0,32.0,0.0,nfl_hist,aaronshea
188,Desmond Clark,DEN,,0.0,0.0,0.0,0.0,0.0,0.0,0.0,0.0,4.0,31.0,1.0,nfl_hist,desmondclark
189,Darnay Scott,CIN,WR,0.0,0.0,0.0,0.0,0.0,0.0,0.0,0.0,4.0,30.0,0.0,nfl_hist,darnayscott
190,Isaac Byrd,CAR,WR,0.0,0.0,0.0,0.0,0.0,0.0,0.0,0.0,1.0,28.0,0.0,nfl_hist,isaacbyrd
191,JaJuan Dawson,CLE,WR,0.0,0.0,0.0,0.0,0.0,0.0,0.0,0.0,3.0,28.0,0.0,nfl_hist,jajuandawson
192,Tony Gonzalez,KAN,TE,0.0,0.0,0.0,0.0,0.0,0.0,0.0,0.0,4.0,28.0,0.0,nfl_hist,tonygonzalez
193,Chad Johnson,CIN,WR,0.0,0.0,0.0,0.0,0.0,0.0,0.0,0.0,2.0,27.0,0.0,nfl_hist,chadjohnson
194,Chad Lewis,PHI,TE,0.0,0.0,0.0,0.0,0.0,0.0,0.0,0.0,1.0,27.0,0.0,nfl_hist,chadlewis
195,Dedric Ward,MIA,WR,0.0,0.0,0.0,0.0,0.0,0.0,0.0,0.0,3.0,27.0,0.0,nfl_hist,dedricward
196,Michael Westbrook,WAS,WR,0.0,0.0,0.0,0.0,0.0,0.0,0.0,0.0,2.0,27.0,0.0,nfl_hist,michaelwestbrook
197,Terance Mathis,ATL,WR,0.0,0.0,0.0,0.0,0.0,0.0,0.0,0.0,3.0,26.0,0.0,nfl_hist,terancemathis
198,Stephen Trejo,DET,FB,0.0,0.0,0.0,0.0,0.0,0.0,0.0,0.0,3.0,26.0,0.0,nfl_hist,stephentrejo
199,Byron Chamberlain,MIN,TE,0.0,0.0,0.0,0.0,0.0,0.0,0.0,0.0,2.0,25.0,0.0,nfl_hist,byronchamberlain
200,Rod Gardne,WAS,WR,0.0,0.0,0.0,0.0,0.0,0.0,0.0,0.0,2.0,24.0,1.0,nfl_hist,rodgardne
201,Larry Foste,DET,TE,0.0,0.0,0.0,0.0,0.0,0.0,0.0,0.0,2.0,23.0,0.0,nfl_hist,larryfoste
202,Reggie Kelly,ATL,TE,0.0,0.0,0.0,0.0,0.0,0.0,0.0,0.0,2.0,23.0,0.0,nfl_hist,reggiekelly
203,Dez White,CHI,WR,0.0,0.0,0.0,0.0,0.0,0.0,0.0,0.0,2.0,23.0,0.0,nfl_hist,dezwhite
204,Frank Wycheck,TEN,TE,0.0,0.0,0.0,0.0,0.0,0.0,0.0,0.0,2.0,23.0,0.0,nfl_hist,frankwycheck
205,Donnell Bennett,WAS,FB,0.0,0.0,0.0,0.0,0.0,0.0,0.0,0.0,3.0,22.0,0.0,nfl_hist,donnellbennett
206,Larry Parke,KAN,X,0.0,0.0,0.0,0.0,0.0,0.0,0.0,0.0,2.0,22.0,0.0,nfl_hist,larryparke
207,Sean Dawkins,JAX,WR,0.0,0.0,0.0,0.0,0.0,0.0,0.0,0.0,1.0,21.0,0.0,nfl_hist,seandawkins
208,Willie Jackson,NOR,WR,0.0,0.0,0.0,0.0,0.0,0.0,0.0,0.0,3.0,21.0,0.0,nfl_hist,williejackson
209,Brian Kozlowski,ATL,TE,0.0,0.0,0.0,0.0,0.0,0.0,0.0,0.0,1.0,21.0,0.0,nfl_hist,briankozlowski
210,David Martin,GNB,TE,0.0,0.0,0.0,0.0,0.0,0.0,0.0,0.0,1.0,20.0,0.0,nfl_hist,davidmartin
211,Shawn Jefferson,ATL,WR,0.0,0.0,0.0,0.0,0.0,0.0,0.0,0.0,1.0,19.0,0.0,nfl_hist,shawnjefferson
212,Zeron Flemiste,WAS,TE,0.0,0.0,0.0,0.0,0.0,0.0,0.0,0.0,1.0,18.0,0.0,nfl_hist,zeronflemiste
213,Harold Morrow,MIN,FB,0.0,0.0,0.0,0.0,0.0,0.0,0.0,0.0,2.0,18.0,0.0,nfl_hist,haroldmorrow
214,Alex Banniste,SEA,WR,0.0,0.0,0.0,0.0,0.0,0.0,0.0,0.0,1.0,17.0,0.0,nfl_hist,alexbanniste
215,Drew Bennett,TEN,WR,0.0,0.0,0.0,0.0,0.0,0.0,0.0,0.0,2.0,17.0,1.0,nfl_hist,drewbennett
216,Ron Dugans,CIN,WR,0.0,0.0,0.0,0.0,0.0,0.0,0.0,0.0,2.0,17.0,0.0,nfl_hist,rondugans
217,Arnold Jackson,ARI,WR,0.0,0.0,0.0,0.0,0.0,0.0,0.0,0.0,2.0,17.0,0.0,nfl_hist,arnoldjackson
218,Scottie Montgomery,DEN,WR,0.0,0.0,0.0,0.0,0.0,0.0,0.0,0.0,3.0,17.0,0.0,nfl_hist,scottiemontgomery
219,Scotty Anderson,DET,WR,0.0,0.0,0.0,0.0,0.0,0.0,0.0,0.0,1.0,16.0,0.0,nfl_hist,scottyanderson
220,Anthony Becht,NYJ,TE,0.0,0.0,0.0,0.0,0.0,0.0,0.0,0.0,2.0,16.0,0.0,nfl_hist,anthonybecht
221,Avion Black,BUF,WR,0.0,0.0,0.0,0.0,0.0,0.0,0.0,0.0,1.0,16.0,0.0,nfl_hist,avionblack
222,Corey Bradford,GNB,WR,0.0,0.0,0.0,0.0,0.0,0.0,0.0,0.0,2.0,16.0,0.0,nfl_hist,coreybradford
223,Jon Ritchie,OAK,FB,0.0,0.0,0.0,0.0,0.0,0.0,0.0,0.0,2.0,16.0,0.0,nfl_hist,jonritchie
224,Peerless Price,BUF,WR,0.0,0.0,0.0,0.0,0.0,0.0,0.0,0.0,3.0,15.0,0.0,nfl_hist,peerlessprice
225,Albert Connell,NOR,WR,0.0,0.0,0.0,0.0,0.0,0.0,0.0,0.0,1.0,14.0,1.0,nfl_hist,albertconnell
226,Reggie Germany,BUF,WR,0.0,0.0,0.0,0.0,0.0,0.0,0.0,0.0,1.0,14.0,0.0,nfl_hist,reggiegermany
227,Joey Galloway,DAL,WR,0.0,0.0,0.0,0.0,0.0,0.0,0.0,0.0,1.0,13.0,0.0,nfl_hist,joeygalloway
228,Mikhael Ricks,KAN,TE,0.0,0.0,0.0,0.0,0.0,0.0,0.0,0.0,1.0,13.0,0.0,nfl_hist,mikhaelricks
229,Roland Williams,OAK,TE,0.0,0.0,0.0,0.0,0.0,0.0,0.0,0.0,2.0,13.0,0.0,nfl_hist,rolandwilliams
230,Matt Dominguez,DEN,TE,0.0,0.0,0.0,0.0,0.0,0.0,0.0,0.0,1.0,12.0,0.0,nfl_hist,mattdominguez
231,Tony Simmons,IND,WR,0.0,0.0,0.0,0.0,0.0,0.0,0.0,0.0,1.0,12.0,0.0,nfl_hist,tonysimmons
232,Jerame Tuman,PIT,TE,0.0,0.0,0.0,0.0,0.0,0.0,0.0,0.0,1.0,12.0,0.0,nfl_hist,jerametuman
233,Alge Crumple,ATL,TE,0.0,0.0,0.0,0.0,0.0,0.0,0.0,0.0,3.0,11.0,0.0,nfl_hist,algecrumple
234,Oronde Gadsden,MIA,WR,0.0,0.0,0.0,0.0,0.0,0.0,0.0,0.0,2.0,11.0,0.0,nfl_hist,orondegadsden
235,Tony Stewart,PHI,TE,0.0,0.0,0.0,0.0,0.0,0.0,0.0,0.0,2.0,11.0,1.0,nfl_hist,tonystewart
236,Reggie Wayne,IND,WR,0.0,0.0,0.0,0.0,0.0,0.0,0.0,0.0,3.0,11.0,0.0,nfl_hist,reggiewayne
237,Darrin Chiaverini,DAL,WR,0.0,0.0,0.0,0.0,0.0,0.0,0.0,0.0,1.0,10.0,0.0,nfl_hist,darrinchiaverini
238,Donald Drive,GNB,WR,0.0,0.0,0.0,0.0,0.0,0.0,0.0,0.0,1.0,10.0,0.0,nfl_hist,donalddrive
239,Sam Gash,BAL,FB,0.0,0.0,0.0,0.0,0.0,0.0,0.0,0.0,1.0,10.0,0.0,nfl_hist,samgash
240,Johnnie Morton,DET,WR,0.0,0.0,0.0,0.0,0.0,0.0,0.0,0.0,1.0,10.0,0.0,nfl_hist,johnniemorton
241,Todd Heap,BAL,TE,0.0,0.0,0.0,0.0,0.0,0.0,0.0,0.0,1.0,9.0,0.0,nfl_hist,toddheap
242,Terry Kirby,OAK,RB,0.0,0.0,0.0,0.0,0.0,0.0,0.0,0.0,1.0,9.0,0.0,nfl_hist,terrykirby
243,Eric Metcalf,WAS,PR/W,0.0,0.0,0.0,0.0,0.0,0.0,0.0,0.0,1.0,9.0,0.0,nfl_hist,ericmetcalf
244,Rod Rutledge,NWE,TE,0.0,0.0,0.0,0.0,0.0,0.0,0.0,0.0,1.0,9.0,0.0,nfl_hist,rodrutledge
245,Travis Taylo,BAL,WR,0.0,0.0,0.0,0.0,0.0,0.0,0.0,0.0,1.0,9.0,0.0,nfl_hist,travistaylo
246,David Terrell,CHI,WR,0.0,0.0,0.0,0.0,0.0,0.0,0.0,0.0,1.0,9.0,0.0,nfl_hist,davidterrell
247,Bubba Franks,GNB,TE,0.0,0.0,0.0,0.0,0.0,0.0,0.0,0.0,3.0,8.0,1.0,nfl_hist,bubbafranks
248,Jay Riemersma,BUF,TE,0.0,0.0,0.0,0.0,0.0,0.0,0.0,0.0,1.0,8.0,0.0,nfl_hist,jayriemersma
249,Fred Baxte,CHI,TE,0.0,0.0,0.0,0.0,0.0,0.0,0.0,0.0,1.0,7.0,0.0,nfl_hist,fredbaxte
250,Jameel Cook,TAM,FB,0.0,0.0,0.0,0.0,0.0,0.0,0.0,0.0,1.0,7.0,0.0,nfl_hist,jameelcook
251,Derrick Harris,SDG,FB,0.0,0.0,0.0,0.0,0.0,0.0,0.0,0.0,1.0,7.0,0.0,nfl_hist,derrickharris
252,Jackie Harris,DAL,TE,0.0,0.0,0.0,0.0,0.0,0.0,0.0,0.0,1.0,7.0,0.0,nfl_hist,jackieharris
253,Mike Lucky,DAL,TE,0.0,0.0,0.0,0.0,0.0,0.0,0.0,0.0,1.0,7.0,0.0,nfl_hist,mikelucky
254,Chris Walsh,MIN,WR,0.0,0.0,0.0,0.0,0.0,0.0,0.0,0.0,2.0,7.0,0.0,nfl_hist,chriswalsh
255,Jeremy Brigham,OAK,TE,0.0,0.0,0.0,0.0,0.0,0.0,0.0,0.0,1.0,6.0,0.0,nfl_hist,jeremybrigham
256,Tony McGee,CIN,TE,0.0,0.0,0.0,0.0,0.0,0.0,0.0,0.0,1.0,6.0,0.0,nfl_hist,tonymcgee
257,John Waerig,DET,TE,0.0,0.0,0.0,0.0,0.0,0.0,0.0,0.0,1.0,6.0,0.0,nfl_hist,johnwaerig
258,William Henderson,GNB,FB,0.0,0.0,0.0,0.0,0.0,0.0,0.0,0.0,2.0,5.0,0.0,nfl_hist,williamhenderson
259,Chris Hetherington,CAR,FB,0.0,0.0,0.0,0.0,0.0,0.0,0.0,0.0,1.0,5.0,0.0,nfl_hist,chrishetherington
260,Tywan Mitchell,ARI,TE,0.0,0.0,0.0,0.0,0.0,0.0,0.0,0.0,1.0,5.0,0.0,nfl_hist,tywanmitchell
261,Terry Hardy,ARI,TE,0.0,0.0,0.0,0.0,0.0,0.0,0.0,0.0,2.0,4.0,0.0,nfl_hist,terryhardy
262,Daimon Shelton,CHI,FB,0.0,0.0,0.0,0.0,0.0,0.0,0.0,0.0,2.0,4.0,0.0,nfl_hist,daimonshelton
263,Terrelle Smith,NOR,FB,0.0,0.0,0.0,0.0,0.0,0.0,0.0,0.0,1.0,4.0,1.0,nfl_hist,terrellesmith
264,Todd Yode,TAM,TE,0.0,0.0,0.0,0.0,0.0,0.0,0.0,0.0,1.0,4.0,0.0,nfl_hist,toddyode
265,Cecil Martin,PHI,FB,0.0,0.0,0.0,0.0,0.0,0.0,0.0,0.0,1.0,3.0,0.0,nfl_hist,cecilmartin
266,Bobby Shaw,PIT,WR,0.0,0.0,0.0,0.0,0.0,0.0,0.0,0.0,1.0,3.0,0.0,nfl_hist,bobbyshaw
267,James Dearth,NYJ,TE,0.0,0.0,0.0,0.0,0.0,0.0,0.0,0.0,1.0,0.0,0.0,nfl_hist,jamesdearth
268,Eric Johnson,SFO,TE,0.0,0.0,0.0,0.0,0.0,0.0,0.0,0.0,1.0,-3.0,0.0,nfl_hist,ericjohnson
269,Nate Jacquet,MIN,WR,0.0,0.0,0.0,0.0,0.0,0.0,0.0,0.0,0.0,0.0,0.0,nfl_hist,natejacquet
270,Frank Murphy,TAM,WR,0.0,0.0,0.0,0.0,0.0,0.0,0.0,0.0,0.0,0.0,0.0,nfl_hist,frankmurphy
271,Eric Warfield,KAN,RCB,0.0,0.0,0.0,0.0,0.0,0.0,0.0,0.0,0.0,0.0,0.0,nfl_hist,ericwarfield
272,Eric Beverly,DET,C,0.0,0.0,0.0,0.0,0.0,0.0,0.0,0.0,0.0,0.0,0.0,nfl_hist,ericbeverly
273,Dre' Bly,STL,RCB,0.0,0.0,0.0,0.0,0.0,0.0,0.0,0.0,0.0,0.0,0.0,nfl_hist,drebly
274,David Dunn,OAK,WR,0.0,0.0,0.0,0.0,0.0,0.0,0.0,0.0,0.0,0.0,0.0,nfl_hist,daviddunn
275,Damon Gibson,JAX,WR/K,0.0,0.0,0.0,0.0,0.0,0.0,0.0,0.0,0.0,0.0,0.0,nfl_hist,damongibson
276,Chris Watson,BUF,CB,0.0,0.0,0.0,0.0,0.0,0.0,0.0,0.0,0.0,0.0,0.0,nfl_hist,chriswatson
