,player,team,position,pass_yds,pass_tds,pass_int,pass_att,pass_comp,rush_att,rush_yds,rush_tds,rcv_rec,rcv_yds,rcv_tds,source,pname_merge
0,Trent Green,KAN,QB,307.0,3.0,0.0,26.0,21.0,1.0,2.0,0.0,0.0,0.0,0.0,nfl_hist,trentgreen
1,Kurt Warne,STL,QB,328.0,4.0,0.0,31.0,24.0,1.0,-1.0,0.0,0.0,0.0,0.0,nfl_hist,kurtwarne
2,Chris Chandle,ATL,QB,286.0,3.0,0.0,28.0,20.0,0.0,0.0,0.0,0.0,0.0,0.0,nfl_hist,chrischandle
3,Rich Gannon,OAK,QB,217.0,3.0,0.0,28.0,19.0,2.0,11.0,1.0,0.0,0.0,0.0,nfl_hist,richgannon
4,Trent Dilfe,SEA,QB,49.0,0.0,0.0,2.0,2.0,0.0,0.0,0.0,0.0,0.0,0.0,nfl_hist,trentdilfe
5,Clint Stoerne,DAL,QB,44.0,2.0,0.0,7.0,4.0,0.0,0.0,0.0,0.0,0.0,0.0,nfl_hist,clintstoerne
6,Jeff Garcia,SFO,QB,141.0,1.0,0.0,20.0,16.0,8.0,18.0,0.0,0.0,0.0,0.0,nfl_hist,jeffgarcia
7,Todd Collins,KAN,QB,40.0,0.0,0.0,4.0,3.0,2.0,6.0,0.0,0.0,0.0,0.0,nfl_hist,toddcollins
8,Donovan McNabb,PHI,QB,162.0,3.0,0.0,28.0,14.0,4.0,19.0,0.0,0.0,0.0,0.0,nfl_hist,donovanmcnabb
9,Doug Flutie,SDG,QB,133.0,1.0,0.0,19.0,12.0,5.0,3.0,0.0,0.0,0.0,0.0,nfl_hist,dougflutie
10,Marques Tuiasosopo,OAK,QB,34.0,0.0,0.0,4.0,3.0,1.0,1.0,0.0,0.0,0.0,0.0,nfl_hist,marquestuiasosopo
11,Brock Huard,SEA,QB,127.0,1.0,0.0,17.0,9.0,1.0,11.0,0.0,0.0,0.0,0.0,nfl_hist,brockhuard
12,Kerry Collins,NYG,QB,135.0,1.0,0.0,18.0,9.0,3.0,10.0,0.0,0.0,0.0,0.0,nfl_hist,kerrycollins
13,Brett Favre,GNB,QB,308.0,3.0,2.0,39.0,25.0,2.0,-1.0,0.0,0.0,0.0,0.0,nfl_hist,brettfavre
14,Elvis Grbac,BAL,QB,221.0,2.0,1.0,30.0,17.0,5.0,2.0,0.0,0.0,0.0,0.0,nfl_hist,elvisgrbac
15,Tom Brady,NWE,QB,168.0,0.0,0.0,23.0,13.0,1.0,2.0,0.0,0.0,0.0,0.0,nfl_hist,tombrady
16,Tim Couch,CLE,QB,249.0,0.0,1.0,34.0,24.0,3.0,13.0,0.0,0.0,0.0,0.0,nfl_hist,timcouch
17,Kordell Stewart,PIT,QB,107.0,0.0,0.0,22.0,15.0,3.0,-3.0,0.0,0.0,0.0,0.0,nfl_hist,kordellstewart
18,Daunte Culpeppe,MIN,QB,322.0,1.0,2.0,44.0,30.0,5.0,20.0,1.0,0.0,0.0,0.0,nfl_hist,daunteculpeppe
19,Vinny Testaverde,NYJ,QB,202.0,0.0,0.0,25.0,12.0,0.0,0.0,0.0,0.0,0.0,0.0,nfl_hist,vinnytestaverde
20,Mark Rypien,IND,QB,57.0,0.0,0.0,9.0,5.0,0.0,0.0,0.0,0.0,0.0,0.0,nfl_hist,markrypien
21,Jay Fiedle,MIA,QB,204.0,1.0,2.0,27.0,19.0,4.0,9.0,0.0,0.0,0.0,0.0,nfl_hist,jayfiedle
22,Chris Weinke,CAR,QB,160.0,1.0,1.0,30.0,18.0,3.0,5.0,0.0,0.0,0.0,0.0,nfl_hist,chrisweinke
23,Rob Johnson,BUF,QB,104.0,0.0,0.0,22.0,13.0,2.0,15.0,0.0,0.0,0.0,0.0,nfl_hist,robjohnson
24,Brad Johnson,TAM,QB,224.0,0.0,1.0,34.0,20.0,2.0,19.0,0.0,0.0,0.0,0.0,nfl_hist,bradjohnson
25,Aaron Brooks,NOR,QB,291.0,1.0,1.0,54.0,28.0,4.0,17.0,0.0,0.0,0.0,0.0,nfl_hist,aaronbrooks
26,Jake Plumme,ARI,QB,276.0,1.0,3.0,35.0,23.0,2.0,-1.0,0.0,0.0,0.0,0.0,nfl_hist,jakeplumme
27,Jonathan Quinn,JAX,QB,136.0,1.0,1.0,30.0,15.0,2.0,5.0,0.0,0.0,0.0,0.0,nfl_hist,jonathanquinn
28,Brian Griese,DEN,QB,191.0,1.0,2.0,33.0,17.0,5.0,17.0,0.0,0.0,0.0,0.0,nfl_hist,briangriese
29,Matt Hasselbeck,SEA,QB,167.0,0.0,1.0,28.0,14.0,0.0,0.0,0.0,0.0,0.0,0.0,nfl_hist,matthasselbeck
30,Tony Banks,WAS,QB,116.0,1.0,1.0,27.0,11.0,3.0,19.0,0.0,0.0,0.0,0.0,nfl_hist,tonybanks
31,Alex Van Pelt,BUF,QB,44.0,0.0,1.0,5.0,3.0,0.0,0.0,0.0,0.0,0.0,0.0,nfl_hist,alexvanpelt
32,Jon Kitna,CIN,QB,135.0,2.0,3.0,32.0,18.0,5.0,10.0,0.0,0.0,0.0,0.0,nfl_hist,jonkitna
33,Peyton Manning,IND,QB,196.0,1.0,3.0,34.0,20.0,2.0,14.0,1.0,0.0,0.0,0.0,nfl_hist,peytonmanning
34,Mark Brunell,JAX,QB,34.0,0.0,1.0,7.0,4.0,0.0,0.0,0.0,0.0,0.0,0.0,nfl_hist,markbrunell
35,Anthony Wright,DAL,QB,33.0,0.0,1.0,23.0,7.0,1.0,2.0,0.0,0.0,0.0,0.0,nfl_hist,anthonywright
36,Priest Holmes,KAN,HB,0.0,0.0,0.0,0.0,0.0,23.0,147.0,2.0,5.0,78.0,1.0,nfl_hist,priestholmes
37,Jerome Bettis,PIT,RB,0.0,0.0,0.0,0.0,0.0,22.0,114.0,0.0,0.0,0.0,0.0,nfl_hist,jeromebettis
38,Ron Dayne,NYG,RB,0.0,0.0,0.0,0.0,0.0,19.0,111.0,1.0,1.0,7.0,0.0,nfl_hist,rondayne
39,Troy Hambrick,DAL,RB,0.0,0.0,0.0,0.0,0.0,10.0,107.0,0.0,0.0,0.0,0.0,nfl_hist,troyhambrick
40,LaDainian Tomlinson,SDG,RB,0.0,0.0,0.0,0.0,0.0,21.0,107.0,3.0,1.0,15.0,0.0,nfl_hist,ladainiantomlinson
41,Correll Buckhalte,PHI,RB,0.0,0.0,0.0,0.0,0.0,20.0,99.0,1.0,1.0,9.0,0.0,nfl_hist,correllbuckhalte
42,Garrison Hearst,SFO,RB,0.0,0.0,0.0,0.0,0.0,20.0,95.0,0.0,3.0,28.0,0.0,nfl_hist,garrisonhearst
43,Antowain Smith,NWE,RB,0.0,0.0,0.0,0.0,0.0,22.0,94.0,2.0,3.0,58.0,0.0,nfl_hist,antowainsmith
44,Stacey Mack,JAX,RB,0.0,0.0,0.0,0.0,0.0,17.0,93.0,0.0,3.0,18.0,0.0,nfl_hist,staceymack
45,Marshall Faulk,STL,RB,0.0,0.0,0.0,0.0,0.0,19.0,88.0,1.0,6.0,72.0,2.0,nfl_hist,marshallfaulk
46,Kevan Barlow,SFO,RB,0.0,0.0,0.0,0.0,0.0,9.0,83.0,0.0,2.0,10.0,0.0,nfl_hist,kevanbarlow
47,Stephen Davis,WAS,RB,0.0,0.0,0.0,0.0,0.0,13.0,80.0,0.0,2.0,11.0,0.0,nfl_hist,stephendavis
48,Curtis Martin,NYJ,RB,0.0,0.0,0.0,0.0,0.0,20.0,76.0,2.0,1.0,20.0,0.0,nfl_hist,curtismartin
49,Maurice Smith,ATL,RB,0.0,0.0,0.0,0.0,0.0,21.0,70.0,1.0,2.0,108.0,1.0,nfl_hist,mauricesmith
50,Terry Allen,BAL,RB,0.0,0.0,0.0,0.0,0.0,19.0,65.0,0.0,1.0,9.0,0.0,nfl_hist,terryallen
51,Warrick Dunn,TAM,RB,0.0,0.0,0.0,0.0,0.0,11.0,65.0,1.0,5.0,34.0,0.0,nfl_hist,warrickdunn
52,Jamel White,CLE,RB,0.0,0.0,0.0,0.0,0.0,23.0,64.0,1.0,5.0,26.0,0.0,nfl_hist,jamelwhite
53,Emmitt Smith,DAL,RB,0.0,0.0,0.0,0.0,0.0,16.0,58.0,0.0,1.0,4.0,0.0,nfl_hist,emmittsmith
54,Edgerrin James,IND,RB,0.0,0.0,0.0,0.0,0.0,17.0,55.0,0.0,6.0,38.0,0.0,nfl_hist,edgerrinjames
55,Ahman Green,GNB,RB,0.0,0.0,0.0,0.0,0.0,19.0,53.0,0.0,6.0,75.0,0.0,nfl_hist,ahmangreen
56,Michael Pittman,ARI,RB,0.0,0.0,0.0,0.0,0.0,7.0,53.0,1.0,6.0,31.0,0.0,nfl_hist,michaelpittman
57,Ricky Williams,NOR,RB,0.0,0.0,0.0,0.0,0.0,16.0,53.0,0.0,4.0,49.0,0.0,nfl_hist,rickywilliams
58,Michael Bennett,MIN,RB,0.0,0.0,0.0,0.0,0.0,13.0,51.0,0.0,6.0,26.0,0.0,nfl_hist,michaelbennett
59,Kevin Faulk,NWE,RB,0.0,0.0,0.0,0.0,0.0,9.0,48.0,1.0,2.0,38.0,0.0,nfl_hist,kevinfaulk
60,Lamar Smith,MIA,FB,0.0,0.0,0.0,0.0,0.0,19.0,48.0,0.0,2.0,16.0,0.0,nfl_hist,lamarsmith
61,Corey Dillon,CIN,HB,0.0,0.0,0.0,0.0,0.0,15.0,46.0,0.0,2.0,18.0,0.0,nfl_hist,coreydillon
62,Curtis Keaton,CIN,HB-K,0.0,0.0,0.0,0.0,0.0,3.0,44.0,0.0,0.0,0.0,0.0,nfl_hist,curtiskeaton
63,Amos Zereoue,PIT,RB,0.0,0.0,0.0,0.0,0.0,4.0,37.0,0.0,0.0,0.0,0.0,nfl_hist,amoszereoue
64,Charlie Garne,OAK,RB,0.0,0.0,0.0,0.0,0.0,7.0,36.0,0.0,3.0,12.0,0.0,nfl_hist,charliegarne
65,Mike Anderson,DEN,RB,0.0,0.0,0.0,0.0,0.0,12.0,34.0,0.0,0.0,0.0,0.0,nfl_hist,mikeanderson
66,Jason Brookins,BAL,RB,0.0,0.0,0.0,0.0,0.0,4.0,31.0,0.0,0.0,0.0,0.0,nfl_hist,jasonbrookins
67,Tyrone Wheatley,OAK,RB,0.0,0.0,0.0,0.0,0.0,8.0,31.0,0.0,3.0,21.0,1.0,nfl_hist,tyronewheatley
68,Travis Henry,BUF,HB,0.0,0.0,0.0,0.0,0.0,17.0,30.0,0.0,2.0,9.0,0.0,nfl_hist,travishenry
69,Tony Richardson,KAN,FB,0.0,0.0,0.0,0.0,0.0,11.0,30.0,1.0,3.0,28.0,0.0,nfl_hist,tonyrichardson
70,Mike Alstott,TAM,FB,0.0,0.0,0.0,0.0,0.0,3.0,24.0,0.0,2.0,7.0,0.0,nfl_hist,mikealstott
71,Terry Jackson,SFO,FB,0.0,0.0,0.0,0.0,0.0,2.0,23.0,0.0,1.0,8.0,0.0,nfl_hist,terryjackson
72,Terrell Fletche,SDG,RB,0.0,0.0,0.0,0.0,0.0,8.0,22.0,0.0,1.0,12.0,0.0,nfl_hist,terrellfletche
73,Chris Fuamatu-Ma'afala,PIT,RB,0.0,0.0,0.0,0.0,0.0,1.0,22.0,1.0,2.0,2.0,0.0,nfl_hist,chrisfuamatumaafala
74,Tiki Barbe,NYG,RB,0.0,0.0,0.0,0.0,0.0,3.0,21.0,1.0,1.0,9.0,0.0,nfl_hist,tikibarbe
75,Thomas Jones,ARI,RB,0.0,0.0,0.0,0.0,0.0,5.0,21.0,0.0,4.0,53.0,0.0,nfl_hist,thomasjones
76,Dominic Rhodes,IND,RB,0.0,0.0,0.0,0.0,0.0,4.0,21.0,0.0,1.0,8.0,0.0,nfl_hist,dominicrhodes
77,Trung Canidate,STL,RB,0.0,0.0,0.0,0.0,0.0,4.0,19.0,1.0,0.0,0.0,0.0,nfl_hist,trungcanidate
78,Richard Huntley,CAR,RB,0.0,0.0,0.0,0.0,0.0,5.0,19.0,0.0,0.0,0.0,0.0,nfl_hist,richardhuntley
79,Shaun Alexande,SEA,RB,0.0,0.0,0.0,0.0,0.0,10.0,18.0,1.0,7.0,66.0,0.0,nfl_hist,shaunalexande
80,James Jackson,CLE,RB,0.0,0.0,0.0,0.0,0.0,10.0,18.0,0.0,1.0,16.0,0.0,nfl_hist,jamesjackson
81,Rondell Mealey,GNB,RB,0.0,0.0,0.0,0.0,0.0,7.0,18.0,0.0,2.0,31.0,0.0,nfl_hist,rondellmealey
82,David Boston,ARI,WR,0.0,0.0,0.0,0.0,0.0,1.0,17.0,0.0,4.0,49.0,0.0,nfl_hist,davidboston
83,Bob Christian,ATL,FB,0.0,0.0,0.0,0.0,0.0,2.0,16.0,0.0,2.0,19.0,0.0,nfl_hist,bobchristian
84,Olandis Gary,DEN,RB,0.0,0.0,0.0,0.0,0.0,6.0,16.0,0.0,1.0,5.0,0.0,nfl_hist,olandisgary
85,Derrick Alexande,KAN,WR,0.0,0.0,0.0,0.0,0.0,1.0,15.0,0.0,3.0,48.0,0.0,nfl_hist,derrickalexande
86,Cecil Martin,PHI,FB,0.0,0.0,0.0,0.0,0.0,5.0,14.0,0.0,3.0,14.0,0.0,nfl_hist,cecilmartin
87,Doug Johnson,ATL,QB,0.0,0.0,0.0,0.0,0.0,4.0,13.0,0.0,0.0,0.0,0.0,nfl_hist,dougjohnson
88,Jerry Porte,OAK,WR,0.0,0.0,0.0,0.0,0.0,2.0,13.0,0.0,2.0,36.0,0.0,nfl_hist,jerryporte
89,Ricky Watters,SEA,RB,0.0,0.0,0.0,0.0,0.0,5.0,13.0,0.0,1.0,10.0,0.0,nfl_hist,rickywatters
90,Obafemi Ayanbadejo,BAL,FB,0.0,0.0,0.0,0.0,0.0,4.0,12.0,0.0,1.0,5.0,0.0,nfl_hist,obafemiayanbadejo
91,Nick Goings,CAR,RB,0.0,0.0,0.0,0.0,0.0,8.0,12.0,0.0,1.0,4.0,0.0,nfl_hist,nickgoings
92,Az-Zahir Hakim,STL,WR,0.0,0.0,0.0,0.0,0.0,2.0,12.0,0.0,3.0,18.0,0.0,nfl_hist,azzahirhakim
93,Troy Brown,NWE,WR,0.0,0.0,0.0,0.0,0.0,2.0,11.0,0.0,3.0,21.0,0.0,nfl_hist,troybrown
94,Marc Edwards,NWE,FB,0.0,0.0,0.0,0.0,0.0,4.0,11.0,0.0,0.0,0.0,0.0,nfl_hist,marcedwards
95,David Patten,NWE,WR,0.0,0.0,0.0,0.0,0.0,1.0,11.0,0.0,1.0,17.0,0.0,nfl_hist,davidpatten
96,Fred Beasley,SFO,FB,0.0,0.0,0.0,0.0,0.0,3.0,10.0,0.0,0.0,0.0,0.0,nfl_hist,fredbeasley
97,Donnell Bennett,WAS,FB,0.0,0.0,0.0,0.0,0.0,2.0,9.0,0.0,0.0,0.0,0.0,nfl_hist,donnellbennett
98,Greg Comella,NYG,FB,0.0,0.0,0.0,0.0,0.0,1.0,9.0,0.0,1.0,0.0,0.0,nfl_hist,gregcomella
99,Randy Moss,MIN,WR,0.0,0.0,0.0,0.0,0.0,1.0,9.0,0.0,5.0,86.0,0.0,nfl_hist,randymoss
100,Brandon Bennett,CIN,RB,0.0,0.0,0.0,0.0,0.0,2.0,8.0,0.0,3.0,20.0,0.0,nfl_hist,brandonbennett
101,Michael Wiley,DAL,RB,0.0,0.0,0.0,0.0,0.0,2.0,8.0,0.0,3.0,28.0,1.0,nfl_hist,michaelwiley
102,Larry Centers,BUF,FB,0.0,0.0,0.0,0.0,0.0,2.0,7.0,0.0,5.0,35.0,0.0,nfl_hist,larrycenters
103,J.J. Johnson,MIA,RB,0.0,0.0,0.0,0.0,0.0,2.0,7.0,0.0,3.0,17.0,0.0,nfl_hist,jjjohnson
104,Jamal Anderson,ATL,RB,0.0,0.0,0.0,0.0,0.0,4.0,6.0,0.0,1.0,9.0,0.0,nfl_hist,jamalanderson
105,Doug Chapman,MIN,RB,0.0,0.0,0.0,0.0,0.0,3.0,6.0,0.0,1.0,7.0,0.0,nfl_hist,dougchapman
106,William Henderson,GNB,FB,0.0,0.0,0.0,0.0,0.0,2.0,6.0,0.0,2.0,24.0,0.0,nfl_hist,williamhenderson
107,Travis Jervey,ATL,RB,0.0,0.0,0.0,0.0,0.0,3.0,6.0,0.0,0.0,0.0,0.0,nfl_hist,travisjervey
108,Robert Thomas,DAL,FB,0.0,0.0,0.0,0.0,0.0,1.0,6.0,0.0,2.0,10.0,1.0,nfl_hist,robertthomas
109,James Hodgins,STL,RB,0.0,0.0,0.0,0.0,0.0,1.0,5.0,0.0,0.0,0.0,0.0,nfl_hist,jameshodgins
110,Joe Horn,NOR,WR,0.0,0.0,0.0,0.0,0.0,1.0,4.0,0.0,4.0,48.0,0.0,nfl_hist,joehorn
111,Terrell Owens,SFO,WR,0.0,0.0,0.0,0.0,0.0,1.0,4.0,0.0,4.0,38.0,1.0,nfl_hist,terrellowens
112,Richie Anderson,NYJ,FB,0.0,0.0,0.0,0.0,0.0,2.0,3.0,0.0,1.0,5.0,0.0,nfl_hist,richieanderson
113,Ki-Jana Carte,WAS,RB,0.0,0.0,0.0,0.0,0.0,2.0,3.0,0.0,0.0,0.0,0.0,nfl_hist,kijanacarte
114,LaMont Jordan,NYJ,RB-K,0.0,0.0,0.0,0.0,0.0,1.0,3.0,0.0,0.0,0.0,0.0,nfl_hist,lamontjordan
115,Harold Morrow,MIN,FB,0.0,0.0,0.0,0.0,0.0,1.0,3.0,0.0,0.0,0.0,0.0,nfl_hist,haroldmorrow
116,Peter Warrick,CIN,WR,0.0,0.0,0.0,0.0,0.0,1.0,3.0,0.0,4.0,31.0,1.0,nfl_hist,peterwarrick
117,Moe Williams,BAL,RB,0.0,0.0,0.0,0.0,0.0,2.0,2.0,0.0,1.0,7.0,0.0,nfl_hist,moewilliams
118,Randy Jordan,OAK,RB,0.0,0.0,0.0,0.0,0.0,5.0,1.0,0.0,1.0,7.0,0.0,nfl_hist,randyjordan
119,Jim Kleinsasse,MIN,FB,0.0,0.0,0.0,0.0,0.0,1.0,1.0,0.0,8.0,51.0,0.0,nfl_hist,jimkleinsasse
120,Fred McCrary,SDG,FB,0.0,0.0,0.0,0.0,0.0,1.0,1.0,0.0,2.0,1.0,0.0,nfl_hist,fredmccrary
121,Amani Toome,NYG,WR,0.0,0.0,0.0,0.0,0.0,1.0,1.0,0.0,1.0,25.0,0.0,nfl_hist,amanitoome
122,Damon Washington,NYG,RB,0.0,0.0,0.0,0.0,0.0,1.0,1.0,0.0,1.0,2.0,0.0,nfl_hist,damonwashington
123,Chris Hetherington,CAR,FB,0.0,0.0,0.0,0.0,0.0,1.0,0.0,0.0,5.0,33.0,0.0,nfl_hist,chrishetherington
124,Deuce McAlliste,NOR,RB,0.0,0.0,0.0,0.0,0.0,1.0,0.0,0.0,0.0,0.0,0.0,nfl_hist,deucemcalliste
125,Peerless Price,BUF,WR,0.0,0.0,0.0,0.0,0.0,1.0,0.0,0.0,1.0,3.0,0.0,nfl_hist,peerlessprice
126,Hines Ward,PIT,WR,0.0,0.0,0.0,0.0,0.0,1.0,0.0,0.0,9.0,79.0,0.0,nfl_hist,hinesward
127,Koy Detme,PHI,QB,0.0,0.0,0.0,0.0,0.0,1.0,-1.0,0.0,0.0,0.0,0.0,nfl_hist,koydetme
128,Herbert Goodman,GNB,RB,0.0,0.0,0.0,0.0,0.0,1.0,-1.0,0.0,0.0,0.0,0.0,nfl_hist,herbertgoodman
129,Eddie Kennison,DEN,WR,0.0,0.0,0.0,0.0,0.0,1.0,-6.0,0.0,1.0,1.0,0.0,nfl_hist,eddiekennison
130,Jerome Pathon,IND,WR,0.0,0.0,0.0,0.0,0.0,1.0,-8.0,0.0,5.0,57.0,0.0,nfl_hist,jeromepathon
131,Darrell Jackson,SEA,WR,0.0,0.0,0.0,0.0,0.0,0.0,0.0,0.0,5.0,125.0,0.0,nfl_hist,darrelljackson
132,Torry Holt,STL,WR,0.0,0.0,0.0,0.0,0.0,0.0,0.0,0.0,4.0,111.0,1.0,nfl_hist,torryholt
133,Willie Jackson,NOR,WR,0.0,0.0,0.0,0.0,0.0,0.0,0.0,0.0,8.0,105.0,1.0,nfl_hist,williejackson
134,Keyshawn Johnson,TAM,WR,0.0,0.0,0.0,0.0,0.0,0.0,0.0,0.0,7.0,96.0,0.0,nfl_hist,keyshawnjohnson
135,Frank Sanders,ARI,WR,0.0,0.0,0.0,0.0,0.0,0.0,0.0,0.0,4.0,96.0,0.0,nfl_hist,franksanders
136,Jerry Rice,OAK,WR,0.0,0.0,0.0,0.0,0.0,0.0,0.0,0.0,5.0,91.0,2.0,nfl_hist,jerryrice
137,Travis Taylo,BAL,WR,0.0,0.0,0.0,0.0,0.0,0.0,0.0,0.0,4.0,90.0,1.0,nfl_hist,travistaylo
138,Byron Chamberlain,MIN,TE,0.0,0.0,0.0,0.0,0.0,0.0,0.0,0.0,4.0,88.0,0.0,nfl_hist,byronchamberlain
139,Tony Gonzalez,KAN,TE,0.0,0.0,0.0,0.0,0.0,0.0,0.0,0.0,5.0,88.0,1.0,nfl_hist,tonygonzalez
140,Jimmy Smith,JAX,WR,0.0,0.0,0.0,0.0,0.0,0.0,0.0,0.0,9.0,88.0,0.0,nfl_hist,jimmysmith
141,Rod Smith,DEN,WR,0.0,0.0,0.0,0.0,0.0,0.0,0.0,0.0,5.0,83.0,0.0,nfl_hist,rodsmith
142,Kevin Johnson,CLE,WR,0.0,0.0,0.0,0.0,0.0,0.0,0.0,0.0,6.0,80.0,0.0,nfl_hist,kevinjohnson
143,Koren Robinson,SEA,WR,0.0,0.0,0.0,0.0,0.0,0.0,0.0,0.0,5.0,78.0,0.0,nfl_hist,korenrobinson
144,James McKnight,MIA,WR,0.0,0.0,0.0,0.0,0.0,0.0,0.0,0.0,5.0,73.0,1.0,nfl_hist,jamesmcknight
145,Todd Pinkston,PHI,WR,0.0,0.0,0.0,0.0,0.0,0.0,0.0,0.0,3.0,71.0,1.0,nfl_hist,toddpinkston
146,Desmond Clark,DEN,,0.0,0.0,0.0,0.0,0.0,0.0,0.0,0.0,5.0,67.0,0.0,nfl_hist,desmondclark
147,Bill Schroede,GNB,WR,0.0,0.0,0.0,0.0,0.0,0.0,0.0,0.0,5.0,67.0,1.0,nfl_hist,billschroede
148,Wayne Chrebet,NYJ,WR,0.0,0.0,0.0,0.0,0.0,0.0,0.0,0.0,3.0,64.0,0.0,nfl_hist,waynechrebet
149,Marcus Pollard,IND,HB,0.0,0.0,0.0,0.0,0.0,0.0,0.0,0.0,4.0,63.0,1.0,nfl_hist,marcuspollard
150,Cris Carte,MIN,WR,0.0,0.0,0.0,0.0,0.0,0.0,0.0,0.0,5.0,62.0,1.0,nfl_hist,criscarte
151,Robert Wilson,NOR,WR,0.0,0.0,0.0,0.0,0.0,0.0,0.0,0.0,7.0,61.0,0.0,nfl_hist,robertwilson
152,Laveranues Coles,NYJ,WR,0.0,0.0,0.0,0.0,0.0,0.0,0.0,0.0,3.0,60.0,0.0,nfl_hist,laveranuescoles
153,Joe Jurevicius,NYG,WR,0.0,0.0,0.0,0.0,0.0,0.0,0.0,0.0,2.0,60.0,1.0,nfl_hist,joejurevicius
154,Chris Chambers,MIA,WR,0.0,0.0,0.0,0.0,0.0,0.0,0.0,0.0,4.0,59.0,0.0,nfl_hist,chrischambers
155,Rod Gardne,WAS,WR,0.0,0.0,0.0,0.0,0.0,0.0,0.0,0.0,5.0,55.0,1.0,nfl_hist,rodgardne
156,Jacquez Green,TAM,WR,0.0,0.0,0.0,0.0,0.0,0.0,0.0,0.0,3.0,54.0,0.0,nfl_hist,jacquezgreen
157,Chris Thomas,KAN,WR,0.0,0.0,0.0,0.0,0.0,0.0,0.0,0.0,4.0,54.0,1.0,nfl_hist,christhomas
158,Donald Hayes,CAR,WR,0.0,0.0,0.0,0.0,0.0,0.0,0.0,0.0,4.0,52.0,0.0,nfl_hist,donaldhayes
159,Ricky Proehl,STL,WR,0.0,0.0,0.0,0.0,0.0,0.0,0.0,0.0,3.0,50.0,1.0,nfl_hist,rickyproehl
160,Shannon Sharpe,BAL,TE,0.0,0.0,0.0,0.0,0.0,0.0,0.0,0.0,5.0,50.0,0.0,nfl_hist,shannonsharpe
161,Corey Bradford,GNB,WR,0.0,0.0,0.0,0.0,0.0,0.0,0.0,0.0,4.0,49.0,1.0,nfl_hist,coreybradford
162,Curtis Conway,SDG,WR,0.0,0.0,0.0,0.0,0.0,0.0,0.0,0.0,4.0,49.0,1.0,nfl_hist,curtisconway
163,Jeff Graham,SDG,WR,0.0,0.0,0.0,0.0,0.0,0.0,0.0,0.0,3.0,49.0,0.0,nfl_hist,jeffgraham
164,Marvin Harrison,IND,WR,0.0,0.0,0.0,0.0,0.0,0.0,0.0,0.0,3.0,49.0,0.0,nfl_hist,marvinharrison
165,Terance Mathis,ATL,WR,0.0,0.0,0.0,0.0,0.0,0.0,0.0,0.0,5.0,49.0,2.0,nfl_hist,terancemathis
166,Tim Brown,OAK,WR,0.0,0.0,0.0,0.0,0.0,0.0,0.0,0.0,3.0,47.0,0.0,nfl_hist,timbrown
167,Qadry Ismail,BAL,WR,0.0,0.0,0.0,0.0,0.0,0.0,0.0,0.0,2.0,44.0,1.0,nfl_hist,qadryismail
168,Chad Lewis,PHI,TE,0.0,0.0,0.0,0.0,0.0,0.0,0.0,0.0,4.0,43.0,2.0,nfl_hist,chadlewis
169,Shawn Jefferson,ATL,WR,0.0,0.0,0.0,0.0,0.0,0.0,0.0,0.0,5.0,40.0,0.0,nfl_hist,shawnjefferson
170,Mikhael Ricks,KAN,TE,0.0,0.0,0.0,0.0,0.0,0.0,0.0,0.0,3.0,40.0,0.0,nfl_hist,mikhaelricks
171,Muhsin Muhammad,CAR,WR,0.0,0.0,0.0,0.0,0.0,0.0,0.0,0.0,3.0,39.0,0.0,nfl_hist,muhsinmuhammad
172,Jeremy McDaniel,BUF,WR,0.0,0.0,0.0,0.0,0.0,0.0,0.0,0.0,2.0,37.0,0.0,nfl_hist,jeremymcdaniel
173,Isaac Bruce,STL,WR,0.0,0.0,0.0,0.0,0.0,0.0,0.0,0.0,3.0,36.0,0.0,nfl_hist,isaacbruce
174,Jay Riemersma,BUF,TE,0.0,0.0,0.0,0.0,0.0,0.0,0.0,0.0,2.0,35.0,0.0,nfl_hist,jayriemersma
175,Christian Fauria,SEA,TE,0.0,0.0,0.0,0.0,0.0,0.0,0.0,0.0,4.0,34.0,1.0,nfl_hist,christianfauria
176,Bubba Franks,GNB,TE,0.0,0.0,0.0,0.0,0.0,0.0,0.0,0.0,3.0,34.0,1.0,nfl_hist,bubbafranks
177,Jammi German,CLE,WR,0.0,0.0,0.0,0.0,0.0,0.0,0.0,0.0,3.0,34.0,0.0,nfl_hist,jammigerman
178,JaJuan Dawson,CLE,WR,0.0,0.0,0.0,0.0,0.0,0.0,0.0,0.0,3.0,33.0,0.0,nfl_hist,jajuandawson
179,Brian Finneran,ATL,WR,0.0,0.0,0.0,0.0,0.0,0.0,0.0,0.0,2.0,33.0,0.0,nfl_hist,brianfinneran
180,Kevin Lockett,WAS,WR,0.0,0.0,0.0,0.0,0.0,0.0,0.0,0.0,2.0,33.0,0.0,nfl_hist,kevinlockett
181,Aaron Stecke,TAM,RB,0.0,0.0,0.0,0.0,0.0,0.0,0.0,0.0,3.0,33.0,0.0,nfl_hist,aaronstecke
182,Wesley Walls,CAR,TE,0.0,0.0,0.0,0.0,0.0,0.0,0.0,0.0,4.0,33.0,1.0,nfl_hist,wesleywalls
183,Ike Hilliard,NYG,WR,0.0,0.0,0.0,0.0,0.0,0.0,0.0,0.0,2.0,32.0,0.0,nfl_hist,ikehilliard
184,Quincy Morgan,CLE,WR,0.0,0.0,0.0,0.0,0.0,0.0,0.0,0.0,2.0,32.0,0.0,nfl_hist,quincymorgan
185,Oronde Gadsden,MIA,WR,0.0,0.0,0.0,0.0,0.0,0.0,0.0,0.0,3.0,29.0,0.0,nfl_hist,orondegadsden
186,Matthew Hatchette,NYJ,WR,0.0,0.0,0.0,0.0,0.0,0.0,0.0,0.0,1.0,29.0,0.0,nfl_hist,matthewhatchette
187,Chad Johnson,CIN,WR,0.0,0.0,0.0,0.0,0.0,0.0,0.0,0.0,2.0,28.0,1.0,nfl_hist,chadjohnson
188,Reggie Kelly,ATL,TE,0.0,0.0,0.0,0.0,0.0,0.0,0.0,0.0,3.0,28.0,0.0,nfl_hist,reggiekelly
189,Ernie Conwell,STL,TE,0.0,0.0,0.0,0.0,0.0,0.0,0.0,0.0,3.0,27.0,0.0,nfl_hist,ernieconwell
190,Bobby Engram,SEA,WR,0.0,0.0,0.0,0.0,0.0,0.0,0.0,0.0,2.0,26.0,0.0,nfl_hist,bobbyengram
191,MarTay Jenkins,ARI,WR,0.0,0.0,0.0,0.0,0.0,0.0,0.0,0.0,2.0,26.0,0.0,nfl_hist,martayjenkins
192,Albert Connell,NOR,WR,0.0,0.0,0.0,0.0,0.0,0.0,0.0,0.0,4.0,25.0,0.0,nfl_hist,albertconnell
193,Antonio Freeman,GNB,WR,0.0,0.0,0.0,0.0,0.0,0.0,0.0,0.0,2.0,25.0,0.0,nfl_hist,antoniofreeman
194,Terry Hardy,ARI,TE,0.0,0.0,0.0,0.0,0.0,0.0,0.0,0.0,2.0,25.0,1.0,nfl_hist,terryhardy
195,James Thrash,PHI,WR,0.0,0.0,0.0,0.0,0.0,0.0,0.0,0.0,2.0,25.0,0.0,nfl_hist,jamesthrash
196,Anthony Becht,NYJ,TE,0.0,0.0,0.0,0.0,0.0,0.0,0.0,0.0,3.0,24.0,0.0,nfl_hist,anthonybecht
197,Darrin Chiaverini,DAL,WR,0.0,0.0,0.0,0.0,0.0,0.0,0.0,0.0,1.0,21.0,0.0,nfl_hist,darrinchiaverini
198,Eric Johnson,SFO,TE,0.0,0.0,0.0,0.0,0.0,0.0,0.0,0.0,2.0,20.0,0.0,nfl_hist,ericjohnson
199,Torrance Small,NWE,WR,0.0,0.0,0.0,0.0,0.0,0.0,0.0,0.0,2.0,20.0,0.0,nfl_hist,torrancesmall
200,Plaxico Burress,PIT,WR,0.0,0.0,0.0,0.0,0.0,0.0,0.0,0.0,2.0,19.0,0.0,nfl_hist,plaxicoburress
201,James Jett,OAK,WR,0.0,0.0,0.0,0.0,0.0,0.0,0.0,0.0,2.0,19.0,0.0,nfl_hist,jamesjett
202,Mike Sellers,CLE,HB,0.0,0.0,0.0,0.0,0.0,0.0,0.0,0.0,1.0,18.0,0.0,nfl_hist,mikesellers
203,Kevin Kaspe,DEN,WR,0.0,0.0,0.0,0.0,0.0,0.0,0.0,0.0,1.0,17.0,0.0,nfl_hist,kevinkaspe
204,Keenan McCardell,JAX,WR,0.0,0.0,0.0,0.0,0.0,0.0,0.0,0.0,2.0,17.0,1.0,nfl_hist,keenanmccardell
205,Tony McGee,CIN,TE,0.0,0.0,0.0,0.0,0.0,0.0,0.0,0.0,2.0,17.0,0.0,nfl_hist,tonymcgee
206,Michael Westbrook,WAS,WR,0.0,0.0,0.0,0.0,0.0,0.0,0.0,0.0,2.0,17.0,0.0,nfl_hist,michaelwestbrook
207,Damon Jones,JAX,TE,0.0,0.0,0.0,0.0,0.0,0.0,0.0,0.0,1.0,16.0,0.0,nfl_hist,damonjones
208,Eric Moulds,BUF,WR,0.0,0.0,0.0,0.0,0.0,0.0,0.0,0.0,2.0,15.0,0.0,nfl_hist,ericmoulds
209,Tai Streets,SFO,WR,0.0,0.0,0.0,0.0,0.0,0.0,0.0,0.0,2.0,15.0,0.0,nfl_hist,taistreets
210,Terrence Wilkins,IND,WR,0.0,0.0,0.0,0.0,0.0,0.0,0.0,0.0,3.0,15.0,0.0,nfl_hist,terrencewilkins
211,Avion Black,BUF,WR,0.0,0.0,0.0,0.0,0.0,0.0,0.0,0.0,2.0,14.0,0.0,nfl_hist,avionblack
212,Kyle Brady,JAX,TE,0.0,0.0,0.0,0.0,0.0,0.0,0.0,0.0,1.0,14.0,0.0,nfl_hist,kylebrady
213,Jeff Robinson,STL,TE,0.0,0.0,0.0,0.0,0.0,0.0,0.0,0.0,2.0,14.0,0.0,nfl_hist,jeffrobinson
214,Patrick Hape,DEN,FB,0.0,0.0,0.0,0.0,0.0,0.0,0.0,0.0,2.0,13.0,0.0,nfl_hist,patrickhape
215,John Jones,BAL,TE,0.0,0.0,0.0,0.0,0.0,0.0,0.0,0.0,2.0,13.0,0.0,nfl_hist,johnjones
216,J.J. Stokes,SFO,WR,0.0,0.0,0.0,0.0,0.0,0.0,0.0,0.0,1.0,13.0,0.0,nfl_hist,jjstokes
217,Trevor Insley,IND,WR,0.0,0.0,0.0,0.0,0.0,0.0,0.0,0.0,2.0,12.0,0.0,nfl_hist,trevorinsley
218,Ken Dilge,IND,TE,0.0,0.0,0.0,0.0,0.0,0.0,0.0,0.0,1.0,11.0,0.0,nfl_hist,kendilge
219,Larry Parke,KAN,WR,0.0,0.0,0.0,0.0,0.0,0.0,0.0,0.0,1.0,11.0,0.0,nfl_hist,larryparke
220,Jermaine Wiggins,NWE,TE,0.0,0.0,0.0,0.0,0.0,0.0,0.0,0.0,1.0,11.0,0.0,nfl_hist,jermainewiggins
221,Roland Williams,OAK,TE,0.0,0.0,0.0,0.0,0.0,0.0,0.0,0.0,2.0,11.0,0.0,nfl_hist,rolandwilliams
222,Rickey Dudley,CLE,TE,0.0,0.0,0.0,0.0,0.0,0.0,0.0,0.0,3.0,10.0,0.0,nfl_hist,rickeydudley
223,Justin Swift,SFO,TE,0.0,0.0,0.0,0.0,0.0,0.0,0.0,0.0,1.0,9.0,0.0,nfl_hist,justinswift
224,Patrick Washington,JAX,FB,0.0,0.0,0.0,0.0,0.0,0.0,0.0,0.0,1.0,9.0,0.0,nfl_hist,patrickwashington
225,Sean Dawkins,JAX,WR,0.0,0.0,0.0,0.0,0.0,0.0,0.0,0.0,2.0,8.0,0.0,nfl_hist,seandawkins
226,Mike Lucky,DAL,TE,0.0,0.0,0.0,0.0,0.0,0.0,0.0,0.0,2.0,8.0,0.0,nfl_hist,mikelucky
227,Lorenzo Neal,CIN,FB,0.0,0.0,0.0,0.0,0.0,0.0,0.0,0.0,2.0,8.0,0.0,nfl_hist,lorenzoneal
228,Jeremy Brigham,OAK,RB,0.0,0.0,0.0,0.0,0.0,0.0,0.0,0.0,1.0,7.0,0.0,nfl_hist,jeremybrigham
229,Tim Dwight,SDG,WR/K,0.0,0.0,0.0,0.0,0.0,0.0,0.0,0.0,1.0,7.0,0.0,nfl_hist,timdwight
230,Troy Edwards,PIT,WR,0.0,0.0,0.0,0.0,0.0,0.0,0.0,0.0,2.0,7.0,0.0,nfl_hist,troyedwards
231,Darnay Scott,CIN,WR,0.0,0.0,0.0,0.0,0.0,0.0,0.0,0.0,1.0,6.0,0.0,nfl_hist,darnayscott
232,Dwayne Carswell,DEN,TE,0.0,0.0,0.0,0.0,0.0,0.0,0.0,0.0,2.0,5.0,1.0,nfl_hist,dwaynecarswell
233,Ron Dugans,CIN,WR,0.0,0.0,0.0,0.0,0.0,0.0,0.0,0.0,1.0,5.0,0.0,nfl_hist,rondugans
234,Wane McGarity,DAL,WR,0.0,0.0,0.0,0.0,0.0,0.0,0.0,0.0,1.0,5.0,0.0,nfl_hist,wanemcgarity
235,Travis Mino,MIA,RB,0.0,0.0,0.0,0.0,0.0,0.0,0.0,0.0,1.0,5.0,0.0,nfl_hist,travismino
236,Jed Weave,MIA,TE,0.0,0.0,0.0,0.0,0.0,0.0,0.0,0.0,1.0,5.0,0.0,nfl_hist,jedweave
237,Mack Strong,SEA,FB,0.0,0.0,0.0,0.0,0.0,0.0,0.0,0.0,1.0,4.0,0.0,nfl_hist,mackstrong
238,Cam Cleeland,NOR,TE,0.0,0.0,0.0,0.0,0.0,0.0,0.0,0.0,1.0,3.0,0.0,nfl_hist,camcleeland
239,Bobby Collins,GNB,TE,0.0,0.0,0.0,0.0,0.0,0.0,0.0,0.0,1.0,3.0,0.0,nfl_hist,bobbycollins
240,Charles Johnson,NWE,WR,0.0,0.0,0.0,0.0,0.0,0.0,0.0,0.0,1.0,3.0,0.0,nfl_hist,charlesjohnson
241,Brandon Stokley,BAL,WR,0.0,0.0,0.0,0.0,0.0,0.0,0.0,0.0,1.0,3.0,0.0,nfl_hist,brandonstokley
242,Marco Battaglia,CIN,TE,0.0,0.0,0.0,0.0,0.0,0.0,0.0,0.0,1.0,2.0,0.0,nfl_hist,marcobattaglia
243,Jake Reed,MIN,WR,0.0,0.0,0.0,0.0,0.0,0.0,0.0,0.0,1.0,2.0,0.0,nfl_hist,jakereed
244,Johnny Huggins,DAL,TE,0.0,0.0,0.0,0.0,0.0,0.0,0.0,0.0,1.0,1.0,0.0,nfl_hist,johnnyhuggins
245,Freddie Mitchell,PHI,WR,0.0,0.0,0.0,0.0,0.0,0.0,0.0,0.0,1.0,0.0,0.0,nfl_hist,freddiemitchell
246,Isaac Byrd,CAR,WR,0.0,0.0,0.0,0.0,0.0,0.0,0.0,0.0,1.0,-1.0,0.0,nfl_hist,isaacbyrd
247,Joel Makovicka,ARI,TE,0.0,0.0,0.0,0.0,0.0,0.0,0.0,0.0,1.0,-4.0,0.0,nfl_hist,joelmakovicka
248,Steve Smith,CAR,WR,0.0,0.0,0.0,0.0,0.0,0.0,0.0,0.0,0.0,0.0,0.0,nfl_hist,stevesmith
249,Michael Lewis,NOR,WR,0.0,0.0,0.0,0.0,0.0,0.0,0.0,0.0,0.0,0.0,0.0,nfl_hist,michaellewis
250,Hank Poteat,PIT,CB,0.0,0.0,0.0,0.0,0.0,0.0,0.0,0.0,0.0,0.0,0.0,nfl_hist,hankpoteat
251,Darrien Gordon,ATL,CB,0.0,0.0,0.0,0.0,0.0,0.0,0.0,0.0,0.0,0.0,0.0,nfl_hist,darriengordon
252,Brian Mitchell,PHI,RB/K,0.0,0.0,0.0,0.0,0.0,0.0,0.0,0.0,0.0,0.0,0.0,nfl_hist,brianmitchell
253,Ben Gay,CLE,RB,0.0,0.0,0.0,0.0,0.0,0.0,0.0,0.0,0.0,0.0,0.0,nfl_hist,bengay
