player,team,position,fumble_lost,pass_att,pass_comp,pass_int,pass_tds,pass_yds,rcv_rec,rcv_tds,rcv_yds,rush_att,rush_tds,rush_yds,fp,overall_rank,pos_rank,is_top_player,percent_average_position,percent_average_overall,percent_typical_position,percent_typical_overall,percent_median_position,percent_median_overall,positional_value,pos_value_remaining
A.J. Brown,TEN,WR,0.75,0.0,0.0,0.0,0.0,0.0,60.55,6.75,1081.25,4.25,0.7,51.8,156.5,64.0,11.0,True,1.4079552621090896,1.2153721557185173,1.2651576394502828,1.2277398603593002,1.4520992809093016,1.4003847702563643,0.0140795526210909,0.8272713287229172
A.J. Dillon,GB,RB,1.6,0.0,0.0,0.0,0.0,0.0,6.35,0.1,49.1,119.5,4.1,476.5,74.56,187.0,54.0,True,0.5940450752415928,0.579029699235608,0.6027485852869846,0.5849219424178238,0.6298095197871352,0.6671737282448214,0.008250626045022127,0.12885074400595775
A.J. Green,CIN,WR,1.5,0.0,0.0,0.0,0.0,0.0,67.7,5.95,1004.45,0.0,0.0,1.35,133.28,92.0,32.0,True,1.1990560852006356,1.0350466512087155,1.077445432497979,1.0455793520043932,1.2366504291347715,1.1926088318196055,0.011990560852006359,0.5517655219195694
Aaron Jones,GB,RB,1.8,0.0,0.0,0.0,0.0,0.0,40.65,2.05,342.75,203.3,10.15,890.9,192.96,43.0,12.0,True,1.5373784565265256,1.4985189211977323,1.5599029911075182,1.5137679453989175,1.6299362250285088,1.7266341550713615,0.021352478562868423,0.7037487454201611
Aaron Rodgers,GB,QB,3.2,563.8,353.4,7.1,26.05,4042.95,0.0,0.0,0.0,48.45,1.1,211.95,280.21,12.0,12.0,True,1.2482306783392711,2.1760986054561386,2.2652384801940175,2.1982427237781437,1.1089081483240333,2.5073598496711558,0.031205766958481772,0.5794276474119182
Adam Humphries,TEN,WR,0.75,0.0,0.0,0.0,0.0,0.0,43.7,2.8,453.5,1.35,0.0,6.0,61.25,223.0,95.0,True,0.5510368038605862,0.47566482132753474,0.49514955537590943,0.4805052169137836,0.5683136163303177,0.548073911681804,0.005510368038605863,0.02650644465656249
Adam Thielen,MIN,WR,0.75,0.0,0.0,0.0,0.0,0.0,76.3,7.55,1058.45,5.45,0.7,22.4,156.08,65.0,12.0,True,1.4041767240254743,1.2121104540865573,1.2617623282134196,1.2244449674433202,1.4482022732544653,1.3966265491476892,0.014041767240254747,0.8132295614826623
Adrian Peterson,DET,RB,0.6,0.0,0.0,0.0,0.0,0.0,8.5,0.2,68.5,93.6,2.4,338.3,55.08,240.0,70.0,True,0.4388412385234298,0.42774887116278554,0.4452708164915117,0.4321016709814074,0.4652616463234362,0.4928638539662655,0.006095017201714307,0.011914497133416413
Alex Smith,WAS,QB,0.0,36.75,23.5,1.25,2.0,255.25,0.0,0.0,0.0,6.25,0.0,20.75,19.04,355.0,39.0,True,0.0848160740715168,0.14786380731553078,0.15392077607113985,0.14936847885777044,0.07534924215441846,0.17037269025994362,0.0021204018517879198,0.0020146044904854055
Alexander Mattison,MIN,RB,1.7,0.0,0.0,0.0,0.0,0.0,8.75,0.2,69.2,141.35,3.1,619.1,85.23,168.0,48.0,True,0.6790566223556995,0.6618924525999312,0.6890056588520614,0.6686279124499883,0.7199391814841407,0.7626504406961658,0.009431341977162498,0.1810335192748832
Allen Lazard,GB,WR,0.75,0.0,0.0,0.0,0.0,0.0,56.0,4.0,769.65,1.5,0.0,20.55,101.52,141.0,58.0,True,0.913326633925334,0.788399880182389,0.8206952303961196,0.7964226876912215,0.9419624217118997,0.9084157308397834,0.009133266339253343,0.28415775936290233
Allen Robinson,CHI,WR,0.75,0.0,0.0,0.0,0.0,0.0,85.7,6.25,1083.3,1.15,0.05,6.5,145.28,79.0,22.0,True,1.307014316161077,1.1282381264075796,1.1744543249797899,1.1397191496038284,1.3479935049872418,1.2999865777817547,0.013070143161610773,0.6779956834700654
Alshon Jeffery,PHI,WR,0.0,0.0,0.0,0.0,0.0,0.0,35.8,3.1,446.7,0.65,0.65,0.65,67.24,204.0,83.0,True,0.6049259541483398,0.522182899364301,0.5435731608730799,0.5274966658821684,0.6238923683600092,0.6016733032079101,0.006049259541483399,0.09479722295443893
Alvin Kamara,NO,RB,2.35,0.0,0.0,0.0,0.0,0.0,89.9,2.45,658.8,205.2,7.95,948.85,218.47,35.0,6.0,True,1.7406253700111423,1.696628465557984,1.766127728375101,1.71389346512905,1.8454196055243484,1.9549013466958973,0.02417535236126588,0.8371829246566019
Amari Coope,DAL,WR,0.75,0.0,0.0,0.0,0.0,0.0,75.05,7.65,1082.5,1.35,0.0,9.35,153.58,69.0,16.0,True,1.3816854259087157,1.1926955634201273,1.2415521422797091,1.2048325096101045,1.425005799118534,1.3742561854055748,0.01381685425908716,0.7576553631400011
Anthony Mille,CHI,WR,0.75,0.0,0.0,0.0,0.0,0.0,57.85,5.4,744.4,2.8,0.05,12.6,106.9,134.0,53.0,True,0.9617279074725986,0.8301807248965464,0.8641875505254648,0.8386286969483017,0.991881234052424,0.9565567536128138,0.009617279074725989,0.33063917570292045
Antonio Gibson,WAS,RB,2.45,0.0,0.0,0.0,0.0,0.0,47.65,2.0,387.8,155.3,4.2,683.95,139.48,86.0,24.0,True,1.1112849663988378,1.0831955800614619,1.127566693613581,1.094218247430768,1.1781898044515773,1.2480873339000491,0.01543451342220609,0.48545793962303396
Austin Ekele,LAC,RB,1.65,0.0,0.0,0.0,0.0,0.0,64.1,4.55,669.75,162.7,4.25,718.75,188.35,45.0,13.0,True,1.5006490064612927,1.4627178628088353,1.5226354082457558,1.4776025731544677,1.5909954808463909,1.6853832043309025,0.02084234731196241,0.6829063981081986
Austin Hoope,CLE,TE,0.75,0.0,0.0,0.0,0.0,0.0,60.55,4.7,683.6,0.0,0.0,0.0,95.06,154.0,13.0,True,1.1461331870424012,0.738231802700334,0.7684721099434115,0.7457440966501923,1.1864702945581627,0.8506107109301598,0.028653329676060033,0.5485005681835308
Baker Mayfield,CLE,QB,2.45,508.75,313.85,14.4,25.4,3893.1,0.0,0.0,0.0,34.55,1.75,152.2,263.74,18.0,17.0,True,1.1748629924171134,2.0481933057456985,2.1320937752627325,2.0690358515729192,1.0437294708931892,2.359983893338106,0.029371574810427833,0.4298513380025236
Ben Roethlisberge,PIT,QB,1.65,551.5,357.8,16.2,24.45,3932.4,0.0,0.0,0.0,26.7,1.6,78.0,253.0,21.0,20.0,True,1.1270203119797138,1.964786935442715,2.0452708164915117,1.9847807327214246,1.0012267996359174,2.2638808107019823,0.02817550779949284,0.34340598456694915
Benny Snell,PIT,RB,1.0,0.0,0.0,0.0,0.0,0.0,5.35,0.15,44.25,113.65,2.85,458.45,66.27,206.0,64.0,True,0.5279958038661527,0.5146499217857261,0.5357316087308003,0.5198870322428807,0.5597837563880559,0.5929936020759697,0.007333275053696571,0.05099431330911419
Bisi Johnson,MIN,WR,0.0,0.0,0.0,0.0,0.0,0.0,43.0,5.0,459.0,1.0,0.0,7.0,76.6,184.0,76.0,True,0.6891333742974841,0.5948722500194148,0.6192400970088924,0.6009257080097278,0.7107399675249361,0.6854279450583867,0.006891333742974843,0.13923013186198263
Blake Jarwin,DAL,TE,0.0,0.0,0.0,0.0,0.0,0.0,47.25,4.6,548.5,0.0,0.0,0.0,82.45,173.0,18.0,True,0.994095111210246,0.6403030941788611,0.6665319320937753,0.6468188593394525,1.0290813779331003,0.7377745962149345,0.02485237778025615,0.417173309540962
Boston Scott,PHI,RB,1.55,0.0,0.0,0.0,0.0,0.0,31.6,0.2,266.75,91.6,4.35,363.8,87.26,165.0,47.0,True,0.6952303281327976,0.6776573438210725,0.7054163298302345,0.6845532282105594,0.737086624150019,0.7808151760547627,0.009655976779622195,0.19046486125204565
Brandin Cooks,HOU,WR,0.75,0.0,0.0,0.0,0.0,0.0,62.2,4.25,897.0,6.6,0.05,51.85,119.18,112.0,40.0,True,1.072205163822117,0.9255466678500506,0.9634599838318513,0.9349650898250569,1.1058223150081188,1.06643998031408,0.010722051638221174,0.46234821747465915
Brandon Aiyuk,SF,WR,0.75,0.0,0.0,0.0,0.0,0.0,44.9,4.05,677.95,2.4,0.05,12.8,92.18,158.0,66.0,True,0.8292991441611239,0.7158658486526066,0.7451899757477769,0.7231505452263278,0.8553003943400603,0.824840051899244,0.008292991441611242,0.21475411163420866
Breshad Perriman,NYJ,WR,0.0,0.0,0.0,0.0,0.0,0.0,44.3,5.05,748.2,3.0,0.0,8.35,105.96,136.0,54.0,True,0.9532711793806973,0.8228807260059686,0.8565885206143896,0.8312544128030124,0.9831593597773137,0.9481454968457786,0.009532711793806976,0.32110646390911346
Bryan Edwards,LV,WR,1.5,0.0,0.0,0.0,0.0,0.0,48.85,3.2,679.45,1.55,0.0,8.75,85.02,169.0,71.0,True,0.7648840663547272,0.6602616017839511,0.6873080032336297,0.6669804659919981,0.7888656924147529,0.7607713301418281,0.007648840663547273,0.1749930951714781
Bryce Love,WAS,RB,1.55,0.0,0.0,0.0,0.0,0.0,16.0,0.75,133.7,104.65,2.55,388.7,68.94,198.0,62.0,True,0.5492686090015478,0.5353850250174734,0.5573160873080032,0.540833137208755,0.5823372893525361,0.616885150552548,0.007628730680577057,0.0658002919145857
C.J. Uzomah,CIN,TE,0.0,0.0,0.0,0.0,0.0,0.0,43.95,2.9,428.0,0.0,0.0,0.0,60.2,226.5,30.0,True,0.7258280860504162,0.4675105672476342,0.486661277283751,0.47226798462383307,0.7513729405891163,0.538678358910116,0.018145702151260403,0.15997455984615339
Calvin Ridley,ATL,WR,0.75,0.0,0.0,0.0,0.0,0.0,79.3,8.25,1035.25,2.85,0.0,27.0,154.22,68.0,15.0,True,1.3874431982266058,1.1976657754307332,1.2467259498787389,1.2098532988154076,1.4309440964973323,1.379982998523556,0.013874431982266061,0.7714722173990883
Cam Akers,LAR,RB,2.45,0.0,0.0,0.0,0.0,0.0,32.75,1.05,295.95,184.2,6.35,699.35,139.03,88.0,25.0,True,1.1076996621625355,1.0797008997415045,1.1239288601455133,1.0906880050207892,1.1743886472103728,1.2440606684264688,0.015384717530035223,0.47007322209299873
Cam Newton,NE,QB,1.7,512.55,309.65,12.65,21.65,3460.1,0.0,0.0,0.0,117.65,3.9,449.3,277.28,14.0,13.0,True,1.2351786249238539,2.1533443535950827,2.241552142279709,2.175256923197615,1.0973129130555226,2.4811417833653975,0.03087946562309634,0.5485481817888218
Carson Wentz,PHI,QB,5.6,585.7,382.15,10.65,27.75,4098.7,0.0,0.0,0.0,55.4,1.35,200.1,281.21,11.0,11.0,True,1.2526853040783212,2.183864561722711,2.273322554567502,2.20608770691143,1.1128655665044125,2.516307995168001,0.03131713260195803,0.6106334143704
CeeDee Lamb,DAL,WR,1.5,0.0,0.0,0.0,0.0,0.0,54.85,4.85,863.55,1.35,0.0,8.65,113.32,124.0,47.0,True,1.0194855610364346,0.8800381641279386,0.9160873080032336,0.8889934886639993,1.0514497796334956,1.0140038477025637,0.01019485561036435,0.3893549585665306
Chase Claypool,PIT,WR,0.75,0.0,0.0,0.0,0.0,0.0,34.1,2.6,457.2,1.35,0.0,5.35,60.36,225.0,97.0,True,0.5430299017310202,0.46875312025028565,0.48795472918350846,0.47352318192515885,0.5600556715379262,0.5401100621896112,0.005430299017310202,0.015585569942989208
Chase Edmonds,ARI,RB,0.75,0.0,0.0,0.0,0.0,0.0,19.8,0.9,136.45,103.2,3.9,418.25,82.77,172.0,50.0,True,0.6594569591972456,0.642788200184164,0.6691188358932901,0.649329253942104,0.6991595218988892,0.7406380027739251,0.009159124433295083,0.16259465369170145
Chris Carson,SEA,RB,2.7,0.0,0.0,0.0,0.0,0.0,28.1,1.15,212.35,239.75,7.9,1075.95,177.73,50.0,15.0,True,1.416035826484553,1.3802434072578407,1.436782538399353,1.3942888522789676,1.5012881699539635,1.5903538991544002,0.019667164256729916,0.6427244328524524
Chris Conley,JAC,WR,0.75,0.0,0.0,0.0,0.0,0.0,41.85,3.05,550.9,0.0,0.0,0.0,71.89,191.0,79.0,True,0.6467597686455109,0.5582945960038608,0.5811641067097817,0.5639758374519495,0.6670378102528416,0.6432821797682431,0.006467597686455111,0.11932713233250059
Chris Godwin,TB,WR,0.75,0.0,0.0,0.0,0.0,0.0,79.1,7.85,1188.8,1.05,0.05,5.8,165.36,55.0,6.0,True,1.4876644226348823,1.2841785282403453,1.3367825383993535,1.2972464109202166,1.5343075852470425,1.479665339358418,0.014876644226348826,0.8991544171560023
Chris Herndon,NYJ,TE,0.0,0.0,0.0,0.0,0.0,0.0,44.0,6.0,563.0,0.0,0.0,0.0,92.3,157.0,14.0,True,1.1128560189776313,0.7167977634045952,0.746160064672595,0.7240919432023221,1.1520219670494258,0.8259138293588654,0.02782140047444078,0.5206791677090901
Chris Herndon IV,NYJ,TE,0.0,0.0,0.0,0.0,0.0,0.0,48.8,4.6,585.1,0.0,0.0,0.0,86.11,166.0,16.0,True,1.038223529730919,0.6687264941145146,0.6961196443007276,0.6755314976072802,1.0747628557164253,0.77052480873339,0.025955588243272976,0.4678908484773586
Chris Thompson,JAC,RB,0.75,0.0,0.0,0.0,0.0,0.0,43.85,1.2,353.0,47.05,1.15,225.4,70.44,196.0,61.0,True,0.5612196231225562,0.5470339594173314,0.5694421988682296,0.5526006119086844,0.5950078134898846,0.6303073687978167,0.007794716987813285,0.07342902259516271
Christian Kirk,ARI,WR,0.75,0.0,0.0,0.0,0.0,0.0,71.35,4.9,824.5,6.85,0.0,63.5,116.7,119.0,44.0,True,1.0498937960902923,0.906287096308952,0.9434114793856103,0.915509531654507,1.0828114126652748,1.0442485794819025,0.010498937960902927,0.4200690752747762
Christian McCaffrey,CAR,RB,3.1,0.0,0.0,0.0,0.0,0.0,108.4,4.75,912.35,249.35,8.75,1132.45,279.28,13.0,1.0,True,2.225119482476824,2.1688762661282266,2.2577202910266774,2.1909468894641875,2.3590826540524557,2.4990380743590888,0.030904437256622577,0.9690955627433774
Clyde Edwards-Helaire,KC,RB,2.6,0.0,0.0,0.0,0.0,0.0,50.2,3.55,513.95,196.65,9.1,876.7,209.77,37.0,7.0,True,1.6713094881092934,1.6290646460388076,1.6957962813257883,1.6456421118694595,1.7719305655277273,1.877052480873339,0.023212631779295757,0.8139702928773063
Cole Beasley,BUF,WR,0.75,0.0,0.0,0.0,0.0,0.0,59.3,4.6,693.45,0.0,0.0,0.0,95.44,153.0,64.0,True,0.858627796905377,0.7411828660816313,0.7715440582053354,0.7487251902408409,0.8855485966133148,0.8540110062189611,0.008586277969053773,0.2315128276869678
Cooper Kupp,LAR,WR,0.75,0.0,0.0,0.0,0.0,0.0,87.15,8.9,1076.75,2.65,0.0,11.35,160.71,59.0,8.0,True,1.4458306081377112,1.2480668316007855,1.2991915925626516,1.2607672393504354,1.4911621433542102,1.4380564627980852,0.014458306081377116,0.8699238264715382
Corey Davis,TEN,WR,0.75,0.0,0.0,0.0,0.0,0.0,47.85,3.35,669.45,2.25,0.0,20.85,87.63,164.0,70.0,True,0.7883649815886231,0.680530747639704,0.7084074373484236,0.6874558719698752,0.8130828114126651,0.7841259898885956,0.007883649815886233,0.18264193583502542
Courtland Sutton,DEN,WR,0.75,0.0,0.0,0.0,0.0,0.0,67.5,6.55,1070.7,1.4,0.0,4.45,145.32,78.0,21.0,True,1.307374176930945,1.1285487646582424,1.1747776879547291,1.1400329489291599,1.3483646485734166,1.3003445036016286,0.013073741769309455,0.6910658266316763
Curtis Samuel,CAR,WR,0.75,0.0,0.0,0.0,0.0,0.0,43.4,4.5,519.9,18.8,1.55,140.45,100.84,143.0,59.0,True,0.9072090008375757,0.7831190299211201,0.8151980598221503,0.7910880991605869,0.9356529807469265,0.9023309919019284,0.00907209000837576,0.2750856693545266
D'Andre Swift,DET,RB,2.35,0.0,0.0,0.0,0.0,0.0,32.5,1.65,334.6,142.75,3.7,579.3,118.79,115.0,36.0,True,0.9464406449563949,0.9225179449060874,0.9603071948261924,0.9319055464030753,1.0034210415170841,1.0629502035703102,0.013145008957727715,0.3176601684871675
D.J. Chark,JAC,WR,0.75,0.0,0.0,0.0,0.0,0.0,72.75,6.5,993.35,1.0,0.0,10.85,137.92,89.0,30.0,True,1.2407999345053395,1.0710806882856097,1.1149555375909457,1.0819800737428413,1.2797030851310598,1.2341282269249698,0.012407999345053398,0.575984151731695
D.J. Moore,CAR,WR,1.5,0.0,0.0,0.0,0.0,0.0,83.4,4.85,1216.45,7.2,0.05,73.55,155.4,66.0,13.0,True,1.398059090937716,1.2068296038252881,1.2562651576394503,1.2191103789126854,1.441892832289492,1.3905418102098341,0.013980590909377163,0.7992489705732853
D.K. Metcalf,SEA,WR,1.5,0.0,0.0,0.0,0.0,0.0,66.1,7.3,1002.9,1.1,0.0,6.5,141.74,83.0,26.0,True,1.2751666380277469,1.1007466412239149,1.1458367016976556,1.111947909311995,1.3151472976107632,1.2683101427229209,0.012751666380277471,0.6262243138129857
DK Metcalf,SEA,WR,3.0,0.0,0.0,0.0,0.0,0.0,66.0,8.0,1055.0,2.0,0.0,10.0,148.5,74.0,19.0,True,1.335983108135462,1.1532445055859415,1.2004850444624091,1.1649799952930102,1.3778705636743214,1.328799606281598,0.013359831081354624,0.7174598147976547
Dak Prescott,DAL,QB,3.15,580.45,381.45,12.55,29.6,4628.45,0.0,0.0,0.0,64.7,4.35,277.7,338.56,3.0,3.0,True,1.5081580902128533,2.629242153610615,2.736944219886823,2.6559974896053973,1.339823499149155,3.029484139412107,0.037703952255321325,0.8804968689549337
Dallas Goedert,PHI,TE,0.75,0.0,0.0,0.0,0.0,0.0,52.8,4.75,547.3,0.0,0.0,0.0,81.73,174.0,19.0,True,0.9854141108455234,0.6347116056669293,0.6607113985448666,0.6411704714834864,1.02009485771343,0.7313319314572055,0.024635352771138087,0.39253795676982395
Dalvin Cook,MIN,RB,2.85,0.0,0.0,0.0,0.0,0.0,55.55,1.45,498.7,268.4,10.4,1181.15,233.39,33.0,5.0,True,1.8594981238014394,1.812496533055238,1.8867421180274857,1.830940613477681,1.9714490856105078,2.0884076775088363,0.02582636283057556,0.8613582770178678
Damien Harris,NE,RB,1.5,0.0,0.0,0.0,0.0,0.0,7.25,0.05,63.15,119.55,3.15,407.95,63.31,215.0,65.0,True,0.5044124693340295,0.49166269123667306,0.511802748585287,0.49666588216835333,0.5347805887570216,0.5665070914053063,0.007005728740750413,0.04398858456836374
Daniel Jones,NYG,QB,10.95,574.1,362.1,17.0,25.0,3961.7,0.0,0.0,0.0,56.7,2.75,318.0,267.87,16.0,15.0,True,1.193260596719391,2.0802667051266406,2.1654810024252225,2.1014356319133913,1.060073607978155,2.3969397342400787,0.02983151491798477,0.4886167607520745
Danny Amendola,DET,WR,0.75,0.0,0.0,0.0,0.0,0.0,66.15,3.55,703.95,0.65,0.0,0.0,90.2,160.0,67.0,True,0.811486036052651,0.7004892552447941,0.7291835084882781,0.707617478622421,0.8369287868244026,0.8071227238154893,0.008114860360526513,0.2066392512736821
Darius Slayton,NYG,WR,0.75,0.0,0.0,0.0,0.0,0.0,52.85,6.4,799.35,0.0,0.0,0.0,116.84,118.0,43.0,True,1.0511533087848308,0.907374330186272,0.9445432497978982,0.9166078292931671,1.084110415216887,1.0455013198514609,0.010511533087848312,0.43056801323567917
Darrel Williams,KC,RB,1.65,0.0,0.0,0.0,0.0,0.0,13.55,0.95,124.65,97.55,4.65,325.75,75.34,186.0,53.0,True,0.6002596025845172,0.5850871451235342,0.6090541632983023,0.5910410292617871,0.6363981923385564,0.674153281732361,0.008336938924784966,0.1371013700509799
Darrell Henderson,LAR,RB,1.65,0.0,0.0,0.0,0.0,0.0,20.2,0.95,172.2,125.85,2.9,468.4,83.86,170.0,49.0,True,0.6681413627918451,0.6512530925147276,0.677930476960388,0.6578802855573861,0.7083667694386957,0.7503914813654871,0.009279741149886743,0.17175377812499648
Darren Fells,HOU,TE,0.0,0.0,0.0,0.0,0.0,0.0,31.8,4.4,314.7,0.0,0.0,0.0,57.87,233.0,33.0,True,0.6977354043145777,0.44941588914652136,0.4678253839935327,0.45398917392327603,0.7222915626560159,0.5178291799024652,0.017443385107864442,0.10730681006393183
Darren Walle,LV,TE,0.75,0.0,0.0,0.0,0.0,0.0,77.25,4.3,957.35,0.0,0.0,0.0,120.04,109.0,5.0,True,1.447315671918471,0.9322253902393024,0.9704122877930478,0.9417117753196831,1.4982526210683973,1.0741353854413673,0.036182891797961775,0.7927592017096748
Darrynton Evans,TEN,RB,1.65,0.0,0.0,0.0,0.0,0.0,23.25,1.0,222.35,79.05,2.15,352.65,73.1,190.0,56.0,True,0.5824127548304778,0.5676914030864129,0.5909458367016976,0.5734682670432258,0.6174768762934493,0.6541094358194264,0.008089066039312197,0.11259072534909687
Davante Adams,GB,WR,0.75,0.0,0.0,0.0,0.0,0.0,108.65,10.65,1385.65,0.0,0.0,0.0,200.97,39.0,2.0,True,1.8080304730099919,1.560724230892974,1.6246564268391268,1.5766062602965403,1.8647181628392484,1.7983088005010963,0.018080304730099923,0.962999115642158
David Johnson,HOU,RB,1.95,0.0,0.0,0.0,0.0,0.0,41.05,3.5,417.0,207.55,4.6,802.6,166.66,54.0,18.0,True,1.3278373422715108,1.2942742713868889,1.3472918350848828,1.3074448889934887,1.407779701820332,1.4912979285043175,0.01844218530932655,0.5860744127681092
David Montgomery,CHI,RB,1.95,0.0,0.0,0.0,0.0,0.0,19.55,0.9,151.6,212.35,6.25,783.35,132.5,94.0,28.0,True,1.0556729140224121,1.0289892053207894,1.0711398544866613,1.0394602651604299,1.119229632132449,1.1856292783320657,0.014662123805866843,0.42562651531666307
David Njoku,CLE,TE,0.25,0.0,0.0,0.0,0.0,0.0,36.15,3.1,406.8,0.0,0.0,0.0,58.78,230.0,31.0,True,0.708707224219991,0.4564829093491019,0.4751818916734034,0.4611281085745666,0.7336495257114328,0.5259719923045949,0.017717680605499775,0.14225687924065356
Dawson Knox,BUF,TE,0.0,0.0,0.0,0.0,0.0,0.0,36.4,3.0,487.05,0.0,0.0,0.0,66.71,205.0,26.0,True,0.8043187976814494,0.5180669425430178,0.5392886014551334,0.5233388248215266,0.8326260609086369,0.5969307860945818,0.020107969942036234,0.23593934150995155
DeAndre Hopkins,ARI,WR,0.75,0.0,0.0,0.0,0.0,0.0,99.0,7.8,1185.75,0.75,0.0,3.25,164.2,56.0,7.0,True,1.477228460308706,1.2751700189711217,1.3274050121261114,1.2881462304856044,1.52354442124797,1.469285490582077,0.014772284603087065,0.8843821325529153
DeSean Jackson,PHI,WR,0.75,0.0,0.0,0.0,0.0,0.0,49.85,5.05,766.05,5.65,0.7,29.75,112.58,125.0,48.0,True,1.012828136793874,0.8742913564906752,0.9101050929668553,0.8831882011453676,1.04458362328926,1.0073822200348979,0.010128281367938745,0.3792266771985918
DeVante Parke,MIA,WR,0.75,0.0,0.0,0.0,0.0,0.0,69.0,6.2,1044.45,0.2,0.0,1.3,140.28,85.0,28.0,True,1.2620317199275597,1.0894083450747196,1.1340339531123687,1.100494233937397,1.3016005567153792,1.255245850297526,0.0126203171992756,0.600919804127783
Dede Westbrook,JAC,WR,0.5,0.0,0.0,0.0,0.0,0.0,54.7,2.9,591.7,3.8,0.1,28.8,79.05,178.0,74.0,True,0.7111748464519075,0.6138988428725163,0.6390460792239289,0.620145916686279,0.7334725121781489,0.7073509015256588,0.007111748464519077,0.15316574017512619
Deebo Samuel,SF,WR,0.75,0.0,0.0,0.0,0.0,0.0,53.5,3.55,739.25,14.35,1.5,173.65,120.09,108.0,38.0,True,1.080391996336617,0.932613688052631,0.9708164915117219,0.9421040244763474,1.1142658315935978,1.0745827927162097,0.010803919963366174,0.483837303347335
Denzel Mims,NYJ,WR,0.75,0.0,0.0,0.0,0.0,0.0,33.75,1.95,482.4,1.35,0.0,5.35,58.97,229.0,98.0,True,0.5305247399781023,0.4579584410397506,0.47671786580436537,0.46261865536989094,0.5471584319183483,0.5276721399489955,0.005305247399781025,0.010280322543208209
Derek Ca,LV,QB,4.05,493.1,341.3,10.7,23.0,3774.05,0.0,0.0,0.0,25.0,1.65,69.6,241.02,29.0,26.0,True,1.0736538956258919,1.8717507793691825,1.9484236054971706,1.8907978347846552,0.9538169298349757,2.1566820276497696,0.02684134739064729,0.17886101901791096
Derrick Henry,TEN,RB,2.7,0.0,0.0,0.0,0.0,0.0,19.75,1.0,171.6,298.75,11.55,1534.7,240.53,30.0,4.0,True,1.9163849510174398,1.8679454607985622,1.9444624090541633,1.886953793049345,2.0317607805042868,2.1522974363563154,0.026616457653020013,0.8871846398484434
Deshaun Watson,HOU,QB,2.4,523.05,347.65,14.45,24.95,4046.8,0.0,0.0,0.0,92.95,5.4,505.15,325.34,4.0,4.0,True,1.449267937942609,2.526576211766533,2.630072756669361,2.5522868125833527,1.287506430804543,2.9111896559438057,0.03623169844856522,0.8442651705063684
Devin Asiasi,NE,TE,0.75,0.0,0.0,0.0,0.0,0.0,36.1,2.7,361.95,0.0,0.0,0.0,50.9,245.0,37.0,True,0.6136984980060827,0.3952871739685146,0.4114793856103476,0.3993096414842708,0.6352970544183724,0.45546060578945013,0.015342462450152068,0.04356174210797592
Devin Singletary,BUF,RB,1.8,0.0,0.0,0.0,0.0,0.0,36.65,1.75,285.1,154.2,3.45,799.15,136.02,90.0,26.0,True,1.0837179604930451,1.056325371379123,1.0995957962813259,1.0670746057895977,1.1489631287747604,1.2171267504809629,0.015051638340181193,0.45502158375281754
Devine Ozigbo,JAC,RB,1.6,0.0,0.0,0.0,0.0,0.0,22.85,0.8,196.45,111.35,2.2,433.75,77.82,181.0,51.0,True,0.6200186125979177,0.6043467166646327,0.6291026677445432,0.6104965874323369,0.6573467922456392,0.6963446825645385,0.008611369619415528,0.1539832840722859
Diontae Johnson,PIT,WR,1.5,0.0,0.0,0.0,0.0,0.0,69.3,6.4,833.1,3.8,0.0,34.45,122.16,105.0,37.0,True,1.0990147911772932,0.948689217524435,0.9875505254648342,0.9583431395622499,1.1334725121781488,1.0931054538946803,0.010990147911772935,0.49464122331070115
Dontrelle Inman,WAS,WR,0.0,0.0,0.0,0.0,0.0,0.0,34.5,2.7,476.2,0.0,0.0,0.0,63.82,213.0,88.0,True,0.5741578583246141,0.4956233289326248,0.5159256265157639,0.5006668235663293,0.5921595917420551,0.5710706456086976,0.005741578583246142,0.06562061138545494
Drew Brees,NO,QB,0.85,527.4,376.2,10.0,30.3,4030.1,0.0,0.0,0.0,23.0,1.55,30.8,283.08,10.0,10.0,True,1.2610154542103453,2.1983868999412004,2.2884397736459174,2.2207578253706752,1.1202659385017215,2.533041027247103,0.03152538635525863,0.6419505469723579
Drew Lock,DEN,QB,3.5,534.25,341.45,13.9,22.9,3788.75,0.0,0.0,0.0,39.05,0.6,167.9,242.64,28.0,25.0,True,1.080870389323153,1.884331628521029,1.961519805982215,1.903506707460579,0.9602279472871897,2.17117802335466,0.027021759733078823,0.2057023664085582
Duke Johnson,HOU,RB,0.85,0.0,0.0,0.0,0.0,0.0,35.85,2.1,317.05,95.55,1.95,459.0,100.21,146.0,44.0,True,0.798407416710837,0.7782264774731796,0.8101050929668552,0.7861457597866164,0.8464754825357942,0.8966936602389155,0.011088991898761632,0.2204596935450136
Dwayne Haskins,WAS,QB,2.5,437.6,270.4,15.4,17.6,2975.7,0.0,0.0,0.0,27.35,0.4,118.15,183.24,49.0,31.0,True,0.8162656204235682,1.4230338262866526,1.4813257881972515,1.4375147093433749,0.7251573073726701,1.6396581808420205,0.020406640510589203,0.05886676548511438
Emmanuel Sanders,NO,WR,0.75,0.0,0.0,0.0,0.0,0.0,63.85,4.85,749.8,1.35,0.0,14.65,104.04,138.0,55.0,True,0.9359978624270268,0.8079700899741505,0.8410670978172999,0.8161920451871029,0.9653444676409186,0.9309650574918349,0.00935997862427027,0.31174648528484317
Eric Ebron,PIT,TE,0.0,0.0,0.0,0.0,0.0,0.0,46.8,4.55,517.0,0.0,0.0,0.0,79.0,179.0,22.0,True,0.9524986511292836,0.6135105450591877,0.6386418755052546,0.6197536675296148,0.9860209685471791,0.7069034942508166,0.023812466278232088,0.32042536901787144
Evan Engram,NYG,TE,0.75,0.0,0.0,0.0,0.0,0.0,68.55,5.0,804.75,0.0,0.0,0.0,108.98,129.0,6.0,True,1.3139658607603713,0.8463339139310162,0.8810024252223121,0.854946261865537,1.3602096854717922,0.975168896246253,0.03284914651900928,0.7599100551906656
Ezekiel Elliott,DAL,RB,3.3,0.0,0.0,0.0,0.0,0.0,66.0,2.8,530.2,287.0,9.3,1289.35,247.96,25.0,3.0,True,1.9755823076301682,1.9256465158591922,2.0045270816491514,1.9452420177296619,2.0945221100646196,2.2187821573978797,0.02743864316153013,0.9138010975014634
Frank Gore,NYJ,RB,0.75,0.0,0.0,0.0,0.0,0.0,12.15,0.15,98.65,112.0,1.95,354.05,56.37,235.0,68.0,True,0.4491191106674971,0.4377669547466634,0.4556992724333064,0.44222169922334664,0.4761582970815559,0.5044069616571966,0.006237765425937463,0.0241432616752002
Gardner Minshew,JAC,QB,6.75,555.6,343.55,11.5,22.5,3808.55,0.0,0.0,0.0,74.75,1.4,369.1,262.65,19.0,18.0,True,1.1700074503615487,2.0397284134151343,2.1232821341956343,2.060484819957637,1.039415885076576,2.3502304147465436,0.02925018625903871,0.4006011517434849
George Kittle,SF,TE,0.75,0.0,0.0,0.0,0.0,0.0,87.35,6.2,1135.5,0.0,0.0,0.0,149.25,72.0,2.0,True,1.7994990339372858,1.1590689727858703,1.2065481002425222,1.1708637326429747,1.8628307538691962,1.3355107154042325,0.04498747584843214,0.9068842141433993
Gerald Everett,LAR,TE,0.0,0.0,0.0,0.0,0.0,0.0,38.05,2.75,403.0,0.0,0.0,0.0,56.8,234.0,34.0,True,0.6848344732170039,0.44110631594128935,0.4591754244139046,0.44559504197065974,0.7089365951073389,0.5082546642208402,0.017120861830425098,0.09018594823350679
Giovani Bernard,CIN,RB,0.75,0.0,0.0,0.0,0.0,0.0,33.3,0.35,240.15,84.95,2.4,285.15,67.53,203.0,63.0,True,0.5380346557277998,0.5244350266816069,0.5459175424413905,0.5297717109908214,0.5704269966634287,0.6042682654019955,0.007472703551775003,0.05832758836281071
Golden Tate,NYG,WR,0.75,0.0,0.0,0.0,0.0,0.0,65.85,5.05,799.1,2.3,0.0,19.2,110.63,128.0,49.0,True,0.9952849242628025,0.8591477417708598,0.894341147938561,0.8678904840354593,1.0264903734632336,0.9899333363160485,0.009952849242628027,0.36927382795596375
Greg Olsen,SEA,TE,0.0,0.0,0.0,0.0,0.0,0.0,38.05,3.8,465.2,0.0,0.0,0.0,69.32,197.0,24.0,True,0.8357874240035688,0.5383360883987707,0.5603880355699272,0.5438142307994037,0.8652021967049425,0.6202854458413494,0.020894685600089218,0.27642957689165937
Greg Ward,PHI,WR,0.75,0.0,0.0,0.0,0.0,0.0,38.4,2.2,435.1,2.2,0.0,10.8,56.29,236.0,100.0,True,0.506414068396937,0.4371456782453376,0.45505254648342763,0.4415941005726838,0.52229181164463,0.5036911100174489,0.005064140683969372,2.220446049250313e-16
Hayden Hurst,ATL,TE,0.75,0.0,0.0,0.0,0.0,0.0,61.1,4.25,730.9,0.0,0.0,0.0,97.09,149.0,12.0,True,1.1706087852929385,0.7539966939214751,0.7848827809215845,0.7616694124107634,1.2118072890664005,0.8687754462887567,0.029265219632323463,0.5771538978595908
Henry Ruggs,LV,WR,1.0,0.0,0.0,0.0,0.0,0.0,55.8,4.8,778.3,3.6,0.1,24.6,107.69,131.0,51.0,True,0.9688351576774943,0.8363158303471382,0.8705739692805173,0.8448262336235977,0.9992113198793783,0.9636257885553219,0.009688351576774945,0.3498818307196945
Hunter Henry,LAC,TE,0.75,0.0,0.0,0.0,0.0,0.0,62.7,5.6,748.7,0.0,0.0,0.0,106.97,133.0,7.0,True,1.289731401408854,0.8307243418352064,0.8647534357316087,0.8391778457676315,1.3351223165252122,0.957183123797593,0.03224328503522135,0.7276667701554442
Hunter Renfrow,LV,WR,0.75,0.0,0.0,0.0,0.0,0.0,59.4,5.15,724.8,0.0,0.0,0.0,101.88,140.0,57.0,True,0.9165653808541473,0.7911956244383549,0.823605497170574,0.7992468816192045,0.9453027139874738,0.9116370632186479,0.009165653808541474,0.2932910257021557
Ian Thomas,CAR,TE,0.75,0.0,0.0,0.0,0.0,0.0,56.6,3.9,547.35,0.0,0.0,0.0,76.64,183.0,23.0,True,0.9240442610449151,0.5951828882700778,0.6195634599838319,0.6012395073350593,0.9565651522715926,0.6857858708782605,0.023101106526122878,0.2973242624917486
Irv Smith,MIN,TE,0.75,0.0,0.0,0.0,0.0,0.0,47.85,2.9,463.6,0.0,0.0,0.0,62.26,219.0,29.0,True,0.7506653926494834,0.48350843715677244,0.5033144704931285,0.48842864987840273,0.7770843734398402,0.5571115386336182,0.018766634816237086,0.17812026199741382
Ito Smith,ATL,RB,0.8,0.0,0.0,0.0,0.0,0.0,26.85,0.25,173.4,83.85,3.75,308.25,70.57,195.0,60.0,True,0.5622553776797102,0.5480435337319857,0.5704931285367825,0.5536204597160116,0.5961059255817881,0.6314706277124066,0.007809102467773758,0.08122373958297602
J.K. Dobbins,BAL,RB,2.4,0.0,0.0,0.0,0.0,0.0,14.9,0.85,129.1,163.6,4.65,787.25,119.84,110.0,34.0,True,0.9548063548411009,0.930672198985988,0.9687954729183509,0.9401427786930259,1.012290408413228,1.0723457563419982,0.013261199372793075,0.34395793243029393
Jace Sternberge,GB,TE,0.25,0.0,0.0,0.0,0.0,0.0,28.95,3.1,283.3,0.0,0.0,0.0,46.43,260.0,40.0,True,0.5598039540750966,0.36057334945693775,0.3753435731608731,0.3642425668784812,0.5795057413879181,0.4154623954185495,0.013995098851877417,0.0
Jack Doyle,IND,TE,0.75,0.0,0.0,0.0,0.0,0.0,53.85,4.5,551.2,0.0,0.0,0.0,80.62,175.0,20.0,True,0.9720309019499095,0.6260913942110343,0.6517380759902991,0.6324625402055386,1.0062406390414378,0.7213994899557068,0.024300772548747736,0.3682371842210762
Jakeem Grant,MIA,WR,0.75,0.0,0.0,0.0,0.0,0.0,38.75,2.25,437.05,3.8,1.4,13.95,65.5,208.0,85.0,True,0.5892720106590759,0.5086701354604657,0.5295068714632174,0.5138463952302502,0.607747622361401,0.5861035300433985,0.00589272010659076,0.08294970675845514
Jalen Hurts,PHI,QB,4.6,22.25,13.0,0.55,1.5,246.45,0.0,0.0,0.0,34.0,1.65,170.65,33.07,295.0,37.0,True,0.14731447319039184,0.2568201737355359,0.2673403395311237,0.25943359221777673,0.13087181922513752,0.2959151715806899,0.0036828618297597955,0.00707728664291607
Jalen Reago,PHI,WR,1.5,0.0,0.0,0.0,0.0,0.0,45.4,3.45,646.45,1.9,0.05,9.25,83.57,171.0,72.0,True,0.7518391134470072,0.6490009651974217,0.6755860953920776,0.655605240448733,0.7754117374159126,0.7477965191714017,0.007518391134470073,0.16747470403700804
Jalen Richard,LV,RB,2.55,0.0,0.0,0.0,0.0,0.0,33.9,0.4,304.55,82.45,1.8,352.85,73.84,188.0,55.0,True,0.5883085884635088,0.5734382107236762,0.596928051738076,0.5792735545618577,0.623727668201208,0.6607310634870923,0.008170952617548737,0.12067979138840901
Jamaal Williams,GB,RB,0.75,0.0,0.0,0.0,0.0,0.0,25.7,1.65,185.05,67.15,1.25,256.3,60.04,228.0,67.0,True,0.4783592585502311,0.46626801424498265,0.48536782538399353,0.47101278732250723,0.5071588461376019,0.5372466556306206,0.006643878590975436,0.03038102710113766
James Conne,PIT,RB,2.7,0.0,0.0,0.0,0.0,0.0,40.6,2.05,331.2,225.85,6.8,937.2,174.54,51.0,16.0,True,1.3906200031205418,1.355470006767476,1.4109943411479384,1.3692633560837844,1.4743421886218693,1.5618093150194623,0.019314166710007536,0.623410266142445
James Robinson,JAC,RB,1.6,0.0,0.0,0.0,0.0,0.0,20.25,0.75,182.1,99.8,1.85,400.95,70.7,193.0,58.0,True,0.5632911322368644,0.5490531080466401,0.5715440582053355,0.5546403075233388,0.5972040376736918,0.6326338866269966,0.007823487947734232,0.09684747739543142
James Washington,PIT,WR,0.75,0.0,0.0,0.0,0.0,0.0,36.15,2.45,550.2,0.0,0.0,0.0,68.22,201.0,82.0,True,0.6137425430101092,0.5297935365055415,0.5514955537590945,0.5351847493527889,0.6329853862212943,0.6104424857948191,0.006137425430101094,0.10084648249592232
James White,NE,RB,0.75,0.0,0.0,0.0,0.0,0.0,62.85,3.85,540.7,67.5,1.8,258.75,112.35,126.0,40.0,True,0.895130957663532,0.8725051865493637,0.9082457558609539,0.8813838550247116,0.9490222578874011,1.0053241465706233,0.012432374411993507,0.26670126559026375
Jamison Crowde,NYJ,WR,0.75,0.0,0.0,0.0,0.0,0.0,72.7,5.9,845.1,2.0,0.0,12.65,119.68,111.0,39.0,True,1.0767034234454687,0.9294296459833365,0.9675020210185934,0.9388875813917,1.110461609835305,1.070914053062503,0.01076703423445469,0.4730702691128803
Jared Cook,NO,TE,0.0,0.0,0.0,0.0,0.0,0.0,49.1,6.3,675.55,0.0,0.0,0.0,105.35,137.0,8.0,True,1.2701991505882282,0.8181434926833597,0.8516572352465642,0.8264689730917079,1.3149026460309534,0.9426871280927027,0.031754978764705705,0.6959117913907384
Jared Goff,LAR,QB,3.3,601.85,381.25,15.4,25.05,4443.9,0.0,0.0,0.0,38.75,1.05,80.2,270.28,15.0,14.0,True,1.203996244750502,2.098982659729079,2.184963621665319,2.1203420412646112,1.0696109857928686,2.418504764887477,0.030099906118762544,0.5184482756700592
Jarvis Landry,CLE,WR,0.75,0.0,0.0,0.0,0.0,0.0,72.75,5.25,994.8,1.35,0.65,25.35,135.92,91.0,31.0,True,1.2228068960119325,1.0555487757524655,1.0987873888439772,1.0662901074762687,1.261145905822315,1.216231935931278,0.01222806896011933,0.5637560827715757
Jerick McKinnon,SF,RB,1.6,0.0,0.0,0.0,0.0,0.0,22.1,0.8,206.5,108.35,3.5,476.95,90.94,159.0,46.0,True,0.7245501494430049,0.7062360628820573,0.7351657235246564,0.7134227661410528,0.7681716433669805,0.8137443514831552,0.01006319652004174,0.2001208380316678
Jerry Jeudy,DEN,WR,1.5,0.0,0.0,0.0,0.0,0.0,54.0,4.05,814.3,1.35,0.0,5.35,103.26,139.0,56.0,True,0.928980577414598,0.8019126440862243,0.8347615198059822,0.8100729583431396,0.958107167710508,0.9239855040042952,0.009289805774145983,0.3024566795106972
Jimmy Garoppolo,SF,QB,3.4,471.75,316.0,17.2,26.5,3806.0,0.0,0.0,0.0,45.1,1.15,85.0,249.64,24.0,22.0,True,1.112052769496505,1.9386933223870328,2.0181083265966047,1.9584215893935828,0.9879298745498436,2.23381504183258,0.02780131923741262,0.28749820422899897
Jimmy Graham,CHI,TE,0.25,0.0,0.0,0.0,0.0,0.0,43.3,2.15,456.75,0.0,0.0,0.0,58.08,231.0,32.0,True,0.7002673627542885,0.4510467399625015,0.4695230396119644,0.4556366203812662,0.7249126310534199,0.5197082904568028,0.01750668406885721,0.12475019517179631
Joe Burrow,CIN,QB,4.8,574.2,354.1,14.65,22.8,3938.25,0.0,0.0,0.0,34.6,1.4,195.0,252.38,22.0,21.0,True,1.1242584440215027,1.9599720425574403,2.0402586903799516,1.9799168431787872,0.9987732003640825,2.2583329604939375,0.02810646110053756,0.31529952346641155
Joe Mixon,CIN,RB,2.4,0.0,0.0,0.0,0.0,0.0,41.95,1.85,323.2,271.95,7.85,1148.95,200.62,40.0,9.0,True,1.598408301971142,1.558006146199674,1.6218270008084075,1.5738605161998902,1.6946403682899016,1.7951769495772003,0.022200115305154762,0.7686704164817764
John Brown,BUF,WR,0.75,0.0,0.0,0.0,0.0,0.0,54.0,5.7,833.7,2.85,0.05,9.6,117.33,117.0,42.0,True,1.0555616032157156,0.9111796487568923,0.9485044462409054,0.9204518710284773,1.0886569241475295,1.0498859111449153,0.01055561603215716,0.4410795463235275
John Ross,CIN,WR,0.75,0.0,0.0,0.0,0.0,0.0,30.8,4.8,448.75,4.15,0.0,11.3,73.3,189.0,78.0,True,0.6594448607833627,0.5692445943397273,0.5925626515763944,0.5750372636698831,0.6801206216655068,0.6558990649187956,0.006594448607833629,0.1257947300189557
John Wolford,LAR,QB,0.1,19.0,12.0,0.6,1.35,234.3,0.0,0.0,0.0,1.0,0.2,29.2,18.09,361.5,40.0,True,0.08058417961941906,0.1404861488622874,0.14624090541632984,0.1419157448811485,0.07158969488305829,0.16187195203794014,0.002014604490485476,0.0
Jonathan Taylo,IND,RB,2.5,0.0,0.0,0.0,0.0,0.0,21.15,1.05,204.2,201.65,6.35,877.4,147.56,77.0,23.0,True,1.1756610957973368,1.1459445066953637,1.1928860145513338,1.1576057111477212,1.2464416944714278,1.3203883495145632,0.016328626330518577,0.5008924530452401
Jonnu Smith,TEN,TE,0.75,0.0,0.0,0.0,0.0,0.0,48.6,5.35,584.2,0.0,0.0,0.0,89.02,162.0,15.0,True,1.0733092395383395,0.691325426850239,0.7196443007275667,0.6983603985251432,1.1110833749375935,0.7965639121292112,0.026832730988458488,0.49384643672063155
Jordan Howard,MIA,RB,1.6,0.0,0.0,0.0,0.0,0.0,17.9,0.75,130.75,177.3,6.25,687.3,120.6,107.0,33.0,True,0.9608615353290784,0.9365743257485827,0.9749393694421988,0.9461049658743234,1.0187101406428178,1.079146346919601,0.013345299101792763,0.35721913180308706
Josh Allen,BUF,QB,3.45,533.2,310.2,15.1,22.15,3544.5,0.0,0.0,0.0,110.7,7.4,661.35,318.92,5.0,5.0,True,1.4206692406979065,2.476718772535141,2.5781729991915925,2.501922020867655,1.2620998060865092,2.853742561854056,0.03551673101744766,0.8087484394889208
Josh Gordon,SEA,WR,0.0,0.0,0.0,0.0,0.0,0.0,34.0,3.0,602.0,1.0,0.0,1.0,78.3,180.0,75.0,True,0.7044274570168799,0.6080743756725873,0.6329830234438156,0.6142621793363144,0.7265135699373695,0.7006397924030244,0.007044274570168802,0.14612146560495742
Josh Jacobs,LV,RB,2.55,0.0,0.0,0.0,0.0,0.0,33.2,0.4,269.65,274.45,9.65,1265.8,208.75,38.0,8.0,True,1.6631827985070076,1.621143370646904,1.6875505254648342,1.6376402290735075,1.7633146091143304,1.8679253724665563,0.02309976109037512,0.7908705317869311
Josh Reynolds,LAR,WR,0.0,0.0,0.0,0.0,0.0,0.0,34.7,2.9,482.7,4.35,0.05,24.4,68.41,200.0,81.0,True,0.6154518816669828,0.5312690681961902,0.5530315278900565,0.5366752961481133,0.634748318255625,0.6121426334392197,0.00615451881666983,0.10698390792602341
Joshua Kelley,LAC,RB,1.55,0.0,0.0,0.0,0.0,0.0,5.65,0.1,49.8,126.8,4.25,492.35,77.22,182.0,52.0,True,0.6152382069495144,0.5996871429046895,0.6242522231204527,0.6057895975523653,0.6522785825906998,0.690975795266431,0.008544975096521037,0.14543830897576482
JuJu Smith-Schuste,PIT,WR,0.75,0.0,0.0,0.0,0.0,0.0,86.3,6.05,1127.2,0.65,0.0,5.35,148.06,75.0,20.0,True,1.3320246396669126,1.1498274848286498,1.196928051738076,1.1615282027143643,1.3737879842263976,1.3248624222629861,0.013320246396669129,0.7041395684009857
Julian Edelman,NE,WR,0.75,0.0,0.0,0.0,0.0,0.0,82.25,5.0,947.4,11.3,0.05,71.95,130.74,96.0,34.0,True,1.1762049263140089,1.0153211222916227,1.056911883589329,1.0256530948458462,1.2130828114126653,1.1698805422576173,0.011762049263140091,0.5282288282663438
Julio Jones,ATL,WR,0.75,0.0,0.0,0.0,0.0,0.0,108.15,6.4,1505.75,1.4,0.0,3.05,187.78,46.0,3.0,True,1.6893663841459734,1.4582912677368893,1.5180274858528697,1.4731309327684945,1.7423335652980747,1.6802827613977005,0.01689366384145974,0.9461054518006983
Justin Herbert,LAC,QB,0.2,50.15,30.0,2.45,2.8,535.5,0.0,0.0,0.0,6.35,0.3,58.8,37.45,282.0,36.0,True,0.16682573392743197,0.2908350621831213,0.3027485852869847,0.2937946183415706,0.14820531085519809,0.33510804885687445,0.004170643348185798,0.010760148472675812
Justin Jackson,LAC,RB,0.8,0.0,0.0,0.0,0.0,0.0,13.4,0.1,95.2,75.45,1.7,358.1,54.53,241.0,71.0,True,0.4344592000123934,0.42347759521617095,0.4408245755860954,0.42778693025809994,0.46061578747307513,0.48794237394300033,0.00603415555572769,0.005880341577688686
Justin Jefferson,MIN,WR,0.75,0.0,0.0,0.0,0.0,0.0,48.45,4.0,731.15,1.7,0.05,10.45,96.96,150.0,61.0,True,0.8723025061603663,0.7529871196068206,0.7838318512530315,0.760649564603436,0.8996520528879609,0.8676121873741667,0.008723025061603665,0.2573256407096093
K.J. Hamle,DEN,WR,1.0,0.0,0.0,0.0,0.0,0.0,33.0,2.0,517.0,2.0,0.0,8.0,62.5,218.0,91.0,True,0.5622824529189655,0.48537226666074973,0.5052546483427648,0.4903114458303915,0.5799118533982834,0.5592590935528612,0.005622824529189657,0.04861719000918552
Kareem Hunt,CLE,RB,1.5,0.0,0.0,0.0,0.0,0.0,40.3,2.65,378.2,119.05,5.1,518.15,133.14,93.0,27.0,True,1.0607720133807088,1.0339594173313955,1.076313662085691,1.044481054365733,1.124635722431051,1.191356091450047,0.014732944630287632,0.4402886391225299
Keelan Cole,JAC,WR,0.75,0.0,0.0,0.0,0.0,0.0,32.6,2.5,471.3,0.85,0.0,3.95,61.03,224.0,96.0,True,0.5490575696263115,0.4739563109488889,0.49337105901374295,0.47877932062446066,0.5662723266063558,0.5461053196724979,0.005490575696263116,0.02101586896029939
Keenan Allen,LAC,WR,0.75,0.0,0.0,0.0,0.0,0.0,88.25,6.05,1098.95,6.45,0.05,45.55,149.55,71.0,17.0,True,1.3454294533445008,1.1613987596658422,1.2089733225545676,1.1732172275829609,1.3876130828114126,1.3381951590532863,0.01345429453344501,0.7442010686065561
Kendrick Bourne,SF,WR,0.0,0.0,0.0,0.0,0.0,0.0,32.2,3.55,395.7,0.4,0.05,2.8,61.45,222.0,94.0,True,0.5528361077099269,0.47721801258084917,0.4967663702506063,0.4820742135404409,0.5701693342611923,0.5498635407811732,0.00552836107709927,0.03201681269516832
Kenny Golladay,DET,WR,0.75,0.0,0.0,0.0,0.0,0.0,71.25,8.45,1202.75,0.65,0.0,3.35,169.81,53.0,5.0,True,1.5276989332827124,1.3187370336265907,1.3727566693613582,1.3321565858633404,1.575597309209,1.5194845868193818,0.01527698933282713,0.9140310613823511
Kenny Stills,HOU,WR,0.0,0.0,0.0,0.0,0.0,0.0,32.25,3.55,474.9,0.0,0.0,0.0,68.79,199.0,80.0,True,0.6188705589807303,0.5342201315774876,0.5561034761519806,0.5396563897387621,0.6382741823242868,0.6155429287280212,0.006188705589807304,0.11313842674269325
Kenyan Drake,ARI,RB,1.85,0.0,0.0,0.0,0.0,0.0,57.35,2.6,434.35,187.6,7.7,838.55,185.39,48.0,14.0,True,1.4770656719291695,1.4397306322597823,1.4987065481002424,1.4543814230799403,1.5659923132153566,1.658896693660239,0.020514800999016255,0.6623915971091824
Kerryon Johnson,DET,RB,1.9,0.0,0.0,0.0,0.0,0.0,28.05,1.0,233.3,138.6,4.65,612.85,114.72,121.0,39.0,True,0.9140135599747253,0.8909105029011394,0.9274050121261115,0.8999764650506001,0.9690416860244119,1.0265312513981477,0.012694632777426749,0.27913364000225727
Kirk Cousins,MIN,QB,4.65,477.95,324.45,10.6,25.45,3728.75,0.0,0.0,0.0,38.7,1.0,92.2,246.27,26.0,23.0,True,1.0970406807559057,1.9125220497686855,1.990864995957963,1.931983996234408,0.9745933752819661,2.20365979150821,0.027426017018897637,0.2600721872101013
Kyle Rudolph,MIN,TE,0.0,0.0,0.0,0.0,0.0,0.0,41.8,4.05,433.25,0.0,0.0,0.0,67.62,202.0,25.0,True,0.8152906175868627,0.5251339627455984,0.5466451091350041,0.5304777594728172,0.8439840239640539,0.6050735984967116,0.02038226543967157,0.2560473114519878
Kyler Murray,ARI,QB,1.95,562.15,364.85,13.9,24.8,3901.85,0.0,0.0,0.0,86.25,3.1,515.4,307.61,7.0,7.0,True,1.3702874235892482,2.3888858071602117,2.486742118027486,2.4131952616301877,1.2173414064664214,2.7525390362847304,0.0342571855897312,0.7395692154179052
LV  Henry Ruggs,LV,WR,2.0,0.0,0.0,0.0,0.0,0.0,50.0,5.0,874.0,2.0,0.0,11.0,114.5,122.0,45.0,True,1.0301014537475448,0.8892019925224935,0.9256265157639451,0.8982505687612772,1.0623985154256552,1.0245626593888417,0.01030101453747545,0.40976806073730077
Lamar Jackson,BAL,QB,2.7,468.75,301.25,13.05,31.85,3507.5,0.0,0.0,0.0,153.9,4.9,958.45,374.5,1.0,1.0,True,1.6682573392743194,2.9083506218312123,3.0274858528698463,2.937946183415706,1.4820531085519808,3.351080488568744,0.04170643348185798,0.958293566518142
Larry Fitzgerald,ARI,WR,0.75,0.0,0.0,0.0,0.0,0.0,50.9,3.7,553.4,0.0,0.0,0.0,76.04,185.0,77.0,True,0.6840953235193302,0.5905233145101346,0.6147130153597413,0.5965325174550875,0.7055439573184876,0.6804169835801531,0.006840953235193304,0.13238917862678934
Latavius Murray,NO,RB,1.5,0.0,0.0,0.0,0.0,0.0,23.7,0.25,162.1,144.35,5.3,597.5,106.26,135.0,42.0,True,0.8466098403322379,0.8252105128859403,0.859013742926435,0.8336079077429984,0.8975799298897664,0.9508299404948325,0.01175847000461442,0.24264210364406325
Laviska Shenault,JAC,WR,1.5,0.0,0.0,0.0,0.0,0.0,42.75,2.6,623.75,18.3,0.3,122.2,88.99,163.0,69.0,True,0.8006002477641398,0.6910924481622419,0.7194017784963621,0.6981250490311446,0.8257016933426118,0.7962954677643058,0.0080060024776414,0.1905255856509116
Le'Veon Bell,NYJ,RB,2.45,0.0,0.0,0.0,0.0,0.0,60.8,1.3,457.15,218.65,4.95,798.55,158.17,62.0,20.0,True,1.260194602346603,1.2283413026836925,1.2786580436540016,1.2408409821918882,1.3360645352029394,1.4153281732360967,0.017502702810369496,0.5505367443888328
Leonard Fournette,TB,RB,1.5,0.0,0.0,0.0,0.0,0.0,25.05,0.25,203.9,180.65,7.4,633.85,126.68,101.0,30.0,True,1.0093029792328994,0.9837913398493405,1.024090541632983,0.9938024633247039,1.0700679984795372,1.1335510715404233,0.014018096933790277,0.3975029019939381
Logan Thomas,WAS,TE,0.5,0.0,0.0,0.0,0.0,0.0,37.35,2.15,370.65,0.0,0.0,0.0,48.96,255.0,39.0,True,0.5903080248011358,0.38022121881136495,0.3957962813257882,0.3840903742056955,0.6110833749375936,0.43810120352556936,0.014757700620028394,0.013995098851877441
Malcolm Brown,LAR,RB,0.5,0.0,0.0,0.0,0.0,0.0,9.9,1.1,83.2,98.7,3.1,381.0,70.62,194.0,59.0,True,0.5626537448170773,0.5484318315453144,0.5708973322554568,0.554012708872676,0.5965282763863665,0.631918034987249,0.007814635344681634,0.0890328420507498
Mark Andrews,BAL,TE,0.75,0.0,0.0,0.0,0.0,0.0,58.1,8.3,809.75,0.0,0.0,0.0,129.28,98.0,4.0,True,1.5587218432657441,1.0039828261424277,1.045109135004042,1.0141994194712483,1.6135796305541688,1.1568162498322223,0.0389680460816436,0.8289420935076366
Mark Ingram,BAL,RB,1.8,0.0,0.0,0.0,0.0,0.0,23.2,2.5,203.35,169.35,6.05,853.9,153.43,70.0,21.0,True,1.2224293977242164,1.1915306699801413,1.2403395311236864,1.2036557621401114,1.2960256789289184,1.372913963581048,0.016978186079503018,0.5335585583093299
Marlon Mack,IND,RB,1.6,0.0,0.0,0.0,0.0,0.0,14.35,0.25,90.25,185.7,6.4,817.4,127.47,100.0,29.0,True,1.015597180003297,0.9899264452999323,1.0304769603880355,1.0,1.076741141191874,1.1406201064829316,0.01410551638893469,0.4115209989277284
Marquise Brown,BAL,WR,0.75,0.0,0.0,0.0,0.0,0.0,62.85,6.7,863.9,12.65,0.65,120.0,140.99,84.0,27.0,True,1.2684192485927193,1.0949221740239858,1.1397736459175425,1.1060641719620303,1.3081883553699838,1.2615990336002865,0.012684192485927196,0.6135401213270586
Marvin Jones,DET,WR,0.75,0.0,0.0,0.0,0.0,0.0,64.0,7.2,857.3,1.4,0.0,0.45,127.48,99.0,35.0,True,1.1468762735697555,0.990004104862598,1.0305578011317704,1.0000784498313329,1.1828346091394109,1.1407095879379,0.011468762735697559,0.5167600655306461
Matt Breida,MIA,RB,1.75,0.0,0.0,0.0,0.0,0.0,36.8,1.75,276.6,145.6,3.0,628.05,115.46,120.0,38.0,True,0.9199093936077561,0.8966573105384026,0.9333872271624898,0.905781752569232,0.9752924779321703,1.0331528790658135,0.012776519355663287,0.29182827277968404
Matt Ryan,ATL,QB,4.1,637.55,426.35,15.25,28.05,4747.2,0.0,0.0,0.0,34.55,1.7,130.75,301.91,8.0,8.0,True,1.3448960568766617,2.3446198564407514,2.440662894098626,2.368478857770456,1.1947841228382605,2.7015346069527095,0.03362240142191654,0.7059468139959886
Matthew Stafford,DET,QB,4.05,566.95,360.75,14.0,25.65,4213.65,0.0,0.0,0.0,29.75,0.35,94.35,260.58,20.0,19.0,True,1.1607863750817147,2.0236528839433308,2.106548100242522,2.0442457048717344,1.0312240294431911,2.331707753568073,0.029019659377042862,0.371581492366442
Mecole Hardman,KC,WR,1.5,0.0,0.0,0.0,0.0,0.0,35.9,5.85,603.15,6.05,0.1,25.65,95.58,152.0,63.0,True,0.8598873095999156,0.7422700999589513,0.7726758286176233,0.749823487879501,0.8868475991649268,0.8552637465885196,0.008598873095999158,0.24009910565602155
Melvin Gordon,DEN,RB,1.7,0.0,0.0,0.0,0.0,0.0,45.15,1.8,369.3,182.95,7.5,736.55,162.98,57.0,19.0,True,1.2985175209613034,1.265695552325904,1.3175424413904606,1.2785753510629951,1.3766946826033701,1.458368753075925,0.018034965568907,0.5680394471992023
Michael Gallup,DAL,WR,0.75,0.0,0.0,0.0,0.0,0.0,62.4,6.05,1044.5,0.0,0.0,0.0,139.25,87.0,29.0,True,1.252765305103455,1.0814094101201503,1.1257073565076798,1.0924139013101122,1.2920436093713754,1.2460292604357748,0.012527653051034555,0.5883921510767485
Michael Pittman,IND,WR,0.75,0.0,0.0,0.0,0.0,0.0,46.5,3.95,670.5,2.0,0.0,8.65,90.12,161.0,68.0,True,0.8107663145129148,0.6998679787434683,0.7285367825383994,0.7069898799717581,0.8361864996520529,0.8064068721757417,0.00810766314512915,0.19853158812855298
Michael Thomas,NO,WR,0.75,0.0,0.0,0.0,0.0,0.0,132.85,9.05,1576.1,0.15,0.0,-1.05,210.31,36.0,1.0,True,1.8920579627742022,1.6332582624227565,1.7001616814874696,1.6498784027614342,1.9513801902110879,1.8818844794416358,0.01892057962774203,0.9810794203722579
Mike Davis,CAR,RB,0.75,0.0,0.0,0.0,0.0,0.0,17.45,0.05,106.6,72.6,2.7,297.7,55.43,237.0,69.0,True,0.4416298084849985,0.43046695585608574,0.4481002425222312,0.4348474150780576,0.4682181019554842,0.49599570489016154,0.006133747340069427,0.01800951433513076
Mike Evans,TB,WR,0.75,0.0,0.0,0.0,0.0,0.0,69.95,7.2,1183.45,0.25,0.0,1.55,160.2,60.0,9.0,True,1.4412423833218924,1.2441061939048337,1.2950687146321744,1.2567662979524594,1.48643006263048,1.4334929085946937,0.014412423833218927,0.8555114026383193
Mike Gesicki,MIA,TE,1.5,0.0,0.0,0.0,0.0,0.0,57.75,4.15,639.1,0.0,0.0,0.0,85.81,167.0,17.0,True,1.034606446245618,0.666396707234543,0.6936944219886823,0.6731780026672943,1.0710184722915626,0.7678403650843363,0.025865161156140452,0.44202568732121816
Mike Williams,LAC,WR,0.0,0.0,0.0,0.0,0.0,0.0,42.15,4.7,724.4,4.2,0.75,18.5,106.99,132.0,52.0,True,0.9625375942048019,0.8308796609605378,0.8649151172190783,0.8393347454302973,0.9927163071213174,0.9573620867075299,0.009625375942048021,0.34025645477764643
Miles Boykin,BAL,WR,0.0,0.0,0.0,0.0,0.0,0.0,28.8,4.1,395.75,0.0,0.0,0.0,64.18,212.0,87.0,True,0.5773966052534274,0.49841907318859074,0.5188358932902183,0.5034910174943125,0.5954998840176293,0.5742919779875622,0.005773966052534275,0.07136218996870103
Miles Sanders,PHI,RB,2.55,0.0,0.0,0.0,0.0,0.0,54.9,2.7,528.1,220.9,5.0,993.0,193.21,42.0,11.0,True,1.5393702922133603,1.5004604102643755,1.5619240097008893,1.515729191182239,1.6320479790514002,1.728871191445573,0.021380142947407792,0.7251012239830295
Mitchell Trubisky,CHI,QB,0.85,436.9,282.45,10.6,17.2,2782.65,0.0,0.0,0.0,32.15,1.3,146.25,190.23,44.0,30.0,True,0.8474034543395295,1.4773178605899906,1.5378334680679062,1.4923511414450459,0.7528196604535201,1.7022057178649725,0.02118508635848823,0.07927340599570354
N'Keal Harry,NE,WR,0.75,0.0,0.0,0.0,0.0,0.0,46.3,5.25,576.6,8.45,0.05,61.4,94.1,155.0,65.0,True,0.8465724611147945,0.7307764846844248,0.7607113985448666,0.7382129128422373,0.8731152864764555,0.8420204912531878,0.008465724611147946,0.22304710307581987
Nelson Agholo,LV,WR,0.75,0.0,0.0,0.0,0.0,0.0,39.2,2.2,440.6,2.2,0.0,22.15,57.98,232.0,99.0,True,0.5216181859238659,0.4502701443358443,0.46871463217461595,0.4548521220679375,0.5379726281605195,0.5188134759071182,0.0052161818592386605,0.005064140683969542
Nick Boyle,BAL,TE,0.0,0.0,0.0,0.0,0.0,0.0,31.4,2.85,320.3,0.0,0.0,0.0,49.13,254.0,38.0,True,0.5923577054428064,0.38154143137668217,0.3971705739692805,0.38542402133835413,0.6132051922116825,0.43962238826003314,0.014808942636070159,0.028752799471905788
Nick Chubb,CLE,RB,2.55,0.0,0.0,0.0,0.0,0.0,20.45,1.05,161.75,268.5,8.95,1294.5,200.52,41.0,10.0,True,1.597611567696408,1.5572295505730167,1.621018593371059,1.5730760178865617,1.693795666680745,1.7942821350275158,0.022189049551339015,0.7464813669304373
Nick Foles,CHI,QB,0.95,114.35,73.5,3.65,5.95,991.95,0.0,0.0,0.0,5.65,0.1,16.75,60.2,226.5,34.0,True,0.2681684694908252,0.4675105672476342,0.486661277283751,0.47226798462383307,0.23823657445882307,0.538678358910116,0.006704211737270629,0.020418890731371597
Noah Fant,DEN,TE,0.75,0.0,0.0,0.0,0.0,0.0,51.8,4.75,714.2,0.0,0.0,0.0,98.42,147.0,10.0,True,1.1866445220777733,0.7643254157560159,0.7956345998383185,0.7721032399780341,1.228407388916625,0.8806764797995615,0.02966611305194433,0.6357476360852305
Nyheim Hines,IND,RB,0.75,0.0,0.0,0.0,0.0,0.0,45.95,1.2,340.6,54.8,1.75,213.05,71.57,192.0,57.0,True,0.5702227204270492,0.5558094899985577,0.5785772029102667,0.5614654428492978,0.6045529416733538,0.6404187732092523,0.007919760005931243,0.10467096534316567
O.J. Howard,TB,TE,0.75,0.0,0.0,0.0,0.0,0.0,34.2,2.85,486.85,0.0,0.0,0.0,64.28,211.0,28.0,True,0.7750204214505108,0.4991956688152479,0.5196443007275667,0.5042755158076411,0.8022965551672491,0.5751867925372467,0.01937551053626277,0.1968868968136509
Odell Beckham,CLE,WR,0.75,0.0,0.0,0.0,0.0,0.0,75.35,6.2,1114.25,3.85,0.0,16.1,148.74,73.0,18.0,True,1.338142272754671,1.1551083350899187,1.2024252223120453,1.166862791244999,1.380097425191371,1.3309471612008412,0.013381422727546713,0.7308196458790095
Parris Campbell,IND,WR,0.75,0.0,0.0,0.0,0.0,0.0,37.65,2.9,432.05,5.35,0.05,41.2,63.53,214.0,89.0,True,0.5715488677430701,0.4933712016153189,0.5135812449474535,0.49839177845767635,0.5894688007422871,0.5684756834146124,0.005715488677430702,0.05990512270802428
Patrick Mahomes,KC,QB,1.6,566.15,368.7,10.45,34.25,4561.5,0.0,0.0,0.0,59.8,3.4,338.0,360.01,2.0,2.0,True,1.6037098123154812,2.795821915528584,2.91034761519806,2.8242723778143874,1.4247101191182872,3.221421860319449,0.04009274530788702,0.918200821210255
Philip Rivers,IND,QB,2.35,531.85,329.9,12.75,25.1,3748.1,0.0,0.0,0.0,17.2,0.1,32.05,236.68,31.0,27.0,True,1.0543208199184138,1.83804652917226,1.913338722716249,1.8567506079861928,0.9366417349321303,2.117847076193459,0.02635802049796034,0.15250299851995064
Phillip Lindsay,DEN,RB,1.5,0.0,0.0,0.0,0.0,0.0,38.3,0.9,256.55,150.55,4.65,668.75,122.83,103.0,31.0,True,0.9786287096556443,0.9538924082230382,0.9929668552950687,0.9635992782615518,1.0375469865270093,1.099100711377567,0.013592065411883956,0.38391083658205416
Phillip Walke,CAR,QB,0.2,18.0,12.0,1.4,1.6,332.5,0.0,0.0,0.0,1.0,0.4,61.2,26.42,318.0,38.0,True,0.11769121202570768,0.20517656456283215,0.21358124494745354,0.2072644543814231,0.10455498832561637,0.2364100040266655,0.002942280300642691,0.004135006342273373
Preston Williams,MIA,WR,1.5,0.0,0.0,0.0,0.0,0.0,61.8,6.1,851.45,0.85,0.0,3.3,119.08,113.0,41.0,True,1.0713055118974466,0.9247700722233932,0.9626515763945028,0.9341805915117283,1.1048944560426814,1.0655451657643953,0.010713055118974468,0.4516351623556847
Raheem Mostert,SF,RB,2.1,0.0,0.0,0.0,0.0,0.0,16.3,1.0,141.4,159.0,7.6,861.05,147.64,76.0,22.0,True,1.1762984832171237,1.1465657831966893,1.1935327405012124,1.158233309798384,1.247117455758753,1.3211042011543106,0.016337478933571174,0.5172210793757586
Randall Cobb,HOU,WR,0.75,0.0,0.0,0.0,0.0,0.0,48.65,2.95,621.6,2.65,0.05,13.4,80.0,176.0,73.0,True,0.7197215397362758,0.6212765013257596,0.6467259498787389,0.6275986506629011,0.7422871723498028,0.7158516397476623,0.007197215397362761,0.1602774886396453
Rex Burkhead,NE,RB,0.75,0.0,0.0,0.0,0.0,0.0,20.55,0.35,188.1,58.55,1.9,223.35,53.14,242.0,72.0,True,0.42338459359359226,0.4126829160056359,0.4295877122069523,0.416882403702832,0.4488744351057989,0.4755044517023847,0.005880341577688785,0.0
Rob Gronkowski,TB,TE,0.75,0.0,0.0,0.0,0.0,0.0,48.05,3.8,760.0,0.0,0.0,0.0,97.3,148.0,11.0,True,1.1731407437326493,0.7556275447374552,0.7865804365400161,0.7633168588687534,1.2144283574638042,0.8706545568430942,0.02932851859331623,0.6064191174919142
Robby Anderson,CAR,WR,0.75,0.0,0.0,0.0,0.0,0.0,51.4,4.6,743.6,1.5,0.0,-0.09999999999999998,100.45,144.0,60.0,True,0.9037003583313614,0.780090306977157,0.8120452708164915,0.7880285557386052,0.9320343307817212,0.8988412151581585,0.009037003583313616,0.266048665771213
Robert Woods,LAR,WR,0.75,0.0,0.0,0.0,0.0,0.0,89.8,4.55,1132.8,16.95,0.9,100.5,154.53,67.0,14.0,True,1.3902321191930838,1.2000732218733705,1.249232012934519,1.2122852435867264,1.4338204592901878,1.3827569236275783,0.013902321191930841,0.7853466493813543
Ronald Jones,TB,RB,1.75,0.0,0.0,0.0,0.0,0.0,25.7,0.4,224.55,154.5,5.4,651.1,118.86,114.0,35.0,True,0.9469983589487087,0.9230615618447474,0.9608730800323363,0.9324546952224053,1.0040123326434935,1.0635765737550893,0.01315275498539874,0.33080517744489524
Russell Gage,ATL,WR,0.0,0.0,0.0,0.0,0.0,0.0,38.5,2.6,445.3,3.3,0.1,22.4,62.97,216.0,90.0,True,0.5665108169649161,0.48902226610603855,0.5090541632983023,0.493998587903036,0.5842727905358385,0.5634647219363786,0.005665108169649163,0.054240014538375125
Russell Wilson,SEA,QB,1.8,489.6,325.0,8.7,29.3,3961.05,0.0,0.0,0.0,72.05,2.2,370.35,313.58,6.0,6.0,True,1.396881539251378,2.4352485660716465,2.5350040420371864,2.4600298109359064,1.2409671930032846,2.805959464900899,0.034922038481284445,0.7738264010076363
Ryan Fitzpatrick,MIA,QB,0.85,256.85,160.95,8.3,10.3,1735.9,0.0,0.0,0.0,25.5,1.6,120.3,122.27,104.0,33.0,True,0.5446670891136743,0.9495434727137579,0.9884397736459175,0.9592060877069114,0.48387352091495506,1.0940897498993334,0.013616677227841855,0.027123102468642246
Ryan Tannehill,TEN,QB,3.4,429.55,283.4,11.25,24.3,3562.4,0.0,0.0,0.0,61.2,2.75,257.95,263.94,17.0,16.0,True,1.1757539175649236,2.0497464969990125,2.1337105901374294,2.0706048481995762,1.044520954529265,2.361773522437475,0.029393847939123082,0.45922291281295147
Ryquell Armstead,JAC,RB,1.0,0.0,0.0,0.0,0.0,0.0,12.45,1.55,121.55,93.2,1.85,323.75,62.93,217.0,66.0,True,0.5013848790900407,0.4887116278553757,0.5087308003233629,0.49368478857770454,0.5315707226422266,0.5631067961165048,0.006963678876250569,0.03702490569211314
Sam Darnold,NYJ,QB,2.6,517.0,326.5,18.8,22.45,3628.1,0.0,0.0,0.0,42.95,1.8,124.75,234.2,32.0,28.0,True,1.043273348085569,1.8187869576311613,1.893290218270008,1.8372950498156428,0.92682733784479,2.0956556753612814,0.02608183370213922,0.1264211648178114
Sammy Watkins,KC,WR,0.75,0.0,0.0,0.0,0.0,0.0,60.25,4.25,809.8,3.45,0.0,28.75,107.86,130.0,50.0,True,0.9703645659494339,0.8376360429124555,0.8719482619240096,0.8461598807562564,1.0007886801206216,0.9651469732897857,0.009703645659494341,0.3595701822964694
Saquon Barkley,NYG,RB,2.25,0.0,0.0,0.0,0.0,0.0,72.65,2.85,583.7,270.65,9.5,1237.55,251.73,23.0,2.0,True,2.005619189787636,1.9549241709841685,2.0350040420371864,1.974817604142151,2.126367360729822,2.252516665920988,0.02785582208038385,0.9412397406629935
Sony Michel,NE,RB,1.7,0.0,0.0,0.0,0.0,0.0,9.6,0.15,69.5,165.6,4.85,667.0,100.25,145.0,43.0,True,0.7987261104207306,0.7785371157238425,0.8104284559417947,0.7864595591119479,0.8468133631794568,0.8970515860587893,0.011093418200287931,0.23154868544377527
Stefon Diggs,BUF,WR,0.75,0.0,0.0,0.0,0.0,0.0,68.65,6.55,990.8,9.3,0.05,79.0,145.08,80.0,23.0,True,1.3052150123117363,1.1266849351542652,1.172837510105093,1.1381501529771711,1.3461377870563676,1.2981969486823857,0.013052150123117367,0.664943533346948
Sterling Shepard,NYG,WR,0.75,0.0,0.0,0.0,0.0,0.0,72.75,4.35,846.6,4.65,0.0,43.25,113.58,123.0,46.0,True,1.0218246560405777,0.8820573127572473,0.9181891673403395,0.8910331842786537,1.0538622129436326,1.0163303655317435,0.01021824656040578,0.39954981417689495
Steven Sims,WAS,WR,0.75,0.0,0.0,0.0,0.0,0.0,50.95,5.2,535.6,10.0,0.75,81.45,95.9,151.0,62.0,True,0.8627661957588607,0.7447552059642545,0.7752627324171383,0.7523338824821527,0.8898167478543262,0.8581271531475103,0.008627661957588609,0.2486979787520207
T.J. Hockenson,DET,TE,0.75,0.0,0.0,0.0,0.0,0.0,53.7,3.2,619.15,0.0,0.0,0.0,79.62,177.0,21.0,True,0.9599739569989059,0.6183254379444624,0.6436540016168149,0.6246175570722523,0.9937593609585622,0.7124513444588609,0.023999348924972647,0.3442378352961035
T.Y. Hilton,IND,WR,0.75,0.0,0.0,0.0,0.0,0.0,71.2,6.4,1073.75,0.0,0.0,0.0,144.28,82.0,25.0,True,1.2980177969143736,1.1204721701410076,1.1663702506063056,1.131874166470542,1.3387149153328692,1.291038432284909,0.012980177969143738,0.6389759801932632
Tarik Cohen,CHI,RB,1.7,0.0,0.0,0.0,0.0,0.0,71.05,3.35,540.35,97.9,2.0,352.4,117.98,116.0,37.0,True,0.9399870973310503,0.9162275203301641,0.9537590945836701,0.9255511100651134,0.9965789584829159,1.055702205717865,0.013055376351820152,0.3046047921353473
Taysom Hill,NO,QB,0.06666666666666668,11.25,6.25,0.05,0.7,66.5,21.0,2.1,216.8,5.666666666666668,0.6666666666666666,57.2,49.28,251.0,35.0,True,0.21952395642039643,0.38270632481666794,0.39838318512530313,0.3866007688083471,0.19502156792908307,0.44096461008456,0.00548809891050991,0.014930791820861655
Teddy Bridgewate,CAR,QB,0.25,582.65,370.9,13.8,22.65,4011.65,0.0,0.0,0.0,21.1,0.45,61.0,245.57,27.0,24.0,True,1.0939224427385703,1.907085880382085,1.9852061438965238,1.9264925080411077,0.9718231825557007,2.197396089660418,0.027348061068464255,0.23272412614163707
Tee Higgins,CIN,WR,0.0,0.0,0.0,0.0,0.0,0.0,36.2,2.8,478.2,0.0,0.0,0.0,64.62,210.0,86.0,True,0.5813550737219768,0.5018360939458825,0.5223928860145514,0.5069428100729584,0.5995824634655532,0.5782291620061742,0.00581355073721977,0.07713615602123536
Terry McLaurin,WAS,WR,0.75,0.0,0.0,0.0,0.0,0.0,70.55,6.7,1056.55,0.0,0.0,0.0,144.36,81.0,24.0,True,1.29873751845411,1.1210934466423335,1.1670169765561844,1.132501765121205,1.3394572025052192,1.2917542839246567,0.012987375184541102,0.6519561581624069
Tevin Coleman,SF,RB,1.5,0.0,0.0,0.0,0.0,0.0,13.5,0.95,113.35,157.75,4.85,680.25,111.16,127.0,41.0,True,0.8856498197941987,0.863263698592143,0.8986257073565076,0.872048325096101,0.9389703087384381,0.9946758534293768,0.0123006919415861,0.25440057364867763
Todd Gurley,ATL,RB,1.7,0.0,0.0,0.0,0.0,0.0,44.1,2.55,333.15,198.95,7.4,811.2,170.74,52.0,17.0,True,1.3603441006806538,1.3259593729545027,1.3802748585286986,1.3394524201772966,1.4422435274739198,1.5278063621314484,0.018893668065009094,0.6045165980774359
Tom Brady,TB,QB,0.95,556.25,348.35,11.75,28.8,4408.3,0.0,0.0,0.0,24.15,1.65,37.9,291.57,9.0,9.0,True,1.298835226734882,2.264319868644397,2.3570735650767984,2.287361732172276,1.1538644188531402,2.6090107825153237,0.032470880668372046,0.6734759333276166
Tony Pollard,DAL,RB,1.75,0.0,0.0,0.0,0.0,0.0,26.65,1.7,192.4,105.15,2.9,495.2,92.86,156.0,45.0,True,0.7398474475178957,0.7211466989138755,0.7506871463217462,0.7284851337569624,0.7843899142627866,0.830924790837099,0.010275658993304113,0.21018403455170953
Travis Kelce,KC,TE,0.75,0.0,0.0,0.0,0.0,0.0,97.65,7.35,1170.7,0.0,0.0,0.0,159.67,61.0,1.0,True,1.925132400326743,1.2399902370835505,1.2907841552142278,1.2526084568918177,1.9928856714927605,1.4287503914813655,0.04812831000816858,0.9518716899918315
Tre'Quan Smith,NO,WR,0.0,0.0,0.0,0.0,0.0,0.0,27.2,4.65,380.9,0.65,0.0,2.0,66.19,207.0,84.0,True,0.5954796089393012,0.5140286452844004,0.5350848827809216,0.5192594335922177,0.614149849222918,0.5922777504362221,0.005954796089393014,0.08884242686504595
Tua Tagovailoa,MIA,QB,2.45,353.65,224.3,11.9,15.15,2564.55,0.0,0.0,0.0,19.75,1.1,97.9,162.77,58.0,32.0,True,0.7250794315452096,1.2640647015099238,1.3158447857720292,1.2769279046050053,0.6441489572203095,1.4564896425215876,0.018126985788630236,0.040739779696484124
Tyler Boyd,CIN,WR,0.75,0.0,0.0,0.0,0.0,0.0,77.6,5.65,973.85,2.35,0.0,10.9,130.88,95.0,33.0,True,1.1774644390085474,1.0164083561689428,1.0580436540016167,1.0267513924845062,1.2143818139642772,1.1711332826271754,0.011774644390085475,0.5399908775294839
Tyler Eifert,JAC,TE,0.0,0.0,0.0,0.0,0.0,0.0,43.9,2.9,478.8,0.0,0.0,0.0,65.28,209.0,27.0,True,0.7870773664015144,0.5069616250818199,0.527728375101051,0.5121204989409273,0.8147778332501248,0.5841349380340924,0.019676934160037858,0.21626240734991364
Tyler Higbee,LAR,TE,0.75,0.0,0.0,0.0,0.0,0.0,67.1,4.25,771.8,0.0,0.0,0.0,101.18,142.0,9.0,True,1.2199216901425434,0.7857594550517546,0.8179466451091351,0.7937553934259042,1.262855716425362,0.905373361370856,0.030498042253563583,0.6654137491371749
Tyler Lockett,SEA,WR,0.75,0.0,0.0,0.0,0.0,0.0,74.6,7.7,1095.7,6.7,0.05,28.35,157.4,63.0,10.0,True,1.4160521294311228,1.2223615163584323,1.2724333063864188,1.234800345179258,1.460450011598237,1.4084381012035256,0.014160521294311232,0.841350881344008
Tyreek Hill,KC,WR,0.75,0.0,0.0,0.0,0.0,0.0,84.1,8.7,1232.0,13.9,0.7,86.1,186.71,47.0,4.0,True,1.679740108552001,1.4499816945316575,1.5093775262732418,1.4647368008158783,1.732405474367896,1.6707082457160756,0.016797401085520015,0.9293080507151783
Tyrod Taylo,LAC,QB,1.55,467.5,298.1,13.5,20.0,3366.3,0.0,0.0,0.0,54.35,1.65,251.8,233.13,34.0,29.0,True,1.0385068985447852,1.8104773844259294,1.8846402586903799,1.8289009178630267,0.9225929003917844,2.0860811596796562,0.025962672463619628,0.1004584923541918
Van Jefferson,LAR,WR,0.75,0.0,0.0,0.0,0.0,0.0,34.75,2.0,504.2,1.35,0.0,6.65,61.58,220.0,92.0,True,0.5540056552119983,0.4782275868955035,0.49781729991915924,0.4830940613477681,0.5713755509162607,0.5510267996957631,0.005540056552119985,0.04307713345706554
Vance McDonald,PIT,TE,0.5,0.0,0.0,0.0,0.0,0.0,38.8,2.65,377.05,0.0,0.0,0.0,52.6,243.0,35.0,True,0.6341953044227888,0.408489299621687,0.42522231204527083,0.41264611281085745,0.6565152271592611,0.470672453134088,0.01585488261056972,0.07433106562293701
Will Dissly,SEA,TE,0.0,0.0,0.0,0.0,0.0,0.0,25.0,3.25,316.85,0.0,0.0,0.0,51.18,244.0,36.0,True,0.6170744425923637,0.39746164172315473,0.41374292643492316,0.401506236761591,0.6387918122815776,0.45796608652856696,0.015426861064809092,0.05890420455812795
Will Fulle,HOU,WR,0.75,0.0,0.0,0.0,0.0,0.0,66.4,5.1,934.05,1.35,0.05,9.0,123.7,102.0,36.0,True,1.1128694308172165,0.960648790174956,1.0,0.9704244135875109,1.1477615402458825,1.1068855979598229,0.011128694308172168,0.505631371222474
Willie Snead,BAL,WR,0.75,0.0,0.0,0.0,0.0,0.0,37.15,3.3,425.85,1.35,0.0,6.0,61.49,221.0,93.0,True,0.553195968479795,0.477528650831512,0.49708973322554567,0.4823880128657724,0.5705404778473672,0.550221466601047,0.005531959684797952,0.037545173772267626
Zach Ertz,PHI,TE,0.75,0.0,0.0,0.0,0.0,0.0,88.35,6.3,930.0,0.0,0.0,0.0,129.3,97.0,3.0,True,1.5589629821647641,1.0041381452677591,1.0452708164915119,1.014356319133914,1.6138292561158263,1.1569952127421594,0.03897407455411911,0.8679101395892802
Zack Moss,BUF,RB,2.4,0.0,0.0,0.0,0.0,0.0,18.4,0.85,160.0,169.8,4.55,770.1,120.61,106.0,32.0,True,0.9609412087565518,0.9366519853112484,0.9750202101859337,0.9461834157056562,1.0187946108037336,1.0792358283745693,0.013346405677174338,0.3705644309048798
