,player,pass_att,pass_comp,pass_yds,pass_tds,pass_int,rush_att,rush_yds,rush_tds,rcv_rec,rcv_yds,rcv_tds,fumble_lost,position,source,nfl_week,year
0,Adrian Peterson,0,0,0,0,0,348,2097,12,40,217,1,2,RB,football_db,0,2012
1,Arian Foster,0,0,0,0,0,351,1424,15,40,217,2,2,RB,football_db,0,2012
2,Doug Martin,0,0,0,0,0,319,1454,11,49,472,1,1,RB,football_db,0,2012
3,Marshawn Lynch,0,0,0,0,0,315,1590,11,23,196,1,2,RB,football_db,0,2012
4,Alfred Morris,0,0,0,0,0,335,1613,13,11,77,0,3,RB,football_db,0,2012
5,Ray Rice,0,0,0,0,0,257,1143,9,61,478,1,0,RB,football_db,0,2012
6,C.J. Spiller,0,0,0,0,0,207,1244,6,43,459,2,3,RB,football_db,0,2012
7,Jamaal Charles,0,0,0,0,0,285,1509,5,35,236,1,3,RB,football_db,0,2012
8,Stevan Ridley,0,0,0,0,0,290,1263,12,6,51,0,2,RB,football_db,0,2012
9,Frank Gore,0,0,0,0,0,258,1214,8,28,234,1,1,RB,football_db,0,2012
10,Trent Richardson,0,0,0,0,0,267,950,11,51,367,1,0,RB,football_db,0,2012
11,Matt Forte,0,0,0,0,0,248,1094,5,44,340,1,1,RB,football_db,0,2012
12,Chris Johnson,0,0,0,0,0,276,1243,6,36,232,0,4,RB,football_db,0,2012
13,Reggie Bush,0,0,0,0,0,227,986,6,35,292,2,2,RB,football_db,0,2012
14,Shonn Greene,0,0,0,0,0,276,1063,8,19,151,0,1,RB,football_db,0,2012
15,Steven Jackson,0,0,0,0,0,257,1042,4,38,321,0,0,RB,football_db,0,2012
16,Michael Turner,0,0,0,0,0,222,800,10,19,128,1,1,RB,football_db,0,2012
17,Ahmad Bradshaw,0,0,0,0,0,221,1015,6,23,245,0,3,RB,football_db,0,2012
18,Mikel Leshoure,0,0,0,0,0,215,798,9,34,214,0,3,RB,football_db,0,2012
19,BenJarvus Green-Ellis,0,0,0,0,0,278,1094,6,22,104,0,2,RB,football_db,0,2012
20,LeSean McCoy,0,0,0,0,0,200,840,2,54,373,3,3,RB,football_db,0,2012
21,Darren Sproles,0,0,0,0,0,48,244,1,75,667,7,0,RB,football_db,0,2012
22,DeAngelo Williams,0,0,0,0,0,173,737,5,13,187,2,2,RB,football_db,0,2012
23,Willis McGahee,0,0,0,0,0,167,731,4,26,221,0,4,RB,football_db,0,2012
24,DeMarco Murray,0,0,0,0,0,161,663,4,35,251,0,2,RB,football_db,0,2012
25,Darren McFadden,0,0,0,0,0,216,707,2,42,258,1,2,RB,football_db,0,2012
26,Vick Ballard,0,0,0,0,0,211,814,2,17,152,1,0,RB,football_db,0,2012
27,Danny Woodhead,0,0,0,0,0,76,301,4,40,446,3,0,RB,football_db,0,2012
28,Joique Bell,0,0,0,0,0,82,414,3,52,485,0,2,RB,football_db,0,2012
29,Andre Brown,0,0,0,0,0,73,385,8,12,86,0,0,RB,football_db,0,2012
30,Ryan Mathews,0,0,0,0,0,184,707,1,39,252,0,2,RB,football_db,0,2012
31,Felix Jones,0,0,0,0,0,111,402,3,25,262,2,2,RB,football_db,0,2012
32,Pierre Thomas,0,0,0,0,0,105,473,1,39,354,1,0,RB,football_db,0,2012
33,Mark Ingram,0,0,0,0,0,156,602,5,6,29,0,0,RB,football_db,0,2012
34,Knowshon Moreno,0,0,0,0,0,138,525,4,21,167,0,1,RB,football_db,0,2012
35,Jacquizz Rodgers,0,0,0,0,0,94,362,1,53,402,1,0,RB,football_db,0,2012
36,Fred Jackson,0,0,0,0,0,115,437,3,34,217,1,4,RB,football_db,0,2012
37,Mike Tolbert,0,0,0,0,0,54,183,7,27,268,0,0,RB,football_db,0,2012
38,Bilal Powell,0,0,0,0,0,110,437,4,17,140,0,0,RB,football_db,0,2012
39,Jonathan Dwyer,0,0,0,0,0,156,623,2,18,106,0,2,RB,football_db,0,2012
40,Bryce Brown,0,0,0,0,0,115,564,4,13,56,0,3,RB,football_db,0,2012
41,Michael Bush,0,0,0,0,0,114,411,5,9,83,0,1,RB,football_db,0,2012
42,LaRod Stephens-Howling,0,0,0,0,0,110,356,4,17,106,0,0,RB,football_db,0,2012
43,Isaac Redman,0,0,0,0,0,110,410,2,19,244,0,3,RB,football_db,0,2012
44,David Wilson,0,0,0,0,0,71,358,4,4,34,1,1,RB,football_db,0,2012
45,Daniel Thomas,0,0,0,0,0,91,325,4,15,156,0,2,RB,football_db,0,2012
46,Jackie Battle,0,0,0,0,0,95,311,3,15,108,1,0,RB,football_db,0,2012
47,Shane Vereen,0,0,0,0,0,62,251,3,8,149,1,1,RB,football_db,0,2012
48,Maurice Jones-Drew,0,0,0,0,0,86,414,1,14,86,1,0,RB,football_db,0,2012
49,Bernard Pierce,0,0,0,0,0,108,532,1,7,47,0,0,RB,football_db,0,2012
50,Jonathan Stewart,0,0,0,0,0,93,336,1,17,157,1,0,RB,football_db,0,2012
51,Daryl Richardson,0,0,0,0,0,98,475,0,24,163,0,2,RB,football_db,0,2012
52,Donald Brown,0,0,0,0,0,108,417,1,9,93,0,0,RB,football_db,0,2012
53,Alexander Green,0,0,0,0,0,135,464,0,18,125,0,0,RB,football_db,0,2012
54,Beanie Wells,0,0,0,0,0,88,234,5,1,24,0,1,RB,football_db,0,2012
55,Rashad Jennings,0,0,0,0,0,101,283,2,19,130,0,1,RB,football_db,0,2012
56,Kendall Hunter,0,0,0,0,0,72,371,2,9,60,0,1,RB,football_db,0,2012
57,Dexter McCluster,0,0,0,0,0,12,70,0,52,452,1,2,RB,football_db,0,2012
58,Ronnie Brown,0,0,0,0,0,46,220,0,49,371,0,0,RB,football_db,0,2012
59,Robert Turbin,0,0,0,0,0,80,354,0,19,181,0,0,RB,football_db,0,2012
60,Mike Goodson,0,0,0,0,0,35,221,0,16,195,1,0,RB,football_db,0,2012
61,Shaun Draughn,0,0,0,0,0,59,233,2,24,158,0,1,RB,football_db,0,2012
62,Justin Forsett,0,0,0,0,0,63,374,1,3,38,0,0,RB,football_db,0,2012
63,Ben Tate,0,0,0,0,0,65,279,2,11,49,0,1,RB,football_db,0,2012
64,Brandon Bolden,0,0,0,0,0,56,274,2,2,11,0,0,RB,football_db,0,2012
65,Cedric Benson,0,0,0,0,0,71,248,1,14,97,0,0,RB,football_db,0,2012
66,Montell Owens,0,0,0,0,0,42,209,1,8,113,0,0,RB,football_db,0,2012
67,Cedric Peerman,0,0,0,0,0,36,258,1,9,85,0,0,RB,football_db,0,2012
68,Ronnie Hillman,0,0,0,0,0,85,330,1,10,62,0,1,RB,football_db,0,2012
69,Chris Ivory,0,0,0,0,0,40,217,2,2,15,0,0,RB,football_db,0,2012
70,Peyton Hillis,1,0,0,0,0,85,309,1,10,62,0,2,RB,football_db,0,2012
71,James Starks,0,0,0,0,0,71,255,1,4,31,0,0,RB,football_db,0,2012
72,Lamar Miller,0,0,0,0,0,51,250,1,6,45,0,0,RB,football_db,0,2012
73,William Powell,0,0,0,0,0,60,217,0,19,132,0,0,RB,football_db,0,2012
74,Delone Carter,0,0,0,0,0,32,122,3,1,13,0,0,RB,football_db,0,2012
75,Montario Hardesty,0,0,0,0,0,65,271,1,2,16,0,0,RB,football_db,0,2012
76,Lance Ball,0,0,0,0,0,42,158,1,7,61,1,1,RB,football_db,0,2012
77,Kevin Smith,0,0,0,0,0,37,134,1,10,79,1,0,RB,football_db,0,2012
78,DuJuan Harris,0,0,0,0,0,34,157,2,2,17,0,0,RB,football_db,0,2012
79,Toby Gerhart,0,0,0,0,0,50,169,1,20,155,0,2,RB,football_db,0,2012
80,Jorvorskie Lane,0,0,0,0,0,13,13,2,11,79,1,1,RB,football_db,0,2012
81,Ryan Grant,0,0,0,0,0,32,132,2,1,34,0,1,RB,football_db,0,2012
82,Evan Royster,0,0,0,0,0,23,88,2,15,109,0,0,RB,football_db,0,2012
83,Rashard Mendenhall,0,0,0,0,0,51,182,0,9,62,1,1,RB,football_db,0,2012
84,Michael Robinson,0,0,0,0,0,12,49,0,13,126,2,0,RB,football_db,0,2012
85,Darrel Young,0,0,0,0,0,14,60,0,8,109,2,0,RB,football_db,0,2012
86,Tashard Choice,0,0,0,0,0,47,193,1,4,9,0,0,RB,football_db,0,2012
87,Jason Snelling,0,0,0,0,0,18,63,0,31,203,1,1,RB,football_db,0,2012
88,LeGarrette Blount,0,0,0,0,0,41,151,2,1,2,0,0,RB,football_db,0,2012
89,Chris Rainey,0,0,0,0,0,26,102,2,14,60,0,1,RB,football_db,0,2012
90,John Kuhn,0,0,0,0,0,23,63,1,15,148,0,0,RB,football_db,0,2012
91,Jacob Hester,0,0,0,0,0,17,81,2,1,7,0,0,RB,football_db,0,2012
92,Jamie Harper,0,0,0,0,0,19,30,3,1,8,0,0,RB,football_db,0,2012
93,Armando Allen,0,0,0,0,0,27,124,1,2,16,0,0,RB,football_db,0,2012
94,Jalen Parmele,0,0,0,0,0,40,143,0,7,60,0,0,RB,football_db,0,2012
95,Vonta Leach,0,0,0,0,0,9,32,1,21,143,0,0,RB,football_db,0,2012
96,Curtis Brinkley,0,0,0,0,0,39,115,0,12,77,0,0,RB,football_db,0,2012
97,Ryan Williams,0,0,0,0,0,58,164,0,7,44,0,2,RB,football_db,0,2012
98,Anthony Dixon,0,0,0,0,0,21,78,2,0,0,0,0,RB,football_db,0,2012
99,Chris Ogbonnaya,0,0,0,0,0,8,30,0,24,187,0,1,RB,football_db,0,2012
0,Calvin Johnson,0,0,0,0,0,0,0,0,122,1964,5,3,WR,football_db,0,2012
1,Brandon Marshall,0,0,0,0,0,1,-2,0,118,1508,11,0,WR,football_db,0,2012
2,Dez Bryant,0,0,0,0,0,2,-5,0,92,1382,12,2,WR,football_db,0,2012
3,A.J. Green,0,0,0,0,0,4,38,0,97,1350,11,1,WR,football_db,0,2012
4,Demaryius Thomas,0,0,0,0,0,0,0,0,94,1434,10,3,WR,football_db,0,2012
5,Vincent Jackson,0,0,0,0,0,0,0,0,72,1384,8,0,WR,football_db,0,2012
6,Andre Johnson,0,0,0,0,0,0,0,0,112,1598,4,0,WR,football_db,0,2012
7,Eric Decker,0,0,0,0,0,0,0,0,85,1064,13,0,WR,football_db,0,2012
8,Julio Jones,0,0,0,0,0,6,30,0,79,1198,10,0,WR,football_db,0,2012
9,Roddy White,0,0,0,0,0,0,0,0,92,1351,7,0,WR,football_db,0,2012
10,Marques Colston,0,0,0,0,0,0,0,0,83,1154,10,2,WR,football_db,0,2012
11,Wes Welker,0,0,0,0,0,2,20,0,118,1354,6,1,WR,football_db,0,2012
12,Victor Cruz,0,0,0,0,0,0,0,0,86,1092,10,0,WR,football_db,0,2012
13,Reggie Wayne,0,0,0,0,0,1,-5,0,106,1355,5,1,WR,football_db,0,2012
14,Michael Crabtree,0,0,0,0,0,1,8,0,85,1105,9,0,WR,football_db,0,2012
15,James Jones,0,0,0,0,0,0,0,0,64,784,14,0,WR,football_db,0,2012
16,Mike Williams,1,1,28,0,0,0,0,0,63,996,9,0,WR,football_db,0,2012
17,Randall Cobb,0,0,0,0,0,10,132,0,80,954,8,1,WR,football_db,0,2012
18,Lance Moore,0,0,0,0,0,0,0,0,65,1041,6,0,WR,football_db,0,2012
19,Steve Smith,0,0,0,0,0,3,27,0,73,1174,4,1,WR,football_db,0,2012
20,Cecil Shorts,0,0,0,0,0,1,-4,0,55,979,7,1,WR,football_db,0,2012
21,Stevie Johnson,0,0,0,0,0,0,0,0,79,1046,6,1,WR,football_db,0,2012
22,Torrey Smith,0,0,0,0,0,3,9,0,49,855,8,0,WR,football_db,0,2012
23,T.Y. Hilton,1,0,0,0,0,5,29,0,50,861,7,0,WR,football_db,0,2012
24,Mike Wallace,0,0,0,0,0,5,7,0,64,836,8,1,WR,football_db,0,2012
25,Miles Austin,0,0,0,0,0,0,0,0,66,943,6,1,WR,football_db,0,2012
26,Jeremy Maclin,0,0,0,0,0,0,0,0,69,857,7,1,WR,football_db,0,2012
27,Jordy Nelson,0,0,0,0,0,0,0,0,49,745,7,0,WR,football_db,0,2012
28,Brandon Lloyd,0,0,0,0,0,0,0,0,74,911,4,0,WR,football_db,0,2012
29,Justin Blackmon,0,0,0,0,0,2,23,0,64,865,5,0,WR,football_db,0,2012
30,Sidney Rice,2,1,25,0,0,2,6,0,50,748,7,0,WR,football_db,0,2012
31,Anquan Boldin,0,0,0,0,0,1,3,0,65,921,4,0,WR,football_db,0,2012
32,Golden Tate,1,1,23,1,0,3,20,0,45,688,7,1,WR,football_db,0,2012
33,Denarius Moore,0,0,0,0,0,1,-5,0,51,741,7,0,WR,football_db,0,2012
34,Brian Hartline,0,0,0,0,0,0,0,0,74,1083,1,1,WR,football_db,0,2012
35,Malcom Floyd,0,0,0,0,0,0,0,0,56,814,5,0,WR,football_db,0,2012
36,Danario Alexander,1,0,0,0,0,0,0,0,37,658,7,0,WR,football_db,0,2012
37,Josh Gordon,0,0,0,0,0,0,0,0,50,805,5,1,WR,football_db,0,2012
38,Andre Roberts,0,0,0,0,0,4,29,0,64,759,5,0,WR,football_db,0,2012
39,Santana Moss,0,0,0,0,0,3,14,0,41,573,8,1,WR,football_db,0,2012
40,Larry Fitzgerald,0,0,0,0,0,0,0,0,71,798,4,0,WR,football_db,0,2012
41,Antonio Brown,2,0,0,0,1,7,24,0,66,787,5,2,WR,football_db,0,2012
42,Percy Harvin,0,0,0,0,0,22,96,1,62,677,3,1,WR,football_db,0,2012
43,Brandon Gibson,0,0,0,0,0,0,0,0,51,691,5,0,WR,football_db,0,2012
44,Nate Washington,0,0,0,0,0,0,0,0,46,746,4,0,WR,football_db,0,2012
45,Dwayne Bowe,0,0,0,0,0,0,0,0,59,801,3,1,WR,football_db,0,2012
46,Donnie Avery,0,0,0,0,0,4,9,0,60,781,3,0,WR,football_db,0,2012
47,Darrius Heyward-Bey,0,0,0,0,0,2,16,0,41,606,5,0,WR,football_db,0,2012
48,Brandon LaFell,0,0,0,0,0,3,35,0,44,677,4,0,WR,football_db,0,2012
49,Pierre Garcon,0,0,0,0,0,2,9,0,44,633,4,0,WR,football_db,0,2012
50,Jeremy Kerley,1,1,42,0,0,5,8,0,56,827,2,3,WR,football_db,0,2012
51,Chris Givens,0,0,0,0,0,3,12,0,42,698,3,0,WR,football_db,0,2012
52,Hakeem Nicks,0,0,0,0,0,0,0,0,53,692,3,0,WR,football_db,0,2012
53,Greg Little,0,0,0,0,0,2,15,0,53,647,4,0,WR,football_db,0,2012
54,Danny Amendola,0,0,0,0,0,2,8,0,63,666,3,2,WR,football_db,0,2012
55,Kenny Britt,0,0,0,0,0,0,0,0,45,589,4,1,WR,football_db,0,2012
56,Kendall Wright,0,0,0,0,0,1,4,0,64,626,4,1,WR,football_db,0,2012
57,Brandon Stokley,0,0,0,0,0,0,0,0,45,544,5,0,WR,football_db,0,2012
58,Davone Bess,0,0,0,0,0,0,0,0,61,778,1,0,WR,football_db,0,2012
59,DeSean Jackson,0,0,0,0,0,3,-7,0,45,700,2,0,WR,football_db,0,2012
60,Marcel Reece,0,0,0,0,0,59,271,0,52,496,1,0,WR,football_db,0,2012
61,Rod Streater,0,0,0,0,0,0,0,0,39,584,3,1,WR,football_db,0,2012
62,Andrew Hawkins,0,0,0,0,0,6,30,0,51,533,4,0,WR,football_db,0,2012
63,Leonard Hankerson,0,0,0,0,0,2,5,0,38,543,3,0,WR,football_db,0,2012
64,Josh Morgan,1,0,0,0,0,3,25,0,48,510,2,0,WR,football_db,0,2012
65,Donald Jones,0,0,0,0,0,0,0,0,41,443,4,0,WR,football_db,0,2012
66,Domenik Hixon,0,0,0,0,0,0,0,0,39,567,2,0,WR,football_db,0,2012
67,Emmanuel Sanders,0,0,0,0,0,1,4,0,44,626,1,2,WR,football_db,0,2012
68,Kevin Ogletree,0,0,0,0,0,2,9,0,32,436,4,0,WR,football_db,0,2012
69,Titus Young,0,0,0,0,0,2,16,0,33,383,4,0,WR,football_db,0,2012
70,Michael Floyd,0,0,0,0,0,0,0,0,45,562,2,1,WR,football_db,0,2012
71,Jason Avant,0,0,0,0,0,0,0,0,53,648,0,0,WR,football_db,0,2012
72,Kevin Walter,0,0,0,0,0,0,0,0,41,518,2,0,WR,football_db,0,2012
73,Greg Jennings,0,0,0,0,0,0,0,0,36,366,4,0,WR,football_db,0,2012
74,Randy Moss,0,0,0,0,0,0,0,0,28,434,3,0,WR,football_db,0,2012
75,Joseph Morgan,0,0,0,0,0,1,1,0,10,379,3,0,WR,football_db,0,2012
76,Alshon Jeffery,0,0,0,0,0,0,0,0,24,367,3,0,WR,football_db,0,2012
77,Michael Jenkins,0,0,0,0,0,0,0,0,40,449,2,0,WR,football_db,0,2012
78,Mario Manningham,0,0,0,0,0,3,64,0,42,449,1,1,WR,football_db,0,2012
79,Jeff Cumberland,0,0,0,0,0,0,0,0,29,359,3,0,WR,football_db,0,2012
80,Doug Baldwin,0,0,0,0,0,0,0,0,29,366,3,0,WR,football_db,0,2012
81,Tiquan Underwood,0,0,0,0,0,1,1,0,28,425,2,0,WR,football_db,0,2012
82,Austin Pettis,0,0,0,0,0,0,0,0,30,261,4,0,WR,football_db,0,2012
83,Mohamed Sanu,1,1,73,1,0,5,15,0,16,154,4,0,WR,football_db,0,2012
84,Rueben Randle,0,0,0,0,0,0,0,0,19,298,3,0,WR,football_db,0,2012
85,Earl Bennett,0,0,0,0,0,0,0,0,29,375,2,0,WR,football_db,0,2012
86,Jacoby Jones,0,0,0,0,0,1,6,0,30,406,1,0,WR,football_db,0,2012
87,Travis Benjamin,0,0,0,0,0,6,66,0,18,298,2,1,WR,football_db,0,2012
88,Jarius Wright,0,0,0,0,0,2,11,0,22,310,2,0,WR,football_db,0,2012
89,Aldrick Robinson,0,0,0,0,0,1,14,0,11,237,3,0,WR,football_db,0,2012
90,Stephen Hill,0,0,0,0,0,0,0,0,21,252,3,0,WR,football_db,0,2012
91,Julian Edelman,0,0,0,0,0,4,45,0,21,235,3,1,WR,football_db,0,2012
92,Ryan Broyles,0,0,0,0,0,0,0,0,22,310,2,0,WR,football_db,0,2012
93,Harry Douglas,0,0,0,0,0,2,4,0,38,395,1,0,WR,football_db,0,2012
94,Riley Cooper,0,0,0,0,0,0,0,0,23,248,3,0,WR,football_db,0,2012
95,Louis Murphy,0,0,0,0,0,1,3,0,25,336,1,0,WR,football_db,0,2012
96,Nate Burleson,0,0,0,0,0,8,48,0,27,240,2,0,WR,football_db,0,2012
97,Brad Smith,1,0,0,0,1,14,116,1,14,152,2,0,WR,football_db,0,2012
98,Devery Henderson,0,0,0,0,0,1,13,0,22,316,1,0,WR,football_db,0,2012
99,Jonathan Baldwin,0,0,0,0,0,0,0,0,20,325,1,0,WR,football_db,0,2012
0,Jimmy Graham,0,0,0,0,0,0,0,0,85,982,9,0,TE,football_db,0,2012
1,Rob Gronkowski,0,0,0,0,0,0,0,0,55,790,11,1,TE,football_db,0,2012
2,Tony Gonzalez,0,0,0,0,0,0,0,0,93,930,8,0,TE,football_db,0,2012
3,Heath Miller,0,0,0,0,0,0,0,0,71,816,8,0,TE,football_db,0,2012
4,Jason Witten,0,0,0,0,0,0,0,0,110,1039,3,0,TE,football_db,0,2012
5,Greg Olsen,0,0,0,0,0,0,0,0,69,843,5,0,TE,football_db,0,2012
6,Dennis Pitta,0,0,0,0,0,0,0,0,61,669,7,0,TE,football_db,0,2012
7,Owen Daniels,0,0,0,0,0,0,0,0,62,716,6,0,TE,football_db,0,2012
8,Kyle Rudolph,0,0,0,0,0,0,0,0,53,493,9,0,TE,football_db,0,2012
9,Brandon Myers,0,0,0,0,0,0,0,0,79,806,4,0,TE,football_db,0,2012
10,Jermaine Gresham,0,0,0,0,0,0,0,0,64,737,5,1,TE,football_db,0,2012
11,Antonio Gates,0,0,0,0,0,0,0,0,49,538,7,0,TE,football_db,0,2012
12,Scott Chandler,0,0,0,0,0,0,0,0,43,571,6,1,TE,football_db,0,2012
13,Martellus Bennett,0,0,0,0,0,0,0,0,55,626,5,0,TE,football_db,0,2012
14,Vernon Davis,0,0,0,0,0,0,0,0,41,548,5,0,TE,football_db,0,2012
15,Aaron Hernandez,0,0,0,0,0,1,5,0,51,483,5,0,TE,football_db,0,2012
16,Jermichael Finley,0,0,0,0,0,0,0,0,61,667,2,1,TE,football_db,0,2012
17,Marcedes Lewis,0,0,0,0,0,0,0,0,52,540,4,0,TE,football_db,0,2012
18,Lance Kendricks,0,0,0,0,0,0,0,0,42,519,4,0,TE,football_db,0,2012
19,Jared Cook,0,0,0,0,0,0,0,0,44,523,4,1,TE,football_db,0,2012
20,Brandon Pettigrew,0,0,0,0,0,0,0,0,59,567,3,2,TE,football_db,0,2012
21,Brent Celek,0,0,0,0,0,0,0,0,57,684,1,1,TE,football_db,0,2012
22,Dallas Clark,0,0,0,0,0,0,0,0,47,435,4,0,TE,football_db,0,2012
23,Dwayne Allen,0,0,0,0,0,3,5,0,45,521,3,0,TE,football_db,0,2012
24,Benjamin Watson,0,0,0,0,0,0,0,0,49,501,3,0,TE,football_db,0,2012
25,Jacob Tamme,0,0,0,0,0,0,0,0,52,555,2,0,TE,football_db,0,2012
26,Joel Dreessen,0,0,0,0,0,0,0,0,41,356,5,0,TE,football_db,0,2012
27,Anthony Fasano,0,0,0,0,0,0,0,0,41,332,5,0,TE,football_db,0,2012
28,Tony Scheffler,0,0,0,0,0,0,0,0,42,504,1,0,TE,football_db,0,2012
29,Zach Miller,0,0,0,0,0,0,0,0,38,396,3,1,TE,football_db,0,2012
30,Delanie Walker,0,0,0,0,0,0,0,0,21,344,3,1,TE,football_db,0,2012
31,Tony Moeaki,0,0,0,0,0,0,0,0,33,453,1,0,TE,football_db,0,2012
32,James Casey,0,0,0,0,0,1,6,0,34,330,3,0,TE,football_db,0,2012
33,Anthony McCoy,0,0,0,0,0,0,0,0,18,291,3,0,TE,football_db,0,2012
34,Dustin Keller,0,0,0,0,0,0,0,0,28,317,2,0,TE,football_db,0,2012
35,Garrett Graham,0,0,0,0,0,0,0,0,28,263,3,0,TE,football_db,0,2012
36,Rob Housler,0,0,0,0,0,0,0,0,45,417,0,0,TE,football_db,0,2012
37,Coby Fleener,0,0,0,0,0,0,0,0,26,281,2,0,TE,football_db,0,2012
38,Tom Crabtree,0,0,0,0,0,0,0,0,8,203,3,0,TE,football_db,0,2012
39,Logan Paulsen,0,0,0,0,0,0,0,0,25,308,1,0,TE,football_db,0,2012
40,David Thomas,0,0,0,0,0,0,0,0,11,86,4,0,TE,football_db,0,2012
41,Kellen Davis,0,0,0,0,0,0,0,0,19,229,2,1,TE,football_db,0,2012
42,Fred Davis,0,0,0,0,0,1,1,0,24,325,0,0,TE,football_db,0,2012
43,Charles Clay,0,0,0,0,0,0,0,0,18,212,2,0,TE,football_db,0,2012
44,Craig Stevens,0,0,0,0,0,0,0,0,23,275,1,0,TE,football_db,0,2012
45,Jordan Cameron,0,0,0,0,0,0,0,0,20,226,1,0,TE,football_db,0,2012
46,Dante Rosario,0,0,0,0,0,0,0,0,10,95,3,1,TE,football_db,0,2012
47,Clay Harbor,0,0,0,0,0,0,0,0,25,186,2,1,TE,football_db,0,2012
48,Luke Stocker,0,0,0,0,0,0,0,0,16,165,1,0,TE,football_db,0,2012
49,Ed Dickson,0,0,0,0,0,0,0,0,21,225,0,0,TE,football_db,0,2012
50,Will Heller,0,0,0,0,0,0,0,0,17,150,1,0,TE,football_db,0,2012
51,Jed Collins,0,0,0,0,0,0,0,0,14,70,2,1,TE,football_db,0,2012
52,Lee Smith,0,0,0,0,0,0,0,0,4,13,2,0,TE,football_db,0,2012
53,Leonard Pope,0,0,0,0,0,0,0,0,3,9,2,0,TE,football_db,0,2012
54,Matthew Mulligan,0,0,0,0,0,0,0,0,8,84,1,0,TE,football_db,0,2012
55,Kevin Boss,0,0,0,0,0,0,0,0,3,65,1,0,TE,football_db,0,2012
56,Gary Barnidge,0,0,0,0,0,0,0,0,6,78,1,0,TE,football_db,0,2012
57,John Phillips,0,0,0,0,0,0,0,0,8,55,1,0,TE,football_db,0,2012
58,Jeff King,0,0,0,0,0,0,0,0,17,129,0,0,TE,football_db,0,2012
59,Michael Hoomanawanui,0,0,0,0,0,0,0,0,5,109,0,0,TE,football_db,0,2012
60,Todd Heap,0,0,0,0,0,0,0,0,8,94,0,0,TE,football_db,0,2012
61,Dorin Dickerson,0,0,0,0,0,1,-8,0,9,117,0,1,TE,football_db,0,2012
62,Matt Spaeth,0,0,0,0,0,0,0,0,6,28,1,0,TE,football_db,0,2012
63,Bear Pascoe,0,0,0,0,0,0,0,0,4,35,1,0,TE,football_db,0,2012
64,James Hanna,0,0,0,0,0,0,0,0,8,86,0,0,TE,football_db,0,2012
65,Orson Charles,0,0,0,0,0,0,0,0,8,101,0,0,TE,football_db,0,2012
66,Nate Byham,0,0,0,0,0,0,0,0,3,18,1,0,TE,football_db,0,2012
67,Michael Palmer,0,0,0,0,0,0,0,0,6,22,1,0,TE,football_db,0,2012
68,Richard Gordon,0,0,0,0,0,0,0,0,2,9,1,0,TE,football_db,0,2012
69,Daniel Fells,0,0,0,0,0,0,0,0,4,85,0,0,TE,football_db,0,2012
70,D.J. Williams,0,0,0,0,0,0,0,0,7,57,0,0,TE,football_db,0,2012
71,Konrad Reuland,0,0,0,0,0,0,0,0,11,83,0,0,TE,football_db,0,2012
72,Steve Maneri,0,0,0,0,0,0,0,0,5,51,0,0,TE,football_db,0,2012
73,Virgil Green,0,0,0,0,0,0,0,0,5,63,0,0,TE,football_db,0,2012
74,Ladarius Green,0,0,0,0,0,0,0,0,4,56,0,0,TE,football_db,0,2012
75,Rhett Ellison,0,0,0,0,0,0,0,0,7,65,0,0,TE,football_db,0,2012
76,Garrett Celek,0,0,0,0,0,0,0,0,4,51,0,0,TE,football_db,0,2012
77,Alex Smith,0,0,0,0,0,0,0,0,13,47,0,0,TE,football_db,0,2012
78,Randy McMichael,0,0,0,0,0,0,0,0,9,51,0,0,TE,football_db,0,2012
79,Mike McNeill,0,0,0,0,0,0,0,0,4,31,0,0,TE,football_db,0,2012
80,Ben Hartsock,0,0,0,0,0,0,0,0,2,30,0,0,TE,football_db,0,2012
81,Cory Harkey,0,0,0,0,0,0,0,0,1,21,0,0,TE,football_db,0,2012
82,John Carlson,0,0,0,0,0,0,0,0,8,43,0,0,TE,football_db,0,2012
83,Kellen Winslow,0,0,0,0,0,0,0,0,1,12,0,0,TE,football_db,0,2012
84,Ryan Taylor,0,0,0,0,0,0,0,0,1,11,0,0,TE,football_db,0,2012
85,Hayden Smith,0,0,0,0,0,0,0,0,1,16,0,0,TE,football_db,0,2012
86,Weslye Saunders,0,0,0,0,0,0,0,0,2,15,0,0,TE,football_db,0,2012
87,David Paulson,0,0,0,0,0,0,0,0,7,51,0,0,TE,football_db,0,2012
88,Jake O'Connell,0,0,0,0,0,0,0,0,3,18,0,0,TE,football_db,0,2012
89,Jim Dray,0,0,0,0,0,0,0,0,2,15,0,0,TE,football_db,0,2012
90,Chase Coffman,0,0,0,0,0,0,0,0,1,12,0,0,TE,football_db,0,2012
91,Kyle Adams,0,0,0,0,0,0,0,0,4,40,0,0,TE,football_db,0,2012
92,Zach Potter,0,0,0,0,0,0,0,0,2,6,0,0,TE,football_db,0,2012
93,Evan Moore,0,0,0,0,0,0,0,0,1,6,0,0,TE,football_db,0,2012
94,Dominique Jones,0,0,0,0,0,0,0,0,1,8,0,0,TE,football_db,0,2012
95,Michael Higgins,0,0,0,0,0,0,0,0,1,-3,0,0,TE,football_db,0,2012
96,Tommy Gallarda,0,0,0,0,0,0,0,0,1,7,0,0,TE,football_db,0,2012
97,Chris Cooley,0,0,0,0,0,0,0,0,1,8,0,0,TE,football_db,0,2012
98,Dedrick Epps,0,0,0,0,0,0,0,0,1,9,0,1,TE,football_db,0,2012
0,Drew Brees,670,422,5177,43,19,15,5,1,0,0,0,1,QB,football_db,0,2012
1,Aaron Rodgers,552,371,4295,39,8,54,259,2,1,-1,0,4,QB,football_db,0,2012
2,Tom Brady,637,401,4827,34,8,23,32,4,0,0,0,0,QB,football_db,0,2012
3,Peyton Manning,583,400,4659,37,11,23,6,0,0,0,0,2,QB,football_db,0,2012
4,Matt Ryan,615,422,4719,32,14,34,141,1,0,0,0,2,QB,football_db,0,2012
5,Cam Newton,485,280,3869,19,12,127,741,8,0,6,0,3,QB,football_db,0,2012
6,Robert Griffin III,393,258,3200,20,5,120,815,7,0,0,0,2,QB,football_db,0,2012
7,Tony Romo,648,425,4903,28,19,30,49,1,1,-1,0,3,QB,football_db,0,2012
8,Andrew Luck,627,339,4374,23,18,62,255,5,0,0,0,5,QB,football_db,0,2012
9,Russell Wilson,393,252,3118,26,10,94,489,4,0,0,0,3,QB,football_db,0,2012
10,Matthew Stafford,727,435,4967,20,17,35,126,4,1,3,0,4,QB,football_db,0,2012
11,Andy Dalton,528,329,3669,27,16,47,120,4,0,0,0,4,QB,football_db,0,2012
12,Josh Freeman,558,306,4065,27,17,39,139,0,0,0,0,2,QB,football_db,0,2012
13,Eli Manning,536,321,3948,26,15,20,30,0,0,0,0,1,QB,football_db,0,2012
14,Joe Flacco,531,317,3817,22,10,32,22,3,0,0,0,4,QB,football_db,0,2012
15,Ben Roethlisberger,449,284,3265,26,8,26,92,0,0,0,0,3,QB,football_db,0,2012
16,Carson Palmer,565,345,4018,22,14,18,36,1,0,0,0,5,QB,football_db,0,2012
17,Sam Bradford,551,328,3702,21,13,37,127,1,0,0,0,1,QB,football_db,0,2012
18,Matt Schaub,544,350,4008,22,12,21,-9,0,1,-6,0,0,QB,football_db,0,2012
19,Philip Rivers,527,338,3606,26,15,27,40,0,0,0,0,7,QB,football_db,0,2012
20,Ryan Fitzpatrick,505,306,3400,24,16,48,197,1,0,0,0,6,QB,football_db,0,2012
21,Christian Ponder,483,300,2935,18,12,60,253,2,1,-15,0,5,QB,football_db,0,2012
22,Jay Cutler,434,255,3033,19,14,41,233,0,0,0,0,4,QB,football_db,0,2012
23,Ryan Tannehill,484,282,3294,12,13,49,211,2,0,0,0,4,QB,football_db,0,2012
24,Colin Kaepernick,218,136,1814,10,3,63,415,5,0,0,0,2,QB,football_db,0,2012
25,Brandon Weeden,517,297,3385,14,17,27,111,0,0,-9,0,1,QB,football_db,0,2012
26,Michael Vick,351,204,2362,12,10,62,332,1,0,0,0,5,QB,football_db,0,2012
27,Jake Locker,314,177,2176,10,11,41,291,1,0,0,0,4,QB,football_db,0,2012
28,Mark Sanchez,453,246,2883,13,18,22,28,0,0,0,0,8,QB,football_db,0,2012
29,Alex Smith,218,153,1737,13,5,31,132,0,0,0,0,1,QB,football_db,0,2012
30,Chad Henne,308,166,2084,11,11,19,64,1,1,-6,0,2,QB,football_db,0,2012
31,Blaine Gabbert,278,162,1662,9,6,18,56,0,0,0,0,3,QB,football_db,0,2012
32,Kevin Kolb,183,109,1169,8,3,16,100,1,0,0,0,2,QB,football_db,0,2012
33,Nick Foles,265,161,1699,6,5,11,42,1,0,0,0,3,QB,football_db,0,2012
34,Matt Cassel,277,161,1796,6,12,27,145,1,0,0,0,7,QB,football_db,0,2012
35,Matt Hasselbeck,221,138,1367,7,5,13,38,0,0,0,0,1,QB,football_db,0,2012
36,Brady Quinn,197,112,1141,2,8,19,66,0,0,0,0,0,QB,football_db,0,2012
37,Kirk Cousins,48,33,466,4,3,3,22,0,0,0,0,0,QB,football_db,0,2012
38,John Skelton,201,109,1132,2,9,4,5,0,0,0,0,2,QB,football_db,0,2012
39,Shaun Hill,13,10,172,2,0,1,-1,0,0,0,0,0,QB,football_db,0,2012
40,Jason Campbell,51,32,265,2,2,7,28,0,0,0,0,0,QB,football_db,0,2012
41,Tyrod Taylor,29,17,179,0,1,14,73,1,0,0,0,0,QB,football_db,0,2012
42,Byron Leftwich,53,25,272,0,1,1,31,1,0,0,0,0,QB,football_db,0,2012
43,Charlie Batch,70,45,475,1,4,0,0,0,0,0,0,0,QB,football_db,0,2012
44,Brian Hoyer,53,30,330,1,2,1,6,0,0,0,0,0,QB,football_db,0,2012
45,Greg McElroy,31,19,214,1,1,8,30,0,0,0,0,1,QB,football_db,0,2012
46,Thaddeus Lewis,32,22,204,1,1,1,3,0,0,0,0,0,QB,football_db,0,2012
47,Kyle Orton,10,9,89,1,0,0,0,0,0,0,0,0,QB,football_db,0,2012
48,Matt Moore,19,11,131,1,0,5,-3,0,0,0,0,0,QB,football_db,0,2012
49,Ryan Lindley,171,89,752,0,7,4,7,0,0,0,0,2,QB,football_db,0,2012
50,Colt McCoy,17,9,79,1,0,4,15,0,0,0,0,0,QB,football_db,0,2012
51,Tim Tebow,8,6,39,0,0,32,102,0,0,0,0,0,QB,football_db,0,2012
52,T.J. Yates,10,4,38,0,1,2,-1,1,0,0,0,1,QB,football_db,0,2012
53,Dan Orlovsky,7,4,51,0,0,0,0,0,0,0,0,0,QB,football_db,0,2012
54,Matt Leinart,33,16,115,0,1,0,0,0,0,0,0,0,QB,football_db,0,2012
55,Bruce Gradkowski,11,5,65,0,0,4,-2,0,0,0,0,0,QB,football_db,0,2012
56,Matt Flynn,9,5,68,0,0,4,-5,0,0,0,0,0,QB,football_db,0,2012
57,Tyler Thigpen,5,3,30,0,0,1,-1,0,0,0,0,0,QB,football_db,0,2012
58,Rusty Smith,5,3,34,0,0,0,0,0,0,0,0,0,QB,football_db,0,2012
59,Chase Daniel,1,1,10,0,0,3,17,0,0,0,0,0,QB,football_db,0,2012
60,Derek Anderson,4,4,58,0,0,0,0,0,0,0,0,0,QB,football_db,0,2012
61,Joe Webb,0,0,0,0,0,1,-1,0,0,0,0,0,QB,football_db,0,2012
62,Isaiah Stanback,0,0,0,0,0,0,0,0,1,6,0,0,QB,football_db,0,2012
63,Brock Osweiler,4,2,12,0,0,8,-13,0,0,0,0,0,QB,football_db,0,2012
64,Luke McCown,0,0,0,0,0,2,-3,0,0,0,0,0,QB,football_db,0,2012
65,Trent Edwards,2,2,14,0,0,0,0,0,0,0,0,0,QB,football_db,0,2012
66,David Carr,3,2,19,0,0,3,-3,0,0,0,0,0,QB,football_db,0,2012
67,Josh Johnson,0,0,0,0,0,0,0,0,0,0,0,1,QB,football_db,0,2012
68,Graham Harrell,4,2,20,0,0,4,-3,0,0,0,0,1,QB,football_db,0,2012
69,Kellen Clemens,3,1,39,0,1,2,5,0,0,0,0,0,QB,football_db,0,2012
70,Ryan Mallett,4,1,17,0,1,8,-9,0,0,0,0,0,QB,football_db,0,2012
