,player,team,position,pass_yds,pass_tds,pass_int,pass_att,pass_comp,rush_att,rush_yds,rush_tds,rcv_rec,rcv_yds,rcv_tds,source,pname_merge
0,Henry Burris,CHI,QB,45.0,1.0,0.0,1.0,1.0,0.0,0.0,0.0,0.0,0.0,0.0,nfl_hist,henryburris
1,Brad Maynard,CHI,P,12.0,1.0,0.0,1.0,1.0,0.0,0.0,0.0,0.0,0.0,0.0,nfl_hist,bradmaynard
2,Todd Collins,KAN,QB,57.0,1.0,0.0,5.0,4.0,1.0,7.0,0.0,0.0,0.0,0.0,nfl_hist,toddcollins
3,Trent Green,KAN,QB,209.0,2.0,0.0,20.0,14.0,0.0,0.0,0.0,0.0,0.0,0.0,nfl_hist,trentgreen
4,Drew Bledsoe,BUF,QB,306.0,3.0,0.0,27.0,15.0,1.0,2.0,1.0,0.0,0.0,0.0,nfl_hist,drewbledsoe
5,Steve McNai,TEN,QB,334.0,3.0,0.0,43.0,30.0,4.0,38.0,0.0,0.0,0.0,0.0,nfl_hist,stevemcnai
6,Jake Delhomme,NOR,QB,10.0,0.0,0.0,1.0,1.0,2.0,-2.0,0.0,0.0,0.0,0.0,nfl_hist,jakedelhomme
7,Jeff Blake,BAL,QB,115.0,2.0,0.0,19.0,10.0,5.0,19.0,0.0,0.0,0.0,0.0,nfl_hist,jeffblake
8,Rich Gannon,OAK,QB,342.0,1.0,0.0,42.0,31.0,4.0,18.0,0.0,0.0,0.0,0.0,nfl_hist,richgannon
9,Kerry Collins,NYG,QB,283.0,2.0,0.0,36.0,22.0,2.0,-4.0,0.0,0.0,0.0,0.0,nfl_hist,kerrycollins
10,Mark Brunell,JAX,QB,146.0,2.0,0.0,23.0,12.0,2.0,8.0,0.0,0.0,0.0,0.0,nfl_hist,markbrunell
11,Chad Pennington,NYJ,QB,265.0,2.0,1.0,34.0,22.0,1.0,3.0,0.0,0.0,0.0,0.0,nfl_hist,chadpennington
12,Ray Lucas,MIA,QB,40.0,1.0,0.0,11.0,6.0,3.0,8.0,0.0,0.0,0.0,0.0,nfl_hist,raylucas
13,Chad Hutchinson,DAL,QB,145.0,2.0,0.0,25.0,12.0,1.0,7.0,0.0,0.0,0.0,0.0,nfl_hist,chadhutchinson
14,Jon Kitna,CIN,QB,308.0,2.0,1.0,46.0,30.0,1.0,9.0,0.0,0.0,0.0,0.0,nfl_hist,jonkitna
15,Brad Johnson,TAM,QB,276.0,2.0,1.0,44.0,28.0,0.0,0.0,0.0,0.0,0.0,0.0,nfl_hist,bradjohnson
16,Peyton Manning,IND,QB,190.0,1.0,0.0,28.0,15.0,3.0,-2.0,0.0,0.0,0.0,0.0,nfl_hist,peytonmanning
17,Aaron Brooks,NOR,QB,155.0,2.0,0.0,25.0,9.0,2.0,5.0,0.0,0.0,0.0,0.0,nfl_hist,aaronbrooks
18,Matt Hasselbeck,SEA,QB,427.0,3.0,2.0,55.0,30.0,2.0,8.0,0.0,0.0,0.0,0.0,nfl_hist,matthasselbeck
19,Jim Mille,CHI,QB,191.0,1.0,1.0,36.0,25.0,2.0,2.0,0.0,0.0,0.0,0.0,nfl_hist,jimmille
20,Antwaan Randle El,PIT,WR,-1.0,0.0,0.0,1.0,1.0,0.0,0.0,0.0,0.0,0.0,0.0,nfl_hist,antwaanrandleel
21,Drew Brees,SDG,QB,217.0,0.0,0.0,41.0,27.0,1.0,0.0,0.0,0.0,0.0,0.0,nfl_hist,drewbrees
22,Brett Favre,GNB,QB,221.0,2.0,1.0,42.0,24.0,2.0,9.0,0.0,0.0,0.0,0.0,nfl_hist,brettfavre
23,Danny Wuerffel,WAS,QB,243.0,3.0,3.0,36.0,21.0,4.0,28.0,0.0,0.0,0.0,0.0,nfl_hist,dannywuerffel
24,Kordell Stewart,PIT,QB,202.0,0.0,1.0,26.0,16.0,12.0,84.0,1.0,0.0,0.0,0.0,nfl_hist,kordellstewart
25,Tom Brady,NWE,QB,210.0,0.0,1.0,30.0,18.0,4.0,12.0,0.0,0.0,0.0,0.0,nfl_hist,tombrady
26,Steve Beuerlein,DEN,QB,288.0,1.0,2.0,39.0,22.0,0.0,0.0,0.0,0.0,0.0,0.0,nfl_hist,stevebeuerlein
27,A.J. Feeley,PHI,QB,181.0,0.0,0.0,30.0,14.0,2.0,3.0,0.0,0.0,0.0,0.0,nfl_hist,ajfeeley
28,David Ca,HOU,QB,137.0,0.0,0.0,35.0,20.0,1.0,1.0,0.0,0.0,0.0,0.0,nfl_hist,davidca
29,Rodney Peete,CAR,QB,89.0,1.0,1.0,17.0,8.0,3.0,-3.0,0.0,0.0,0.0,0.0,nfl_hist,rodneypeete
30,Michael Vick,ATL,QB,173.0,1.0,1.0,28.0,11.0,10.0,173.0,2.0,0.0,0.0,0.0,nfl_hist,michaelvick
31,Daunte Culpeppe,MIN,QB,266.0,1.0,3.0,43.0,23.0,7.0,35.0,1.0,0.0,0.0,0.0,nfl_hist,daunteculpeppe
32,Kurt Warne,STL,QB,218.0,0.0,2.0,42.0,20.0,1.0,1.0,0.0,0.0,0.0,0.0,nfl_hist,kurtwarne
33,Jeff Garcia,SFO,QB,164.0,0.0,2.0,29.0,16.0,5.0,12.0,0.0,0.0,0.0,0.0,nfl_hist,jeffgarcia
34,Randy Fasani,CAR,QB,0.0,0.0,0.0,1.0,0.0,4.0,6.0,0.0,0.0,0.0,0.0,nfl_hist,randyfasani
35,Joey Harrington,DET,QB,210.0,0.0,3.0,44.0,22.0,0.0,0.0,0.0,0.0,0.0,0.0,nfl_hist,joeyharrington
36,Jay Fiedle,MIA,QB,15.0,0.0,1.0,9.0,5.0,0.0,0.0,0.0,0.0,0.0,0.0,nfl_hist,jayfiedle
37,Tim Couch,CLE,QB,130.0,0.0,3.0,27.0,12.0,0.0,0.0,0.0,0.0,0.0,0.0,nfl_hist,timcouch
38,Jake Plumme,ARI,QB,88.0,0.0,3.0,31.0,14.0,0.0,0.0,0.0,0.0,0.0,0.0,nfl_hist,jakeplumme
39,Josh McCown,ARI,QB,45.0,0.0,1.0,12.0,4.0,0.0,0.0,0.0,0.0,0.0,0.0,nfl_hist,joshmccown
40,Dee Brown,CAR,RB,0.0,0.0,1.0,1.0,0.0,27.0,122.0,0.0,1.0,4.0,0.0,nfl_hist,deebrown
41,Patrick Ramsey,WAS,QB,0.0,0.0,1.0,1.0,0.0,0.0,0.0,0.0,0.0,0.0,0.0,nfl_hist,patrickramsey
42,Ricky Williams,MIA,HB,0.0,0.0,0.0,0.0,0.0,27.0,228.0,2.0,4.0,7.0,0.0,nfl_hist,rickywilliams
43,LaDainian Tomlinson,SDG,RB,0.0,0.0,0.0,0.0,0.0,37.0,220.0,3.0,11.0,51.0,0.0,nfl_hist,ladainiantomlinson
44,Clinton Portis,DEN,RB,0.0,0.0,0.0,0.0,0.0,23.0,159.0,2.0,3.0,34.0,0.0,nfl_hist,clintonportis
45,Travis Henry,BUF,RB,0.0,0.0,0.0,0.0,0.0,35.0,151.0,1.0,2.0,27.0,0.0,nfl_hist,travishenry
46,Emmitt Smith,DAL,RB,0.0,0.0,0.0,0.0,0.0,23.0,144.0,0.0,1.0,-4.0,0.0,nfl_hist,emmittsmith
47,Garrison Hearst,SFO,RB,0.0,0.0,0.0,0.0,0.0,31.0,124.0,3.0,2.0,28.0,0.0,nfl_hist,garrisonhearst
48,Jamal Lewis,BAL,RB,0.0,0.0,0.0,0.0,0.0,22.0,121.0,0.0,1.0,4.0,0.0,nfl_hist,jamallewis
49,Priest Holmes,KAN,RB,0.0,0.0,0.0,0.0,0.0,16.0,113.0,2.0,3.0,56.0,0.0,nfl_hist,priestholmes
50,Deuce McAlliste,NOR,RB,0.0,0.0,0.0,0.0,0.0,27.0,99.0,1.0,1.0,7.0,0.0,nfl_hist,deucemcalliste
51,William Green,CLE,RB,0.0,0.0,0.0,0.0,0.0,24.0,94.0,0.0,3.0,44.0,0.0,nfl_hist,williamgreen
52,Tony Fishe,GNB,RB,0.0,0.0,0.0,0.0,0.0,17.0,91.0,1.0,2.0,15.0,0.0,nfl_hist,tonyfishe
53,Michael Bennett,MIN,RB,0.0,0.0,0.0,0.0,0.0,18.0,86.0,1.0,2.0,6.0,0.0,nfl_hist,michaelbennett
54,Jerome Bettis,PIT,RB,0.0,0.0,0.0,0.0,0.0,20.0,86.0,0.0,1.0,11.0,0.0,nfl_hist,jeromebettis
55,Antowain Smith,NWE,RB,0.0,0.0,0.0,0.0,0.0,25.0,80.0,1.0,1.0,9.0,0.0,nfl_hist,antowainsmith
56,Fred Taylo,JAX,RB,0.0,0.0,0.0,0.0,0.0,13.0,80.0,1.0,2.0,13.0,0.0,nfl_hist,fredtaylo
57,Ahman Green,GNB,RB,0.0,0.0,0.0,0.0,0.0,12.0,78.0,0.0,5.0,45.0,0.0,nfl_hist,ahmangreen
58,Shaun Alexande,SEA,RB,0.0,0.0,0.0,0.0,0.0,16.0,74.0,0.0,8.0,77.0,0.0,nfl_hist,shaunalexande
59,Corey Dillon,CIN,HB,0.0,0.0,0.0,0.0,0.0,23.0,70.0,1.0,6.0,28.0,0.0,nfl_hist,coreydillon
60,Edgerrin James,IND,RB,0.0,0.0,0.0,0.0,0.0,20.0,65.0,0.0,0.0,0.0,0.0,nfl_hist,edgerrinjames
61,James Allen,HOU,RB,0.0,0.0,0.0,0.0,0.0,16.0,64.0,0.0,10.0,49.0,0.0,nfl_hist,jamesallen
62,Tiki Barbe,NYG,RB,0.0,0.0,0.0,0.0,0.0,22.0,64.0,1.0,1.0,2.0,0.0,nfl_hist,tikibarbe
63,Eddie George,TEN,RB,0.0,0.0,0.0,0.0,0.0,20.0,64.0,1.0,2.0,19.0,0.0,nfl_hist,eddiegeorge
64,Dorsey Levens,PHI,RB,0.0,0.0,0.0,0.0,0.0,12.0,64.0,0.0,0.0,0.0,0.0,nfl_hist,dorseylevens
65,James Stewart,DET,RB,0.0,0.0,0.0,0.0,0.0,13.0,57.0,0.0,5.0,23.0,0.0,nfl_hist,jamesstewart
66,Charlie Garne,OAK,RB,0.0,0.0,0.0,0.0,0.0,12.0,52.0,0.0,9.0,60.0,0.0,nfl_hist,charliegarne
67,Stephen Davis,WAS,RB,0.0,0.0,0.0,0.0,0.0,20.0,51.0,0.0,1.0,11.0,0.0,nfl_hist,stephendavis
68,Leon Johnson,CHI,RB,0.0,0.0,0.0,0.0,0.0,11.0,46.0,0.0,3.0,27.0,0.0,nfl_hist,leonjohnson
69,T.J. Duckett,ATL,RB,0.0,0.0,0.0,0.0,0.0,11.0,37.0,0.0,0.0,0.0,0.0,nfl_hist,tjduckett
70,Travis Mino,MIA,RB,0.0,0.0,0.0,0.0,0.0,4.0,34.0,0.0,0.0,0.0,0.0,nfl_hist,travismino
71,Dennis Northcutt,CLE,WR,0.0,0.0,0.0,0.0,0.0,1.0,34.0,0.0,0.0,0.0,0.0,nfl_hist,dennisnorthcutt
72,Duce Staley,PHI,RB,0.0,0.0,0.0,0.0,0.0,14.0,32.0,0.0,3.0,22.0,0.0,nfl_hist,ducestaley
73,Marc Edwards,NWE,FB,0.0,0.0,0.0,0.0,0.0,4.0,31.0,0.0,1.0,2.0,0.0,nfl_hist,marcedwards
74,Eddie Kennison,KAN,X,0.0,0.0,0.0,0.0,0.0,1.0,31.0,0.0,4.0,54.0,0.0,nfl_hist,eddiekennison
75,Michael Wiley,DAL,RB,0.0,0.0,0.0,0.0,0.0,2.0,31.0,0.0,1.0,8.0,0.0,nfl_hist,michaelwiley
76,Lamar Gordon,STL,RB,0.0,0.0,0.0,0.0,0.0,7.0,30.0,0.0,0.0,0.0,0.0,nfl_hist,lamargordon
77,Marshall Faulk,STL,RB,0.0,0.0,0.0,0.0,0.0,9.0,29.0,0.0,4.0,22.0,0.0,nfl_hist,marshallfaulk
78,Curtis Martin,NYJ,RB,0.0,0.0,0.0,0.0,0.0,11.0,26.0,0.0,2.0,11.0,0.0,nfl_hist,curtismartin
79,Marcel Shipp,ARI,RB,0.0,0.0,0.0,0.0,0.0,14.0,26.0,0.0,7.0,37.0,0.0,nfl_hist,marcelshipp
80,Anthony Thomas,CHI,RB,0.0,0.0,0.0,0.0,0.0,4.0,26.0,0.0,1.0,0.0,0.0,nfl_hist,anthonythomas
81,Robert Holcombe,TEN,RB,0.0,0.0,0.0,0.0,0.0,7.0,24.0,0.0,1.0,13.0,0.0,nfl_hist,robertholcombe
82,Derrick Blaylock,KAN,RB,0.0,0.0,0.0,0.0,0.0,7.0,23.0,0.0,0.0,0.0,0.0,nfl_hist,derrickblaylock
83,Eddie Drummond,DET,WR,0.0,0.0,0.0,0.0,0.0,1.0,23.0,0.0,1.0,-2.0,0.0,nfl_hist,eddiedrummond
84,Troy Hambrick,DAL,RB,0.0,0.0,0.0,0.0,0.0,9.0,23.0,0.0,2.0,2.0,0.0,nfl_hist,troyhambrick
85,Mike Cloud,KAN,RB,0.0,0.0,0.0,0.0,0.0,9.0,20.0,0.0,1.0,11.0,0.0,nfl_hist,mikecloud
86,Brad Hoove,CAR,FB,0.0,0.0,0.0,0.0,0.0,4.0,20.0,0.0,0.0,0.0,0.0,nfl_hist,bradhoove
87,Hines Ward,PIT,WR,0.0,0.0,0.0,0.0,0.0,2.0,19.0,0.0,8.0,51.0,0.0,nfl_hist,hinesward
88,Mike Alstott,TAM,FB,0.0,0.0,0.0,0.0,0.0,8.0,17.0,0.0,2.0,47.0,1.0,nfl_hist,mikealstott
89,Michael Pittman,TAM,RB,0.0,0.0,0.0,0.0,0.0,8.0,17.0,0.0,6.0,27.0,0.0,nfl_hist,michaelpittman
90,Kevin Faulk,NWE,RB,0.0,0.0,0.0,0.0,0.0,5.0,16.0,0.0,1.0,17.0,0.0,nfl_hist,kevinfaulk
91,Verron Haynes,PIT,FB,0.0,0.0,0.0,0.0,0.0,1.0,16.0,0.0,0.0,0.0,0.0,nfl_hist,verronhaynes
92,Justin McCareins,TEN,WR,0.0,0.0,0.0,0.0,0.0,1.0,16.0,0.0,4.0,29.0,0.0,nfl_hist,justinmccareins
93,Johnnie Morton,KAN,Z,0.0,0.0,0.0,0.0,0.0,1.0,15.0,0.0,2.0,18.0,0.0,nfl_hist,johnniemorton
94,Tyrone Wheatley,OAK,RB,0.0,0.0,0.0,0.0,0.0,6.0,15.0,0.0,0.0,0.0,0.0,nfl_hist,tyronewheatley
95,Warrick Dunn,ATL,RB,0.0,0.0,0.0,0.0,0.0,5.0,14.0,0.0,0.0,0.0,0.0,nfl_hist,warrickdunn
96,Stacey Mack,JAX,RB,0.0,0.0,0.0,0.0,0.0,6.0,14.0,0.0,0.0,0.0,0.0,nfl_hist,staceymack
97,Amos Zereoue,PIT,RB,0.0,0.0,0.0,0.0,0.0,5.0,14.0,0.0,0.0,0.0,0.0,nfl_hist,amoszereoue
98,James Mungro,IND,RB,0.0,0.0,0.0,0.0,0.0,4.0,13.0,1.0,0.0,0.0,0.0,nfl_hist,jamesmungro
99,Ricky Williams,IND,RB,0.0,0.0,0.0,0.0,0.0,5.0,12.0,0.0,0.0,0.0,0.0,nfl_hist,rickywilliams
100,Nick Davis,MIN,WR,0.0,0.0,0.0,0.0,0.0,1.0,11.0,0.0,0.0,0.0,0.0,nfl_hist,nickdavis
101,Rudi Johnson,CIN,HB,0.0,0.0,0.0,0.0,0.0,4.0,10.0,0.0,1.0,3.0,0.0,nfl_hist,rudijohnson
102,Tim Brown,OAK,WR,0.0,0.0,0.0,0.0,0.0,1.0,9.0,0.0,8.0,90.0,0.0,nfl_hist,timbrown
103,Chester Taylo,BAL,RB,0.0,0.0,0.0,0.0,0.0,2.0,9.0,0.0,1.0,16.0,0.0,nfl_hist,chestertaylo
104,Larry Centers,BUF,FB,0.0,0.0,0.0,0.0,0.0,1.0,8.0,0.0,3.0,35.0,0.0,nfl_hist,larrycenters
105,Ernie Conwell,STL,TE,0.0,0.0,0.0,0.0,0.0,1.0,8.0,0.0,2.0,13.0,0.0,nfl_hist,ernieconwell
106,Tony Richardson,KAN,FB,0.0,0.0,0.0,0.0,0.0,2.0,8.0,1.0,0.0,0.0,0.0,nfl_hist,tonyrichardson
107,Jamel White,CLE,RB,0.0,0.0,0.0,0.0,0.0,1.0,7.0,0.0,2.0,11.0,0.0,nfl_hist,jamelwhite
108,Mike Anderson,DEN,TE,0.0,0.0,0.0,0.0,0.0,2.0,6.0,0.0,0.0,0.0,0.0,nfl_hist,mikeanderson
109,Isaac Bruce,STL,WR,0.0,0.0,0.0,0.0,0.0,1.0,6.0,0.0,5.0,74.0,0.0,nfl_hist,isaacbruce
110,Joey Galloway,DAL,WR,0.0,0.0,0.0,0.0,0.0,1.0,6.0,0.0,3.0,54.0,1.0,nfl_hist,joeygalloway
111,James Jackson,CLE,RB,0.0,0.0,0.0,0.0,0.0,2.0,5.0,0.0,0.0,0.0,0.0,nfl_hist,jamesjackson
112,James Thrash,PHI,WR,0.0,0.0,0.0,0.0,0.0,2.0,5.0,0.0,2.0,16.0,0.0,nfl_hist,jamesthrash
113,Jim Kleinsasse,MIN,HB,0.0,0.0,0.0,0.0,0.0,1.0,4.0,0.0,3.0,30.0,0.0,nfl_hist,jimkleinsasse
114,Terrell Owens,SFO,WR,0.0,0.0,0.0,0.0,0.0,1.0,4.0,0.0,5.0,45.0,0.0,nfl_hist,terrellowens
115,Alan Ricard,BAL,FB,0.0,0.0,0.0,0.0,0.0,1.0,4.0,0.0,1.0,3.0,0.0,nfl_hist,alanricard
116,Kenny Watson,WAS,HB,0.0,0.0,0.0,0.0,0.0,1.0,4.0,0.0,2.0,14.0,0.0,nfl_hist,kennywatson
117,Brian Westbrook,PHI,RB/K,0.0,0.0,0.0,0.0,0.0,1.0,4.0,0.0,1.0,9.0,0.0,nfl_hist,brianwestbrook
118,Richie Anderson,NYJ,FB,0.0,0.0,0.0,0.0,0.0,1.0,3.0,0.0,1.0,0.0,0.0,nfl_hist,richieanderson
119,Bob Christian,ATL,FB,0.0,0.0,0.0,0.0,0.0,3.0,3.0,1.0,0.0,0.0,0.0,nfl_hist,bobchristian
120,Zack Crockett,OAK,RB,0.0,0.0,0.0,0.0,0.0,2.0,3.0,1.0,0.0,0.0,0.0,nfl_hist,zackcrockett
121,Donald Drive,GNB,WR,0.0,0.0,0.0,0.0,0.0,1.0,3.0,0.0,5.0,65.0,0.0,nfl_hist,donalddrive
122,Moe Williams,MIN,RB,0.0,0.0,0.0,0.0,0.0,5.0,3.0,0.0,0.0,0.0,0.0,nfl_hist,moewilliams
123,Fred Beasley,SFO,FB,0.0,0.0,0.0,0.0,0.0,1.0,2.0,0.0,1.0,1.0,0.0,nfl_hist,fredbeasley
124,Ron Dayne,NYG,RB,0.0,0.0,0.0,0.0,0.0,1.0,2.0,0.0,3.0,12.0,0.0,nfl_hist,rondayne
125,Troy Edwards,STL,WR,0.0,0.0,0.0,0.0,0.0,1.0,2.0,0.0,0.0,0.0,0.0,nfl_hist,troyedwards
126,Mike McMahon,DET,QB,0.0,0.0,0.0,0.0,0.0,1.0,2.0,0.0,1.0,7.0,0.0,nfl_hist,mikemcmahon
127,Jerry Rice,OAK,WR,0.0,0.0,0.0,0.0,0.0,1.0,1.0,0.0,4.0,66.0,1.0,nfl_hist,jerryrice
128,LaMont Jordan,NYJ,RB/K,0.0,0.0,0.0,0.0,0.0,1.0,0.0,0.0,3.0,24.0,0.0,nfl_hist,lamontjordan
129,Scott Playe,ARI,P,0.0,0.0,0.0,0.0,0.0,1.0,0.0,0.0,0.0,0.0,0.0,nfl_hist,scottplaye
130,Jonathan Wells,HOU,RB,0.0,0.0,0.0,0.0,0.0,3.0,0.0,0.0,0.0,0.0,0.0,nfl_hist,jonathanwells
131,Jonathan Quinn,KAN,,0.0,0.0,0.0,0.0,0.0,1.0,-1.0,0.0,0.0,0.0,0.0,nfl_hist,jonathanquinn
132,Maurice Morris,SEA,RB,0.0,0.0,0.0,0.0,0.0,1.0,-2.0,0.0,0.0,0.0,0.0,nfl_hist,mauricemorris
133,Olandis Gary,DEN,RB,0.0,0.0,0.0,0.0,0.0,1.0,-4.0,0.0,1.0,2.0,0.0,nfl_hist,olandisgary
134,Scottie Montgomery,DEN,WR,0.0,0.0,0.0,0.0,0.0,1.0,-5.0,0.0,0.0,0.0,0.0,nfl_hist,scottiemontgomery
135,Travis Taylo,BAL,WR,0.0,0.0,0.0,0.0,0.0,1.0,-5.0,0.0,3.0,59.0,1.0,nfl_hist,travistaylo
136,Peter Warrick,CIN,WR,0.0,0.0,0.0,0.0,0.0,1.0,-11.0,0.0,3.0,48.0,0.0,nfl_hist,peterwarrick
137,Laveranues Coles,NYJ,WR,0.0,0.0,0.0,0.0,0.0,0.0,0.0,0.0,10.0,158.0,0.0,nfl_hist,laveranuescoles
138,Randy Moss,MIN,WR,0.0,0.0,0.0,0.0,0.0,0.0,0.0,0.0,9.0,134.0,0.0,nfl_hist,randymoss
139,Eric Moulds,BUF,WR,0.0,0.0,0.0,0.0,0.0,0.0,0.0,0.0,5.0,130.0,1.0,nfl_hist,ericmoulds
140,Ed McCaffrey,DEN,WR,0.0,0.0,0.0,0.0,0.0,0.0,0.0,0.0,7.0,126.0,0.0,nfl_hist,edmccaffrey
141,Derrick Mason,TEN,WR,0.0,0.0,0.0,0.0,0.0,0.0,0.0,0.0,12.0,116.0,1.0,nfl_hist,derrickmason
142,Brian Finneran,ATL,WR,0.0,0.0,0.0,0.0,0.0,0.0,0.0,0.0,5.0,114.0,1.0,nfl_hist,brianfinneran
143,Darrell Jackson,SEA,WR,0.0,0.0,0.0,0.0,0.0,0.0,0.0,0.0,7.0,114.0,2.0,nfl_hist,darrelljackson
144,Troy Brown,NWE,WR,0.0,0.0,0.0,0.0,0.0,0.0,0.0,0.0,10.0,111.0,0.0,nfl_hist,troybrown
145,Keenan McCardell,TAM,WR,0.0,0.0,0.0,0.0,0.0,0.0,0.0,0.0,11.0,107.0,1.0,nfl_hist,keenanmccardell
146,Joe Horn,NOR,WR,0.0,0.0,0.0,0.0,0.0,0.0,0.0,0.0,5.0,106.0,1.0,nfl_hist,joehorn
147,Amani Toome,NYG,WR,0.0,0.0,0.0,0.0,0.0,0.0,0.0,0.0,5.0,104.0,0.0,nfl_hist,amanitoome
148,Marvin Harrison,IND,WR,0.0,0.0,0.0,0.0,0.0,0.0,0.0,0.0,9.0,101.0,0.0,nfl_hist,marvinharrison
149,Plaxico Burress,PIT,WR,0.0,0.0,0.0,0.0,0.0,0.0,0.0,0.0,5.0,95.0,0.0,nfl_hist,plaxicoburress
150,Koren Robinson,SEA,WR,0.0,0.0,0.0,0.0,0.0,0.0,0.0,0.0,4.0,95.0,1.0,nfl_hist,korenrobinson
151,Derrius Thompson,WAS,WR,0.0,0.0,0.0,0.0,0.0,0.0,0.0,0.0,6.0,94.0,1.0,nfl_hist,derriusthompson
152,Ron Dixon,NYG,WR,0.0,0.0,0.0,0.0,0.0,0.0,0.0,0.0,5.0,93.0,1.0,nfl_hist,rondixon
153,Peerless Price,BUF,WR,0.0,0.0,0.0,0.0,0.0,0.0,0.0,0.0,2.0,93.0,2.0,nfl_hist,peerlessprice
154,Ron Dugans,CIN,WR,0.0,0.0,0.0,0.0,0.0,0.0,0.0,0.0,7.0,81.0,0.0,nfl_hist,rondugans
155,Torry Holt,STL,WR,0.0,0.0,0.0,0.0,0.0,0.0,0.0,0.0,6.0,80.0,0.0,nfl_hist,torryholt
156,Chad Johnson,CIN,WR,0.0,0.0,0.0,0.0,0.0,0.0,0.0,0.0,4.0,78.0,1.0,nfl_hist,chadjohnson
157,Rod Gardne,WAS,WR,0.0,0.0,0.0,0.0,0.0,0.0,0.0,0.0,6.0,76.0,1.0,nfl_hist,rodgardne
158,Tony Gonzalez,KAN,TE,0.0,0.0,0.0,0.0,0.0,0.0,0.0,0.0,4.0,74.0,1.0,nfl_hist,tonygonzalez
159,Bobby Engram,SEA,WR,0.0,0.0,0.0,0.0,0.0,0.0,0.0,0.0,6.0,72.0,0.0,nfl_hist,bobbyengram
160,Jeremy Shockey,NYG,TE,0.0,0.0,0.0,0.0,0.0,0.0,0.0,0.0,7.0,71.0,0.0,nfl_hist,jeremyshockey
161,D'Wayne Bates,MIN,WR,0.0,0.0,0.0,0.0,0.0,0.0,0.0,0.0,5.0,70.0,0.0,nfl_hist,dwaynebates
162,Wayne Chrebet,NYJ,WR,0.0,0.0,0.0,0.0,0.0,0.0,0.0,0.0,5.0,66.0,1.0,nfl_hist,waynechrebet
163,Tai Streets,SFO,WR,0.0,0.0,0.0,0.0,0.0,0.0,0.0,0.0,6.0,66.0,0.0,nfl_hist,taistreets
164,Drew Bennett,TEN,WR,0.0,0.0,0.0,0.0,0.0,0.0,0.0,0.0,4.0,65.0,1.0,nfl_hist,drewbennett
165,Todd Pinkston,PHI,WR,0.0,0.0,0.0,0.0,0.0,0.0,0.0,0.0,3.0,64.0,0.0,nfl_hist,toddpinkston
166,Doug Jolley,OAK,TE,0.0,0.0,0.0,0.0,0.0,0.0,0.0,0.0,5.0,58.0,0.0,nfl_hist,dougjolley
167,Dustin Lyman,CHI,TE,0.0,0.0,0.0,0.0,0.0,0.0,0.0,0.0,7.0,58.0,2.0,nfl_hist,dustinlyman
168,Kevin Johnson,CLE,WR,0.0,0.0,0.0,0.0,0.0,0.0,0.0,0.0,5.0,57.0,0.0,nfl_hist,kevinjohnson
169,Kyle Brady,JAX,TE,0.0,0.0,0.0,0.0,0.0,0.0,0.0,0.0,3.0,54.0,1.0,nfl_hist,kylebrady
170,Dwayne Carswell,DEN,TE,0.0,0.0,0.0,0.0,0.0,0.0,0.0,0.0,5.0,54.0,0.0,nfl_hist,dwaynecarswell
171,Keyshawn Johnson,TAM,WR,0.0,0.0,0.0,0.0,0.0,0.0,0.0,0.0,5.0,53.0,0.0,nfl_hist,keyshawnjohnson
172,Bobby Shaw,JAX,WR,0.0,0.0,0.0,0.0,0.0,0.0,0.0,0.0,4.0,53.0,0.0,nfl_hist,bobbyshaw
173,Marty Booke,CHI,WR,0.0,0.0,0.0,0.0,0.0,0.0,0.0,0.0,6.0,52.0,0.0,nfl_hist,martybooke
174,Muhsin Muhammad,CAR,WR,0.0,0.0,0.0,0.0,0.0,0.0,0.0,0.0,4.0,49.0,0.0,nfl_hist,muhsinmuhammad
175,Eric Parke,SDG,WR,0.0,0.0,0.0,0.0,0.0,0.0,0.0,0.0,3.0,48.0,0.0,nfl_hist,ericparke
176,Germane Crowell,DET,WR,0.0,0.0,0.0,0.0,0.0,0.0,0.0,0.0,5.0,46.0,0.0,nfl_hist,germanecrowell
177,Marcus Robinson,CHI,WR,0.0,0.0,0.0,0.0,0.0,0.0,0.0,0.0,1.0,45.0,1.0,nfl_hist,marcusrobinson
178,Chad Lewis,PHI,TE,0.0,0.0,0.0,0.0,0.0,0.0,0.0,0.0,3.0,44.0,0.0,nfl_hist,chadlewis
179,John Simon,TEN,RB,0.0,0.0,0.0,0.0,0.0,0.0,0.0,0.0,2.0,44.0,0.0,nfl_hist,johnsimon
180,Jake Reed,NOR,WR,0.0,0.0,0.0,0.0,0.0,0.0,0.0,0.0,3.0,43.0,1.0,nfl_hist,jakereed
181,Reggie Wayne,IND,WR,0.0,0.0,0.0,0.0,0.0,0.0,0.0,0.0,3.0,43.0,0.0,nfl_hist,reggiewayne
182,Antonio Bryant,DAL,WR,0.0,0.0,0.0,0.0,0.0,0.0,0.0,0.0,2.0,41.0,1.0,nfl_hist,antoniobryant
183,Billy Mille,HOU,TE,0.0,0.0,0.0,0.0,0.0,0.0,0.0,0.0,4.0,41.0,0.0,nfl_hist,billymille
184,Stephen Alexande,SDG,TE,0.0,0.0,0.0,0.0,0.0,0.0,0.0,0.0,3.0,40.0,0.0,nfl_hist,stephenalexande
185,Scotty Anderson,DET,WR,0.0,0.0,0.0,0.0,0.0,0.0,0.0,0.0,2.0,40.0,0.0,nfl_hist,scottyanderson
186,Itula Mili,SEA,TE,0.0,0.0,0.0,0.0,0.0,0.0,0.0,0.0,3.0,40.0,0.0,nfl_hist,itulamili
187,Terry Glenn,GNB,WR,0.0,0.0,0.0,0.0,0.0,0.0,0.0,0.0,2.0,39.0,0.0,nfl_hist,terryglenn
188,Dez White,CHI,WR,0.0,0.0,0.0,0.0,0.0,0.0,0.0,0.0,5.0,39.0,0.0,nfl_hist,dezwhite
189,Larry Foste,DET,WR,0.0,0.0,0.0,0.0,0.0,0.0,0.0,0.0,2.0,38.0,0.0,nfl_hist,larryfoste
190,Alge Crumple,ATL,TE,0.0,0.0,0.0,0.0,0.0,0.0,0.0,0.0,3.0,36.0,0.0,nfl_hist,algecrumple
191,David Patten,NWE,WR,0.0,0.0,0.0,0.0,0.0,0.0,0.0,0.0,2.0,36.0,0.0,nfl_hist,davidpatten
192,Rod Smith,DEN,WR,0.0,0.0,0.0,0.0,0.0,0.0,0.0,0.0,2.0,36.0,0.0,nfl_hist,rodsmith
193,T.J. Houshmandzadeh,CIN,WR-P,0.0,0.0,0.0,0.0,0.0,0.0,0.0,0.0,4.0,35.0,1.0,nfl_hist,tjhoushmandzadeh
194,Nate Poole,ARI,WR,0.0,0.0,0.0,0.0,0.0,0.0,0.0,0.0,3.0,35.0,0.0,nfl_hist,natepoole
195,Bubba Franks,GNB,TE,0.0,0.0,0.0,0.0,0.0,0.0,0.0,0.0,6.0,34.0,1.0,nfl_hist,bubbafranks
196,Jason McAddley,ARI,WR,0.0,0.0,0.0,0.0,0.0,0.0,0.0,0.0,2.0,32.0,0.0,nfl_hist,jasonmcaddley
197,Jerry Porte,OAK,WR,0.0,0.0,0.0,0.0,0.0,0.0,0.0,0.0,2.0,32.0,0.0,nfl_hist,jerryporte
198,Matt Schobel,CIN,TE,0.0,0.0,0.0,0.0,0.0,0.0,0.0,0.0,4.0,32.0,0.0,nfl_hist,mattschobel
199,Marc Boerigte,KAN,WR,0.0,0.0,0.0,0.0,0.0,0.0,0.0,0.0,2.0,30.0,2.0,nfl_hist,marcboerigte
200,Todd Heap,BAL,TE,0.0,0.0,0.0,0.0,0.0,0.0,0.0,0.0,3.0,30.0,1.0,nfl_hist,toddheap
201,Freddie Jones,ARI,TE,0.0,0.0,0.0,0.0,0.0,0.0,0.0,0.0,5.0,29.0,0.0,nfl_hist,freddiejones
202,Ricky Proehl,STL,WR,0.0,0.0,0.0,0.0,0.0,0.0,0.0,0.0,3.0,29.0,0.0,nfl_hist,rickyproehl
203,Jerramy Stevens,SEA,TE,0.0,0.0,0.0,0.0,0.0,0.0,0.0,0.0,2.0,29.0,0.0,nfl_hist,jerramystevens
204,Reche Caldwell,SDG,WR,0.0,0.0,0.0,0.0,0.0,0.0,0.0,0.0,3.0,27.0,0.0,nfl_hist,rechecaldwell
205,Bill Schroede,DET,WR,0.0,0.0,0.0,0.0,0.0,0.0,0.0,0.0,2.0,27.0,0.0,nfl_hist,billschroede
206,Jerame Tuman,PIT,TE,0.0,0.0,0.0,0.0,0.0,0.0,0.0,0.0,1.0,27.0,0.0,nfl_hist,jerametuman
207,Reuben Droughns,DEN,RB,0.0,0.0,0.0,0.0,0.0,0.0,0.0,0.0,2.0,26.0,1.0,nfl_hist,reubendroughns
208,Antonio Freeman,PHI,WR,0.0,0.0,0.0,0.0,0.0,0.0,0.0,0.0,2.0,26.0,0.0,nfl_hist,antoniofreeman
209,Qadry Ismail,IND,WR,0.0,0.0,0.0,0.0,0.0,0.0,0.0,0.0,1.0,26.0,0.0,nfl_hist,qadryismail
210,Jimmy Smith,JAX,WR,0.0,0.0,0.0,0.0,0.0,0.0,0.0,0.0,3.0,26.0,1.0,nfl_hist,jimmysmith
211,Wesley Walls,CAR,TE,0.0,0.0,0.0,0.0,0.0,0.0,0.0,0.0,1.0,24.0,1.0,nfl_hist,wesleywalls
212,Frank Wycheck,TEN,TE,0.0,0.0,0.0,0.0,0.0,0.0,0.0,0.0,3.0,24.0,1.0,nfl_hist,frankwycheck
213,Dante Hall,KAN,WR,0.0,0.0,0.0,0.0,0.0,0.0,0.0,0.0,2.0,23.0,0.0,nfl_hist,dantehall
214,Robert Thomas,DAL,FB,0.0,0.0,0.0,0.0,0.0,0.0,0.0,0.0,1.0,23.0,0.0,nfl_hist,robertthomas
215,Roland Williams,OAK,TE,0.0,0.0,0.0,0.0,0.0,0.0,0.0,0.0,2.0,22.0,0.0,nfl_hist,rolandwilliams
216,JaJuan Dawson,HOU,WR,0.0,0.0,0.0,0.0,0.0,0.0,0.0,0.0,2.0,20.0,0.0,nfl_hist,jajuandawson
217,J.J. Stokes,SFO,WR,0.0,0.0,0.0,0.0,0.0,0.0,0.0,0.0,1.0,20.0,0.0,nfl_hist,jjstokes
218,Christian Fauria,NWE,TE,0.0,0.0,0.0,0.0,0.0,0.0,0.0,0.0,2.0,19.0,0.0,nfl_hist,christianfauria
219,Tim Dwight,SDG,WR,0.0,0.0,0.0,0.0,0.0,0.0,0.0,0.0,1.0,18.0,0.0,nfl_hist,timdwight
220,Jabar Gaffney,HOU,WR,0.0,0.0,0.0,0.0,0.0,0.0,0.0,0.0,2.0,18.0,0.0,nfl_hist,jabargaffney
221,Steve Heiden,CLE,TE,0.0,0.0,0.0,0.0,0.0,0.0,0.0,0.0,2.0,18.0,0.0,nfl_hist,steveheiden
222,Joe Jurevicius,TAM,WR,0.0,0.0,0.0,0.0,0.0,0.0,0.0,0.0,2.0,18.0,0.0,nfl_hist,joejurevicius
223,Josh Norman,SDG,TE,0.0,0.0,0.0,0.0,0.0,0.0,0.0,0.0,2.0,18.0,0.0,nfl_hist,joshnorman
224,Mikhael Ricks,DET,TE,0.0,0.0,0.0,0.0,0.0,0.0,0.0,0.0,2.0,18.0,0.0,nfl_hist,mikhaelricks
225,Jed Weave,MIA,TE,0.0,0.0,0.0,0.0,0.0,0.0,0.0,0.0,2.0,18.0,1.0,nfl_hist,jedweave
226,Chris Chambers,MIA,WR,0.0,0.0,0.0,0.0,0.0,0.0,0.0,0.0,2.0,17.0,0.0,nfl_hist,chrischambers
227,Bryan Johnson,WAS,FB,0.0,0.0,0.0,0.0,0.0,0.0,0.0,0.0,3.0,17.0,0.0,nfl_hist,bryanjohnson
228,Dan Kreide,PIT,FB,0.0,0.0,0.0,0.0,0.0,0.0,0.0,0.0,2.0,17.0,0.0,nfl_hist,dankreide
229,Chris Walsh,MIN,WR,0.0,0.0,0.0,0.0,0.0,0.0,0.0,0.0,2.0,17.0,0.0,nfl_hist,chriswalsh
230,Zeron Flemiste,WAS,TE,0.0,0.0,0.0,0.0,0.0,0.0,0.0,0.0,1.0,16.0,1.0,nfl_hist,zeronflemiste
231,John Gilmore,CHI,TE,0.0,0.0,0.0,0.0,0.0,0.0,0.0,0.0,2.0,16.0,0.0,nfl_hist,johngilmore
232,Daniel Graham,NWE,TE,0.0,0.0,0.0,0.0,0.0,0.0,0.0,0.0,1.0,16.0,0.0,nfl_hist,danielgraham
233,Marcus Pollard,IND,TE,0.0,0.0,0.0,0.0,0.0,0.0,0.0,0.0,1.0,16.0,1.0,nfl_hist,marcuspollard
234,Chris Doering,WAS,WR,0.0,0.0,0.0,0.0,0.0,0.0,0.0,0.0,2.0,15.0,0.0,nfl_hist,chrisdoering
235,Fred McCrary,SDG,FB,0.0,0.0,0.0,0.0,0.0,0.0,0.0,0.0,4.0,15.0,0.0,nfl_hist,fredmccrary
236,Eddie Berlin,TEN,WR,0.0,0.0,0.0,0.0,0.0,0.0,0.0,0.0,1.0,14.0,0.0,nfl_hist,eddieberlin
237,Jon Ritchie,OAK,WR,0.0,0.0,0.0,0.0,0.0,0.0,0.0,0.0,1.0,14.0,0.0,nfl_hist,jonritchie
238,Jameel Cook,TAM,FB,0.0,0.0,0.0,0.0,0.0,0.0,0.0,0.0,1.0,13.0,0.0,nfl_hist,jameelcook
239,Reggie Kelly,ATL,TE,0.0,0.0,0.0,0.0,0.0,0.0,0.0,0.0,2.0,13.0,0.0,nfl_hist,reggiekelly
240,Stephen Trejo,DET,FB,0.0,0.0,0.0,0.0,0.0,0.0,0.0,0.0,2.0,13.0,0.0,nfl_hist,stephentrejo
241,Javon Walke,GNB,WR,0.0,0.0,0.0,0.0,0.0,0.0,0.0,0.0,1.0,12.0,0.0,nfl_hist,javonwalke
242,Ken Dilge,TAM,TE,0.0,0.0,0.0,0.0,0.0,0.0,0.0,0.0,1.0,11.0,0.0,nfl_hist,kendilge
243,Darnay Scott,DAL,WR,0.0,0.0,0.0,0.0,0.0,0.0,0.0,0.0,1.0,11.0,0.0,nfl_hist,darnayscott
244,Dedric Ward,MIA,WR,0.0,0.0,0.0,0.0,0.0,0.0,0.0,0.0,1.0,11.0,0.0,nfl_hist,dedricward
245,Trevor Gaylo,ATL,WR,0.0,0.0,0.0,0.0,0.0,0.0,0.0,0.0,1.0,10.0,0.0,nfl_hist,trevorgaylo
246,Erron Kinney,TEN,TE,0.0,0.0,0.0,0.0,0.0,0.0,0.0,0.0,1.0,10.0,0.0,nfl_hist,erronkinney
247,Tony McGee,DAL,TE,0.0,0.0,0.0,0.0,0.0,0.0,0.0,0.0,1.0,10.0,0.0,nfl_hist,tonymcgee
248,Kris Mangum,CAR,TE,0.0,0.0,0.0,0.0,0.0,0.0,0.0,0.0,1.0,9.0,0.0,nfl_hist,krismangum
249,Donte' Stallworth,NOR,WR,0.0,0.0,0.0,0.0,0.0,0.0,0.0,0.0,1.0,9.0,0.0,nfl_hist,dontestallworth
250,Dave Moore,BUF,TE,0.0,0.0,0.0,0.0,0.0,0.0,0.0,0.0,1.0,8.0,0.0,nfl_hist,davemoore
251,Jay Riemersma,BUF,TE,0.0,0.0,0.0,0.0,0.0,0.0,0.0,0.0,1.0,8.0,0.0,nfl_hist,jayriemersma
252,Byron Chamberlain,MIN,TE,0.0,0.0,0.0,0.0,0.0,0.0,0.0,0.0,1.0,7.0,0.0,nfl_hist,byronchamberlain
253,Jabari Holloway,HOU,WR,0.0,0.0,0.0,0.0,0.0,0.0,0.0,0.0,1.0,7.0,0.0,nfl_hist,jabariholloway
254,Robert Ferguson,GNB,WR,0.0,0.0,0.0,0.0,0.0,0.0,0.0,0.0,1.0,6.0,0.0,nfl_hist,robertferguson
255,Patrick Hape,DEN,TE/F,0.0,0.0,0.0,0.0,0.0,0.0,0.0,0.0,1.0,6.0,0.0,nfl_hist,patrickhape
256,Stanley Pritchett,CHI,FB,0.0,0.0,0.0,0.0,0.0,0.0,0.0,0.0,1.0,6.0,0.0,nfl_hist,stanleypritchett
257,Jerald Sowell,NYJ,FB,0.0,0.0,0.0,0.0,0.0,0.0,0.0,0.0,1.0,6.0,1.0,nfl_hist,jeraldsowell
258,William Henderson,GNB,FB,0.0,0.0,0.0,0.0,0.0,0.0,0.0,0.0,2.0,5.0,1.0,nfl_hist,williamhenderson
259,Ahmad Merritt,CHI,WR,0.0,0.0,0.0,0.0,0.0,0.0,0.0,0.0,1.0,5.0,0.0,nfl_hist,ahmadmerritt
260,Josh Reed,BUF,WR,0.0,0.0,0.0,0.0,0.0,0.0,0.0,0.0,1.0,5.0,0.0,nfl_hist,joshreed
261,Joe Davenport,IND,TE,0.0,0.0,0.0,0.0,0.0,0.0,0.0,0.0,1.0,4.0,0.0,nfl_hist,joedavenport
262,Ashley Lelie,DEN,WR,0.0,0.0,0.0,0.0,0.0,0.0,0.0,0.0,1.0,4.0,0.0,nfl_hist,ashleylelie
263,Paul Smith,SFO,RB,0.0,0.0,0.0,0.0,0.0,0.0,0.0,0.0,1.0,4.0,0.0,nfl_hist,paulsmith
264,John Jones,BAL,TE,0.0,0.0,0.0,0.0,0.0,0.0,0.0,0.0,1.0,3.0,0.0,nfl_hist,johnjones
265,Nick Luchey,CIN,TE,0.0,0.0,0.0,0.0,0.0,0.0,0.0,0.0,1.0,3.0,0.0,nfl_hist,nickluchey
266,Steve Smith,CAR,WR,0.0,0.0,0.0,0.0,0.0,0.0,0.0,0.0,1.0,3.0,0.0,nfl_hist,stevesmith
267,Jarrod Baxte,HOU,FB,0.0,0.0,0.0,0.0,0.0,0.0,0.0,0.0,1.0,2.0,0.0,nfl_hist,jarrodbaxte
268,Hunter Goodwin,MIN,TE,0.0,0.0,0.0,0.0,0.0,0.0,0.0,0.0,1.0,2.0,1.0,nfl_hist,huntergoodwin
269,Randy McMichael,MIA,TE,0.0,0.0,0.0,0.0,0.0,0.0,0.0,0.0,2.0,2.0,0.0,nfl_hist,randymcmichael
270,Dan Campbell,NYG,TE,0.0,0.0,0.0,0.0,0.0,0.0,0.0,0.0,1.0,1.0,1.0,nfl_hist,dancampbell
271,Steve Bush,ARI,TE,0.0,0.0,0.0,0.0,0.0,0.0,0.0,0.0,1.0,0.0,0.0,nfl_hist,stevebush
272,Troy Walters,IND,WR,0.0,0.0,0.0,0.0,0.0,0.0,0.0,0.0,0.0,0.0,0.0,nfl_hist,troywalters
273,Rock Cartwright,WAS,FB,0.0,0.0,0.0,0.0,0.0,0.0,0.0,0.0,0.0,0.0,0.0,nfl_hist,rockcartwright
274,Frank Murphy,HOU,WR,0.0,0.0,0.0,0.0,0.0,0.0,0.0,0.0,0.0,0.0,0.0,nfl_hist,frankmurphy
275,Dwight Smith,TAM,CB,0.0,0.0,0.0,0.0,0.0,0.0,0.0,0.0,0.0,0.0,0.0,nfl_hist,dwightsmith
276,Deltha O'Neal,DEN,LCB,0.0,0.0,0.0,0.0,0.0,0.0,0.0,0.0,0.0,0.0,0.0,nfl_hist,delthaoneal
277,Darrien Gordon,GNB,CB/K,0.0,0.0,0.0,0.0,0.0,0.0,0.0,0.0,0.0,0.0,0.0,nfl_hist,darriengordon
278,Damon Moore,CHI,S,0.0,0.0,0.0,0.0,0.0,0.0,0.0,0.0,0.0,0.0,0.0,nfl_hist,damonmoore
279,Chad Morton,NYJ,RB/K,0.0,0.0,0.0,0.0,0.0,0.0,0.0,0.0,0.0,0.0,0.0,nfl_hist,chadmorton
280,Bobby Taylo,PHI,RCB,0.0,0.0,0.0,0.0,0.0,0.0,0.0,0.0,0.0,0.0,0.0,nfl_hist,bobbytaylo
281,Aaron Stecke,TAM,RB,0.0,0.0,0.0,0.0,0.0,0.0,0.0,0.0,0.0,0.0,0.0,nfl_hist,aaronstecke
