,player,team,position,pass_yds,pass_tds,pass_int,pass_att,pass_comp,rush_att,rush_yds,rush_tds,rcv_rec,rcv_yds,rcv_tds,source,pname_merge
0,Mark Brunell,JAX,QB,223.0,3.0,0.0,28.0,19.0,3.0,7.0,0.0,0.0,0.0,0.0,nfl_hist,markbrunell
1,Daunte Culpeppe,MIN,QB,312.0,2.0,0.0,36.0,26.0,7.0,73.0,2.0,0.0,0.0,0.0,nfl_hist,daunteculpeppe
2,Matt Hasselbeck,SEA,QB,298.0,1.0,0.0,31.0,22.0,2.0,6.0,0.0,0.0,0.0,0.0,nfl_hist,matthasselbeck
3,Patrick Ramsey,WAS,QB,213.0,3.0,0.0,35.0,23.0,2.0,3.0,0.0,0.0,0.0,0.0,nfl_hist,patrickramsey
4,Aaron Brooks,NOR,QB,255.0,2.0,0.0,33.0,21.0,3.0,5.0,0.0,0.0,0.0,0.0,nfl_hist,aaronbrooks
5,Jeff Blake,BAL,QB,228.0,2.0,0.0,30.0,18.0,7.0,10.0,0.0,0.0,0.0,0.0,nfl_hist,jeffblake
6,Tim Couch,CLE,QB,287.0,2.0,0.0,35.0,21.0,3.0,8.0,0.0,0.0,0.0,0.0,nfl_hist,timcouch
7,Brian Griese,DEN,QB,297.0,1.0,1.0,26.0,18.0,2.0,8.0,0.0,0.0,0.0,0.0,nfl_hist,briangriese
8,Jake Plumme,ARI,QB,258.0,2.0,1.0,27.0,17.0,4.0,33.0,0.0,0.0,0.0,0.0,nfl_hist,jakeplumme
9,Brett Favre,GNB,QB,201.0,1.0,0.0,33.0,25.0,5.0,2.0,0.0,0.0,0.0,0.0,nfl_hist,brettfavre
10,Jay Fiedle,MIA,QB,237.0,1.0,0.0,32.0,21.0,4.0,10.0,0.0,0.0,0.0,0.0,nfl_hist,jayfiedle
11,Jesse Palme,NYG,QB,30.0,0.0,0.0,4.0,3.0,1.0,-3.0,0.0,0.0,0.0,0.0,nfl_hist,jessepalme
12,Chris Chandle,CHI,QB,177.0,0.0,0.0,27.0,22.0,3.0,3.0,0.0,0.0,0.0,0.0,nfl_hist,chrischandle
13,Chad Pennington,NYJ,QB,207.0,1.0,0.0,33.0,22.0,1.0,0.0,0.0,0.0,0.0,0.0,nfl_hist,chadpennington
14,Peyton Manning,IND,QB,277.0,2.0,1.0,34.0,20.0,6.0,24.0,0.0,0.0,0.0,0.0,nfl_hist,peytonmanning
15,Antwaan Randle El,PIT,WR,6.0,0.0,0.0,1.0,1.0,2.0,10.0,0.0,1.0,5.0,0.0,nfl_hist,antwaanrandleel
16,A.J. Feeley,PHI,QB,220.0,2.0,1.0,28.0,16.0,2.0,5.0,0.0,0.0,0.0,0.0,nfl_hist,ajfeeley
17,Trent Green,KAN,QB,310.0,2.0,0.0,42.0,18.0,2.0,9.0,0.0,0.0,0.0,0.0,nfl_hist,trentgreen
18,Marc Bulge,STL,QB,319.0,2.0,2.0,40.0,24.0,1.0,-1.0,0.0,0.0,0.0,0.0,nfl_hist,marcbulge
19,Brad Johnson,TAM,QB,253.0,0.0,0.0,41.0,24.0,2.0,2.0,0.0,0.0,0.0,0.0,nfl_hist,bradjohnson
20,Tommy Maddox,PIT,QB,209.0,1.0,1.0,33.0,20.0,1.0,0.0,0.0,0.0,0.0,0.0,nfl_hist,tommymaddox
21,Rodney Peete,CAR,QB,112.0,1.0,0.0,27.0,14.0,2.0,0.0,0.0,0.0,0.0,0.0,nfl_hist,rodneypeete
22,Drew Brees,SDG,QB,148.0,0.0,0.0,24.0,13.0,0.0,0.0,0.0,0.0,0.0,0.0,nfl_hist,drewbrees
23,Rich Gannon,OAK,QB,204.0,1.0,1.0,31.0,17.0,2.0,10.0,0.0,0.0,0.0,0.0,nfl_hist,richgannon
24,Kerry Collins,NYG,QB,190.0,0.0,0.0,27.0,13.0,2.0,-1.0,0.0,0.0,0.0,0.0,nfl_hist,kerrycollins
25,Michael Vick,ATL,QB,240.0,2.0,2.0,38.0,21.0,13.0,40.0,0.0,0.0,0.0,0.0,nfl_hist,michaelvick
26,Mike McMahon,DET,QB,158.0,1.0,1.0,21.0,10.0,2.0,1.0,1.0,0.0,0.0,0.0,nfl_hist,mikemcmahon
27,Jeff Garcia,SFO,QB,156.0,1.0,1.0,34.0,19.0,5.0,32.0,0.0,0.0,0.0,0.0,nfl_hist,jeffgarcia
28,Jon Kitna,CIN,QB,258.0,0.0,1.0,42.0,22.0,2.0,5.0,1.0,0.0,0.0,0.0,nfl_hist,jonkitna
29,Rohan Davey,NWE,QB,3.0,0.0,0.0,2.0,1.0,0.0,0.0,0.0,0.0,0.0,0.0,nfl_hist,rohandavey
30,Doug Flutie,SDG,QB,64.0,0.0,0.0,11.0,3.0,1.0,6.0,0.0,0.0,0.0,0.0,nfl_hist,dougflutie
31,David Ca,HOU,QB,196.0,0.0,2.0,34.0,19.0,2.0,1.0,0.0,0.0,0.0,0.0,nfl_hist,davidca
32,Tom Brady,NWE,QB,134.0,0.0,1.0,29.0,14.0,2.0,10.0,1.0,0.0,0.0,0.0,nfl_hist,tombrady
33,Steve McNai,TEN,QB,136.0,0.0,1.0,24.0,11.0,6.0,49.0,2.0,0.0,0.0,0.0,nfl_hist,stevemcnai
34,Drew Bledsoe,BUF,QB,107.0,0.0,0.0,33.0,11.0,1.0,0.0,0.0,0.0,0.0,0.0,nfl_hist,drewbledsoe
35,Chad Hutchinson,DAL,QB,161.0,1.0,2.0,40.0,16.0,3.0,20.0,0.0,0.0,0.0,0.0,nfl_hist,chadhutchinson
36,Joey Harrington,DET,QB,0.0,0.0,0.0,1.0,0.0,0.0,0.0,0.0,0.0,0.0,0.0,nfl_hist,joeyharrington
37,Chris Weinke,CAR,QB,14.0,0.0,1.0,7.0,3.0,1.0,-1.0,0.0,0.0,0.0,0.0,nfl_hist,chrisweinke
38,Priest Holmes,KAN,RB,0.0,0.0,0.0,0.0,0.0,18.0,161.0,0.0,2.0,22.0,0.0,nfl_hist,priestholmes
39,Travis Henry,BUF,RB,0.0,0.0,0.0,0.0,0.0,22.0,144.0,2.0,0.0,0.0,0.0,nfl_hist,travishenry
40,Clinton Portis,DEN,RB,0.0,0.0,0.0,0.0,0.0,21.0,130.0,3.0,3.0,75.0,1.0,nfl_hist,clintonportis
41,Shaun Alexande,SEA,RB,0.0,0.0,0.0,0.0,0.0,28.0,127.0,2.0,1.0,15.0,0.0,nfl_hist,shaunalexande
42,Curtis Martin,NYJ,RB,0.0,0.0,0.0,0.0,0.0,21.0,127.0,0.0,4.0,33.0,0.0,nfl_hist,curtismartin
43,LaDainian Tomlinson,SDG,RB,0.0,0.0,0.0,0.0,0.0,28.0,110.0,1.0,3.0,13.0,0.0,nfl_hist,ladainiantomlinson
44,Warrick Dunn,ATL,RB,0.0,0.0,0.0,0.0,0.0,20.0,101.0,0.0,6.0,45.0,0.0,nfl_hist,warrickdunn
45,Eddie George,TEN,RB,0.0,0.0,0.0,0.0,0.0,31.0,101.0,0.0,2.0,16.0,0.0,nfl_hist,eddiegeorge
46,Ricky Williams,MIA,HB,0.0,0.0,0.0,0.0,0.0,27.0,101.0,0.0,5.0,39.0,0.0,nfl_hist,rickywilliams
47,Ahman Green,GNB,RB,0.0,0.0,0.0,0.0,0.0,24.0,90.0,1.0,3.0,0.0,0.0,nfl_hist,ahmangreen
48,Robert Holcombe,TEN,RB,0.0,0.0,0.0,0.0,0.0,10.0,85.0,0.0,1.0,9.0,0.0,nfl_hist,robertholcombe
49,Tiki Barbe,NYG,RB,0.0,0.0,0.0,0.0,0.0,11.0,81.0,1.0,3.0,51.0,0.0,nfl_hist,tikibarbe
50,Ron Dayne,NYG,RB,0.0,0.0,0.0,0.0,0.0,19.0,80.0,2.0,0.0,0.0,0.0,nfl_hist,rondayne
51,Marcel Shipp,ARI,WR,0.0,0.0,0.0,0.0,0.0,26.0,79.0,2.0,2.0,79.0,1.0,nfl_hist,marcelshipp
52,James Mungro,IND,RB,0.0,0.0,0.0,0.0,0.0,14.0,75.0,2.0,2.0,8.0,0.0,nfl_hist,jamesmungro
53,Jerome Bettis,PIT,RB,0.0,0.0,0.0,0.0,0.0,18.0,73.0,2.0,1.0,9.0,0.0,nfl_hist,jeromebettis
54,Fred Taylo,JAX,RB,0.0,0.0,0.0,0.0,0.0,18.0,71.0,0.0,4.0,43.0,0.0,nfl_hist,fredtaylo
55,William Green,CLE,RB,0.0,0.0,0.0,0.0,0.0,22.0,69.0,1.0,3.0,24.0,0.0,nfl_hist,williamgreen
56,Deuce McAlliste,NOR,RB,0.0,0.0,0.0,0.0,0.0,18.0,69.0,0.0,3.0,27.0,1.0,nfl_hist,deucemcalliste
57,Aveion Cason,DET,HB,0.0,0.0,0.0,0.0,0.0,10.0,62.0,0.0,2.0,38.0,0.0,nfl_hist,aveioncason
58,Duce Staley,PHI,RB,0.0,0.0,0.0,0.0,0.0,20.0,62.0,1.0,2.0,44.0,1.0,nfl_hist,ducestaley
59,Mike Anderson,DEN,RB,0.0,0.0,0.0,0.0,0.0,12.0,59.0,0.0,2.0,19.0,0.0,nfl_hist,mikeanderson
60,Corey Dillon,CIN,HB,0.0,0.0,0.0,0.0,0.0,21.0,59.0,0.0,0.0,0.0,0.0,nfl_hist,coreydillon
61,Leon Johnson,CHI,RB,0.0,0.0,0.0,0.0,0.0,14.0,56.0,1.0,3.0,22.0,0.0,nfl_hist,leonjohnson
62,Garrison Hearst,SFO,RB,0.0,0.0,0.0,0.0,0.0,12.0,51.0,0.0,1.0,6.0,0.0,nfl_hist,garrisonhearst
63,Rafael Coope,DET,RB,0.0,0.0,0.0,0.0,0.0,8.0,50.0,0.0,0.0,0.0,0.0,nfl_hist,rafaelcoope
64,Ladell Betts,WAS,RB,0.0,0.0,0.0,0.0,0.0,16.0,49.0,0.0,2.0,7.0,0.0,nfl_hist,ladellbetts
65,Jamal Lewis,BAL,RB,0.0,0.0,0.0,0.0,0.0,20.0,49.0,0.0,4.0,12.0,0.0,nfl_hist,jamallewis
66,Jonathan Wells,HOU,RB,0.0,0.0,0.0,0.0,0.0,14.0,48.0,1.0,1.0,9.0,0.0,nfl_hist,jonathanwells
67,Mike Alstott,TAM,FB,0.0,0.0,0.0,0.0,0.0,11.0,47.0,1.0,3.0,23.0,0.0,nfl_hist,mikealstott
68,James Allen,HOU,RB,0.0,0.0,0.0,0.0,0.0,8.0,46.0,0.0,2.0,10.0,0.0,nfl_hist,jamesallen
69,Michael Bennett,MIN,RB,0.0,0.0,0.0,0.0,0.0,15.0,46.0,0.0,3.0,61.0,0.0,nfl_hist,michaelbennett
70,Michael Pittman,TAM,RB,0.0,0.0,0.0,0.0,0.0,11.0,46.0,1.0,5.0,47.0,0.0,nfl_hist,michaelpittman
71,Dorsey Levens,PHI,RB,0.0,0.0,0.0,0.0,0.0,8.0,43.0,0.0,2.0,11.0,0.0,nfl_hist,dorseylevens
72,Troy Hambrick,DAL,RB,0.0,0.0,0.0,0.0,0.0,10.0,42.0,0.0,1.0,2.0,0.0,nfl_hist,troyhambrick
73,Edgerrin James,IND,RB,0.0,0.0,0.0,0.0,0.0,10.0,42.0,0.0,3.0,20.0,0.0,nfl_hist,edgerrinjames
74,Amos Zereoue,PIT,RB,0.0,0.0,0.0,0.0,0.0,14.0,40.0,0.0,6.0,31.0,0.0,nfl_hist,amoszereoue
75,Marshall Faulk,STL,RB,0.0,0.0,0.0,0.0,0.0,9.0,39.0,0.0,2.0,7.0,0.0,nfl_hist,marshallfaulk
76,Adrian Peterson,CHI,RB,0.0,0.0,0.0,0.0,0.0,7.0,39.0,1.0,1.0,16.0,0.0,nfl_hist,adrianpeterson
77,Tyrone Wheatley,OAK,RB,0.0,0.0,0.0,0.0,0.0,4.0,33.0,0.0,0.0,0.0,0.0,nfl_hist,tyronewheatley
78,Emmitt Smith,DAL,RB,0.0,0.0,0.0,0.0,0.0,11.0,32.0,0.0,1.0,-2.0,0.0,nfl_hist,emmittsmith
79,Stacey Mack,JAX,RB,0.0,0.0,0.0,0.0,0.0,9.0,31.0,1.0,0.0,0.0,0.0,nfl_hist,staceymack
80,Cory Schlesinge,DET,FB,0.0,0.0,0.0,0.0,0.0,6.0,31.0,0.0,1.0,6.0,0.0,nfl_hist,coryschlesinge
81,Antowain Smith,NWE,RB,0.0,0.0,0.0,0.0,0.0,6.0,31.0,0.0,2.0,41.0,0.0,nfl_hist,antowainsmith
82,Aaron Stecke,TAM,RB,0.0,0.0,0.0,0.0,0.0,4.0,28.0,0.0,2.0,4.0,0.0,nfl_hist,aaronstecke
83,Randy Moss,MIN,WR,0.0,0.0,0.0,0.0,0.0,1.0,25.0,0.0,11.0,113.0,2.0,nfl_hist,randymoss
84,Kevan Barlow,SFO,RB,0.0,0.0,0.0,0.0,0.0,6.0,24.0,0.0,0.0,0.0,0.0,nfl_hist,kevanbarlow
85,Stephen Davis,WAS,RB,0.0,0.0,0.0,0.0,0.0,2.0,24.0,0.0,0.0,0.0,0.0,nfl_hist,stephendavis
86,Lamar Gordon,STL,RB,0.0,0.0,0.0,0.0,0.0,8.0,23.0,0.0,2.0,22.0,0.0,nfl_hist,lamargordon
87,Muhsin Muhammad,CAR,WR,0.0,0.0,0.0,0.0,0.0,1.0,20.0,0.0,5.0,39.0,0.0,nfl_hist,muhsinmuhammad
88,Dee Brown,CAR,RB,0.0,0.0,0.0,0.0,0.0,8.0,19.0,1.0,1.0,6.0,1.0,nfl_hist,deebrown
89,Jamel White,CLE,RB,0.0,0.0,0.0,0.0,0.0,3.0,19.0,0.0,6.0,73.0,0.0,nfl_hist,jamelwhite
90,Michael Wiley,DAL,RB,0.0,0.0,0.0,0.0,0.0,2.0,18.0,0.0,4.0,31.0,0.0,nfl_hist,michaelwiley
91,Joel Makovicka,ARI,FB,0.0,0.0,0.0,0.0,0.0,1.0,17.0,0.0,2.0,22.0,0.0,nfl_hist,joelmakovicka
92,Mike Cloud,KAN,RB,0.0,0.0,0.0,0.0,0.0,5.0,15.0,1.0,0.0,0.0,0.0,nfl_hist,mikecloud
93,Kevin Faulk,NWE,RB,0.0,0.0,0.0,0.0,0.0,5.0,15.0,0.0,1.0,0.0,0.0,nfl_hist,kevinfaulk
94,Todd Heap,BAL,TE,0.0,0.0,0.0,0.0,0.0,1.0,15.0,0.0,3.0,34.0,0.0,nfl_hist,toddheap
95,Charlie Garne,OAK,RB,0.0,0.0,0.0,0.0,0.0,6.0,13.0,0.0,6.0,46.0,0.0,nfl_hist,charliegarne
96,Mack Strong,SEA,FB,0.0,0.0,0.0,0.0,0.0,3.0,13.0,0.0,0.0,0.0,0.0,nfl_hist,mackstrong
97,Heath Evans,SEA,FB,0.0,0.0,0.0,0.0,0.0,3.0,10.0,0.0,0.0,0.0,0.0,nfl_hist,heathevans
98,Tony Fishe,GNB,RB,0.0,0.0,0.0,0.0,0.0,3.0,10.0,0.0,3.0,3.0,0.0,nfl_hist,tonyfishe
99,Travis Mino,MIA,RB,0.0,0.0,0.0,0.0,0.0,2.0,10.0,1.0,0.0,0.0,0.0,nfl_hist,travismino
100,Koren Robinson,SEA,WR,0.0,0.0,0.0,0.0,0.0,1.0,10.0,0.0,9.0,143.0,0.0,nfl_hist,korenrobinson
101,T.J. Duckett,ATL,RB,0.0,0.0,0.0,0.0,0.0,2.0,9.0,0.0,0.0,0.0,0.0,nfl_hist,tjduckett
102,Nick Goings,CAR,RB,0.0,0.0,0.0,0.0,0.0,3.0,9.0,0.0,1.0,-1.0,0.0,nfl_hist,nickgoings
103,Kenny Watson,WAS,HB,0.0,0.0,0.0,0.0,0.0,4.0,9.0,0.0,2.0,1.0,0.0,nfl_hist,kennywatson
104,Eric Moulds,BUF,WR,0.0,0.0,0.0,0.0,0.0,1.0,7.0,0.0,5.0,61.0,0.0,nfl_hist,ericmoulds
105,Laveranues Coles,NYJ,WR,0.0,0.0,0.0,0.0,0.0,1.0,5.0,0.0,5.0,71.0,0.0,nfl_hist,laveranuescoles
106,James Hodgins,STL,FB,0.0,0.0,0.0,0.0,0.0,1.0,5.0,0.0,0.0,0.0,0.0,nfl_hist,jameshodgins
107,Ahmad Merritt,CHI,WR,0.0,0.0,0.0,0.0,0.0,1.0,5.0,0.0,1.0,-3.0,0.0,nfl_hist,ahmadmerritt
108,Larry Centers,BUF,FB,0.0,0.0,0.0,0.0,0.0,1.0,4.0,0.0,1.0,5.0,0.0,nfl_hist,larrycenters
109,James Fenderson,NOR,RB,0.0,0.0,0.0,0.0,0.0,1.0,4.0,0.0,0.0,0.0,0.0,nfl_hist,jamesfenderson
110,Dan Kreide,PIT,TE,0.0,0.0,0.0,0.0,0.0,2.0,4.0,0.0,2.0,2.0,0.0,nfl_hist,dankreide
111,Alan Ricard,BAL,FB,0.0,0.0,0.0,0.0,0.0,2.0,4.0,0.0,0.0,0.0,0.0,nfl_hist,alanricard
112,Chester Taylo,BAL,RB,0.0,0.0,0.0,0.0,0.0,2.0,4.0,0.0,3.0,40.0,1.0,nfl_hist,chestertaylo
113,Mike Green,TEN,FB-R,0.0,0.0,0.0,0.0,0.0,1.0,3.0,0.0,0.0,0.0,0.0,nfl_hist,mikegreen
114,Brad Hoove,CAR,FB,0.0,0.0,0.0,0.0,0.0,1.0,3.0,0.0,0.0,0.0,0.0,nfl_hist,bradhoove
115,Henry Burris,CHI,QB,0.0,0.0,0.0,0.0,0.0,1.0,2.0,0.0,0.0,0.0,0.0,nfl_hist,henryburris
116,Donald Drive,GNB,WR,0.0,0.0,0.0,0.0,0.0,1.0,2.0,0.0,4.0,42.0,1.0,nfl_hist,donalddrive
117,Chad Morton,NYJ,RB/K,0.0,0.0,0.0,0.0,0.0,1.0,2.0,0.0,2.0,13.0,0.0,nfl_hist,chadmorton
118,Hines Ward,PIT,WR,0.0,0.0,0.0,0.0,0.0,1.0,2.0,0.0,3.0,39.0,0.0,nfl_hist,hinesward
119,Moe Williams,MIN,RB,0.0,0.0,0.0,0.0,0.0,1.0,2.0,0.0,1.0,6.0,0.0,nfl_hist,moewilliams
120,Ricky Williams,IND,RB,0.0,0.0,0.0,0.0,0.0,3.0,2.0,0.0,0.0,0.0,0.0,nfl_hist,rickywilliams
121,Brandon Bennett,CIN,HB-K,0.0,0.0,0.0,0.0,0.0,1.0,1.0,0.0,3.0,26.0,0.0,nfl_hist,brandonbennett
122,Rod Gardne,WAS,WR,0.0,0.0,0.0,0.0,0.0,1.0,1.0,0.0,3.0,58.0,1.0,nfl_hist,rodgardne
123,Tim Dwight,SDG,WR,0.0,0.0,0.0,0.0,0.0,1.0,0.0,0.0,5.0,81.0,0.0,nfl_hist,timdwight
124,Jim Kleinsasse,MIN,HB,0.0,0.0,0.0,0.0,0.0,1.0,0.0,0.0,2.0,20.0,0.0,nfl_hist,jimkleinsasse
125,Tony Richardson,KAN,FB,0.0,0.0,0.0,0.0,0.0,1.0,0.0,0.0,2.0,14.0,0.0,nfl_hist,tonyrichardson
126,Antonio Bryant,DAL,WR,0.0,0.0,0.0,0.0,0.0,1.0,-8.0,0.0,3.0,31.0,1.0,nfl_hist,antoniobryant
127,Dave Zastudil,BAL,P,0.0,0.0,0.0,0.0,0.0,1.0,-12.0,0.0,0.0,0.0,0.0,nfl_hist,davezastudil
128,Marvin Harrison,IND,WR,0.0,0.0,0.0,0.0,0.0,0.0,0.0,0.0,9.0,172.0,2.0,nfl_hist,marvinharrison
129,Dante Hall,KAN,WR,0.0,0.0,0.0,0.0,0.0,0.0,0.0,0.0,5.0,143.0,2.0,nfl_hist,dantehall
130,Torry Holt,STL,WR,0.0,0.0,0.0,0.0,0.0,0.0,0.0,0.0,7.0,141.0,1.0,nfl_hist,torryholt
131,Chris Chambers,MIA,WR,0.0,0.0,0.0,0.0,0.0,0.0,0.0,0.0,7.0,138.0,0.0,nfl_hist,chrischambers
132,Plaxico Burress,PIT,WR,0.0,0.0,0.0,0.0,0.0,0.0,0.0,0.0,6.0,120.0,1.0,nfl_hist,plaxicoburress
133,Darrell Jackson,SEA,WR,0.0,0.0,0.0,0.0,0.0,0.0,0.0,0.0,7.0,99.0,0.0,nfl_hist,darrelljackson
134,Amani Toome,NYG,WR,0.0,0.0,0.0,0.0,0.0,0.0,0.0,0.0,6.0,99.0,0.0,nfl_hist,amanitoome
135,Jimmy Smith,JAX,WR,0.0,0.0,0.0,0.0,0.0,0.0,0.0,0.0,7.0,98.0,1.0,nfl_hist,jimmysmith
136,Bill Schroede,DET,WR,0.0,0.0,0.0,0.0,0.0,0.0,0.0,0.0,4.0,96.0,1.0,nfl_hist,billschroede
137,Travis Taylo,BAL,WR,0.0,0.0,0.0,0.0,0.0,0.0,0.0,0.0,5.0,96.0,1.0,nfl_hist,travistaylo
138,Chad Johnson,CIN,WR,0.0,0.0,0.0,0.0,0.0,0.0,0.0,0.0,4.0,91.0,0.0,nfl_hist,chadjohnson
139,Keyshawn Johnson,TAM,WR,0.0,0.0,0.0,0.0,0.0,0.0,0.0,0.0,6.0,90.0,0.0,nfl_hist,keyshawnjohnson
140,Quincy Morgan,CLE,WR,0.0,0.0,0.0,0.0,0.0,0.0,0.0,0.0,3.0,90.0,1.0,nfl_hist,quincymorgan
141,Derrick Mason,TEN,WR,0.0,0.0,0.0,0.0,0.0,0.0,0.0,0.0,6.0,86.0,0.0,nfl_hist,derrickmason
142,Rod Smith,DEN,WR,0.0,0.0,0.0,0.0,0.0,0.0,0.0,0.0,3.0,83.0,0.0,nfl_hist,rodsmith
143,Billy Mille,HOU,TE,0.0,0.0,0.0,0.0,0.0,0.0,0.0,0.0,8.0,77.0,0.0,nfl_hist,billymille
144,Alge Crumple,ATL,TE,0.0,0.0,0.0,0.0,0.0,0.0,0.0,0.0,5.0,75.0,1.0,nfl_hist,algecrumple
145,Terrell Owens,SFO,WR,0.0,0.0,0.0,0.0,0.0,0.0,0.0,0.0,8.0,75.0,1.0,nfl_hist,terrellowens
146,Troy Brown,NWE,WR,0.0,0.0,0.0,0.0,0.0,0.0,0.0,0.0,8.0,73.0,0.0,nfl_hist,troybrown
147,Kevin Johnson,CLE,WR,0.0,0.0,0.0,0.0,0.0,0.0,0.0,0.0,5.0,70.0,1.0,nfl_hist,kevinjohnson
148,Derrius Thompson,WAS,WR,0.0,0.0,0.0,0.0,0.0,0.0,0.0,0.0,7.0,70.0,1.0,nfl_hist,derriusthompson
149,Ron Dugans,CIN,WR,0.0,0.0,0.0,0.0,0.0,0.0,0.0,0.0,6.0,69.0,0.0,nfl_hist,rondugans
150,Eddie Kennison,KAN,X,0.0,0.0,0.0,0.0,0.0,0.0,0.0,0.0,4.0,69.0,0.0,nfl_hist,eddiekennison
151,Ashley Lelie,DEN,WR,0.0,0.0,0.0,0.0,0.0,0.0,0.0,0.0,2.0,68.0,0.0,nfl_hist,ashleylelie
152,Eric Johnson,SFO,TE,0.0,0.0,0.0,0.0,0.0,0.0,0.0,0.0,8.0,66.0,0.0,nfl_hist,ericjohnson
153,Marty Booke,CHI,WR,0.0,0.0,0.0,0.0,0.0,0.0,0.0,0.0,9.0,62.0,0.0,nfl_hist,martybooke
154,Doug Jolley,OAK,TE,0.0,0.0,0.0,0.0,0.0,0.0,0.0,0.0,3.0,62.0,0.0,nfl_hist,dougjolley
155,Trevor Gaylo,ATL,WR,0.0,0.0,0.0,0.0,0.0,0.0,0.0,0.0,4.0,60.0,1.0,nfl_hist,trevorgaylo
156,Joe Horn,NOR,WR,0.0,0.0,0.0,0.0,0.0,0.0,0.0,0.0,5.0,60.0,0.0,nfl_hist,joehorn
157,Cecil Martin,PHI,FB,0.0,0.0,0.0,0.0,0.0,0.0,0.0,0.0,3.0,59.0,0.0,nfl_hist,cecilmartin
158,Curtis Conway,SDG,WR,0.0,0.0,0.0,0.0,0.0,0.0,0.0,0.0,3.0,58.0,0.0,nfl_hist,curtisconway
159,Tony Gonzalez,KAN,TE,0.0,0.0,0.0,0.0,0.0,0.0,0.0,0.0,4.0,58.0,0.0,nfl_hist,tonygonzalez
160,Jason McAddley,ARI,WR,0.0,0.0,0.0,0.0,0.0,0.0,0.0,0.0,3.0,57.0,0.0,nfl_hist,jasonmcaddley
161,Jerome Pathon,NOR,WR,0.0,0.0,0.0,0.0,0.0,0.0,0.0,0.0,4.0,57.0,0.0,nfl_hist,jeromepathon
162,Steve Smith,CAR,WR,0.0,0.0,0.0,0.0,0.0,0.0,0.0,0.0,5.0,57.0,0.0,nfl_hist,stevesmith
163,Ernie Conwell,STL,TE,0.0,0.0,0.0,0.0,0.0,0.0,0.0,0.0,5.0,54.0,0.0,nfl_hist,ernieconwell
164,Kevin Kaspe,ARI,WR,0.0,0.0,0.0,0.0,0.0,0.0,0.0,0.0,4.0,54.0,0.0,nfl_hist,kevinkaspe
165,Ricky Proehl,STL,WR,0.0,0.0,0.0,0.0,0.0,0.0,0.0,0.0,4.0,53.0,0.0,nfl_hist,rickyproehl
166,Jake Reed,NOR,WR,0.0,0.0,0.0,0.0,0.0,0.0,0.0,0.0,3.0,53.0,1.0,nfl_hist,jakereed
167,Byron Chamberlain,MIN,TE,0.0,0.0,0.0,0.0,0.0,0.0,0.0,0.0,4.0,50.0,0.0,nfl_hist,byronchamberlain
168,Todd Pinkston,PHI,WR,0.0,0.0,0.0,0.0,0.0,0.0,0.0,0.0,5.0,49.0,0.0,nfl_hist,toddpinkston
169,Terry Glenn,GNB,WR,0.0,0.0,0.0,0.0,0.0,0.0,0.0,0.0,3.0,46.0,0.0,nfl_hist,terryglenn
170,Brian Finneran,ATL,WR,0.0,0.0,0.0,0.0,0.0,0.0,0.0,0.0,4.0,45.0,0.0,nfl_hist,brianfinneran
171,Chad Lewis,PHI,TE,0.0,0.0,0.0,0.0,0.0,0.0,0.0,0.0,2.0,44.0,0.0,nfl_hist,chadlewis
172,Stephen Alexande,SDG,TE,0.0,0.0,0.0,0.0,0.0,0.0,0.0,0.0,3.0,42.0,0.0,nfl_hist,stephenalexande
173,Kelly Campbell,MIN,WR,0.0,0.0,0.0,0.0,0.0,0.0,0.0,0.0,2.0,42.0,0.0,nfl_hist,kellycampbell
174,Donte' Stallworth,NOR,WR,0.0,0.0,0.0,0.0,0.0,0.0,0.0,0.0,4.0,42.0,0.0,nfl_hist,dontestallworth
175,T.J. Houshmandzadeh,CIN,WR-P,0.0,0.0,0.0,0.0,0.0,0.0,0.0,0.0,3.0,41.0,0.0,nfl_hist,tjhoushmandzadeh
176,Marcus Pollard,IND,TE,0.0,0.0,0.0,0.0,0.0,0.0,0.0,0.0,2.0,41.0,0.0,nfl_hist,marcuspollard
177,Darnerien McCants,WAS,WR,0.0,0.0,0.0,0.0,0.0,0.0,0.0,0.0,4.0,39.0,0.0,nfl_hist,darnerienmccants
178,JaJuan Dawson,HOU,WR,0.0,0.0,0.0,0.0,0.0,0.0,0.0,0.0,3.0,38.0,0.0,nfl_hist,jajuandawson
179,Bubba Franks,GNB,TE,0.0,0.0,0.0,0.0,0.0,0.0,0.0,0.0,4.0,37.0,0.0,nfl_hist,bubbafranks
180,James McKnight,MIA,WR,0.0,0.0,0.0,0.0,0.0,0.0,0.0,0.0,4.0,36.0,0.0,nfl_hist,jamesmcknight
181,Jerry Porte,OAK,WR,0.0,0.0,0.0,0.0,0.0,0.0,0.0,0.0,2.0,36.0,1.0,nfl_hist,jerryporte
182,Ken Dilge,TAM,TE,0.0,0.0,0.0,0.0,0.0,0.0,0.0,0.0,3.0,35.0,0.0,nfl_hist,kendilge
183,Terry Jones,BAL,,0.0,0.0,0.0,0.0,0.0,0.0,0.0,0.0,2.0,35.0,0.0,nfl_hist,terryjones
184,Tyrone Davis,GNB,TE,0.0,0.0,0.0,0.0,0.0,0.0,0.0,0.0,2.0,34.0,0.0,nfl_hist,tyronedavis
185,William Henderson,GNB,FB,0.0,0.0,0.0,0.0,0.0,0.0,0.0,0.0,5.0,33.0,0.0,nfl_hist,williamhenderson
186,Pete Mitchell,JAX,TE,0.0,0.0,0.0,0.0,0.0,0.0,0.0,0.0,4.0,31.0,1.0,nfl_hist,petemitchell
187,Peerless Price,BUF,WR,0.0,0.0,0.0,0.0,0.0,0.0,0.0,0.0,3.0,31.0,0.0,nfl_hist,peerlessprice
188,Shannon Sharpe,DEN,TE,0.0,0.0,0.0,0.0,0.0,0.0,0.0,0.0,5.0,31.0,0.0,nfl_hist,shannonsharpe
189,Tim Brown,OAK,WR,0.0,0.0,0.0,0.0,0.0,0.0,0.0,0.0,3.0,30.0,0.0,nfl_hist,timbrown
190,Wayne Chrebet,NYJ,WR,0.0,0.0,0.0,0.0,0.0,0.0,0.0,0.0,3.0,30.0,1.0,nfl_hist,waynechrebet
191,Joey Galloway,DAL,WR,0.0,0.0,0.0,0.0,0.0,0.0,0.0,0.0,1.0,30.0,0.0,nfl_hist,joeygalloway
192,Jerry Rice,OAK,WR,0.0,0.0,0.0,0.0,0.0,0.0,0.0,0.0,3.0,30.0,0.0,nfl_hist,jerryrice
193,Isaac Bruce,STL,WR,0.0,0.0,0.0,0.0,0.0,0.0,0.0,0.0,2.0,29.0,0.0,nfl_hist,isaacbruce
194,Rickey Dudley,TAM,TE,0.0,0.0,0.0,0.0,0.0,0.0,0.0,0.0,3.0,29.0,0.0,nfl_hist,rickeydudley
195,Corey Bradford,HOU,WR,0.0,0.0,0.0,0.0,0.0,0.0,0.0,0.0,3.0,28.0,0.0,nfl_hist,coreybradford
196,John Gilmore,CHI,TE,0.0,0.0,0.0,0.0,0.0,0.0,0.0,0.0,3.0,28.0,0.0,nfl_hist,johngilmore
197,Jeremy Shockey,NYG,TE,0.0,0.0,0.0,0.0,0.0,0.0,0.0,0.0,3.0,28.0,0.0,nfl_hist,jeremyshockey
198,Dez White,CHI,WR,0.0,0.0,0.0,0.0,0.0,0.0,0.0,0.0,4.0,28.0,0.0,nfl_hist,dezwhite
199,Reggie Swinton,DAL,WR,0.0,0.0,0.0,0.0,0.0,0.0,0.0,0.0,2.0,26.0,0.0,nfl_hist,reggieswinton
200,Keenan McCardell,TAM,WR,0.0,0.0,0.0,0.0,0.0,0.0,0.0,0.0,2.0,25.0,0.0,nfl_hist,keenanmccardell
201,Jabari Holloway,HOU,TE,0.0,0.0,0.0,0.0,0.0,0.0,0.0,0.0,1.0,24.0,0.0,nfl_hist,jabariholloway
202,Stanley Pritchett,CHI,FB,0.0,0.0,0.0,0.0,0.0,0.0,0.0,0.0,1.0,24.0,0.0,nfl_hist,stanleypritchett
203,Jerald Sowell,NYJ,FB,0.0,0.0,0.0,0.0,0.0,0.0,0.0,0.0,2.0,24.0,0.0,nfl_hist,jeraldsowell
204,Richie Anderson,NYJ,FB,0.0,0.0,0.0,0.0,0.0,0.0,0.0,0.0,3.0,23.0,0.0,nfl_hist,richieanderson
205,Kyle Brady,JAX,TE,0.0,0.0,0.0,0.0,0.0,0.0,0.0,0.0,1.0,23.0,0.0,nfl_hist,kylebrady
206,Ken-Yon Rambo,DAL,WR,0.0,0.0,0.0,0.0,0.0,0.0,0.0,0.0,1.0,23.0,0.0,nfl_hist,kenyonrambo
207,Joe Davenport,IND,TE,0.0,0.0,0.0,0.0,0.0,0.0,0.0,0.0,1.0,22.0,0.0,nfl_hist,joedavenport
208,Nate Poole,ARI,WR,0.0,0.0,0.0,0.0,0.0,0.0,0.0,0.0,2.0,22.0,0.0,nfl_hist,natepoole
209,D'Wayne Bates,MIN,WR,0.0,0.0,0.0,0.0,0.0,0.0,0.0,0.0,3.0,20.0,0.0,nfl_hist,dwaynebates
210,Isaac Byrd,CAR,WR,0.0,0.0,0.0,0.0,0.0,0.0,0.0,0.0,2.0,20.0,0.0,nfl_hist,isaacbyrd
211,Dan Campbell,NYG,TE,0.0,0.0,0.0,0.0,0.0,0.0,0.0,0.0,2.0,20.0,0.0,nfl_hist,dancampbell
212,Jerramy Stevens,SEA,TE,0.0,0.0,0.0,0.0,0.0,0.0,0.0,0.0,3.0,19.0,1.0,nfl_hist,jerramystevens
213,Matt Schobel,CIN,TE,0.0,0.0,0.0,0.0,0.0,0.0,0.0,0.0,3.0,17.0,0.0,nfl_hist,mattschobel
214,James Williams,SEA,WR,0.0,0.0,0.0,0.0,0.0,0.0,0.0,0.0,1.0,17.0,0.0,nfl_hist,jameswilliams
215,Drew Bennett,TEN,WR,0.0,0.0,0.0,0.0,0.0,0.0,0.0,0.0,1.0,16.0,0.0,nfl_hist,drewbennett
216,Bobby Shaw,JAX,WR,0.0,0.0,0.0,0.0,0.0,0.0,0.0,0.0,2.0,16.0,0.0,nfl_hist,bobbyshaw
217,Mark Campbell,CLE,TE,0.0,0.0,0.0,0.0,0.0,0.0,0.0,0.0,2.0,15.0,0.0,nfl_hist,markcampbell
218,Rock Cartwright,WAS,FB,0.0,0.0,0.0,0.0,0.0,0.0,0.0,0.0,3.0,15.0,0.0,nfl_hist,rockcartwright
219,Chris Doering,WAS,WR,0.0,0.0,0.0,0.0,0.0,0.0,0.0,0.0,1.0,15.0,1.0,nfl_hist,chrisdoering
220,Shawn Jefferson,ATL,WR,0.0,0.0,0.0,0.0,0.0,0.0,0.0,0.0,2.0,15.0,0.0,nfl_hist,shawnjefferson
221,Qadry Ismail,IND,WR,0.0,0.0,0.0,0.0,0.0,0.0,0.0,0.0,3.0,14.0,0.0,nfl_hist,qadryismail
222,Troy Edwards,STL,WR,0.0,0.0,0.0,0.0,0.0,0.0,0.0,0.0,2.0,13.0,1.0,nfl_hist,troyedwards
223,Andre King,CLE,WR,0.0,0.0,0.0,0.0,0.0,0.0,0.0,0.0,1.0,13.0,0.0,nfl_hist,andreking
224,Steve Bush,ARI,TE,0.0,0.0,0.0,0.0,0.0,0.0,0.0,0.0,2.0,12.0,1.0,nfl_hist,stevebush
225,Cris Carte,MIA,WR,0.0,0.0,0.0,0.0,0.0,0.0,0.0,0.0,3.0,12.0,1.0,nfl_hist,criscarte
226,Daryl Jones,NYG,WR,0.0,0.0,0.0,0.0,0.0,0.0,0.0,0.0,1.0,12.0,0.0,nfl_hist,daryljones
227,Kevin Lockett,JAX,WR,0.0,0.0,0.0,0.0,0.0,0.0,0.0,0.0,1.0,12.0,1.0,nfl_hist,kevinlockett
228,Randy McMichael,MIA,TE,0.0,0.0,0.0,0.0,0.0,0.0,0.0,0.0,2.0,12.0,0.0,nfl_hist,randymcmichael
229,Darnay Scott,DAL,WR,0.0,0.0,0.0,0.0,0.0,0.0,0.0,0.0,1.0,12.0,0.0,nfl_hist,darnayscott
230,Randy Hymes,BAL,WR,0.0,0.0,0.0,0.0,0.0,0.0,0.0,0.0,1.0,11.0,0.0,nfl_hist,randyhymes
231,Ed McCaffrey,DEN,WR,0.0,0.0,0.0,0.0,0.0,0.0,0.0,0.0,2.0,11.0,0.0,nfl_hist,edmccaffrey
232,Dwayne Carswell,DEN,FB,0.0,0.0,0.0,0.0,0.0,0.0,0.0,0.0,1.0,10.0,0.0,nfl_hist,dwaynecarswell
233,Cam Cleeland,NWE,TE,0.0,0.0,0.0,0.0,0.0,0.0,0.0,0.0,1.0,10.0,0.0,nfl_hist,camcleeland
234,Jabar Gaffney,HOU,WR,0.0,0.0,0.0,0.0,0.0,0.0,0.0,0.0,1.0,10.0,0.0,nfl_hist,jabargaffney
235,Justin Peelle,SDG,TE,0.0,0.0,0.0,0.0,0.0,0.0,0.0,0.0,1.0,10.0,0.0,nfl_hist,justinpeelle
236,Terrelle Smith,NOR,FB,0.0,0.0,0.0,0.0,0.0,0.0,0.0,0.0,1.0,10.0,0.0,nfl_hist,terrellesmith
237,Charles Stackhouse,NYG,FB,0.0,0.0,0.0,0.0,0.0,0.0,0.0,0.0,1.0,10.0,0.0,nfl_hist,charlesstackhouse
238,Greg Comella,TEN,FB,0.0,0.0,0.0,0.0,0.0,0.0,0.0,0.0,1.0,9.0,0.0,nfl_hist,gregcomella
239,Mikhael Ricks,DET,TE,0.0,0.0,0.0,0.0,0.0,0.0,0.0,0.0,1.0,9.0,0.0,nfl_hist,mikhaelricks
240,Fred Beasley,SFO,FB,0.0,0.0,0.0,0.0,0.0,0.0,0.0,0.0,1.0,8.0,0.0,nfl_hist,fredbeasley
241,Zeron Flemiste,WAS,TE,0.0,0.0,0.0,0.0,0.0,0.0,0.0,0.0,1.0,8.0,0.0,nfl_hist,zeronflemiste
242,Daniel Graham,NWE,TE,0.0,0.0,0.0,0.0,0.0,0.0,0.0,0.0,2.0,8.0,0.0,nfl_hist,danielgraham
243,Fred McCrary,SDG,FB,0.0,0.0,0.0,0.0,0.0,0.0,0.0,0.0,1.0,8.0,0.0,nfl_hist,fredmccrary
244,Lorenzo Neal,CIN,FB,0.0,0.0,0.0,0.0,0.0,0.0,0.0,0.0,2.0,8.0,0.0,nfl_hist,lorenzoneal
245,Germane Crowell,DET,WR,0.0,0.0,0.0,0.0,0.0,0.0,0.0,0.0,1.0,7.0,0.0,nfl_hist,germanecrowell
246,Freddie Mitchell,PHI,WR,0.0,0.0,0.0,0.0,0.0,0.0,0.0,0.0,1.0,7.0,0.0,nfl_hist,freddiemitchell
247,Dave Moore,BUF,TE,0.0,0.0,0.0,0.0,0.0,0.0,0.0,0.0,1.0,7.0,0.0,nfl_hist,davemoore
248,Santana Moss,NYJ,WR/K,0.0,0.0,0.0,0.0,0.0,0.0,0.0,0.0,2.0,7.0,0.0,nfl_hist,santanamoss
249,Jason Starkey,ARI,C,0.0,0.0,0.0,0.0,0.0,0.0,0.0,0.0,1.0,7.0,0.0,nfl_hist,jasonstarkey
250,Anthony Becht,NYJ,TE,0.0,0.0,0.0,0.0,0.0,0.0,0.0,0.0,1.0,6.0,0.0,nfl_hist,anthonybecht
251,Antonio Freeman,PHI,WR,0.0,0.0,0.0,0.0,0.0,0.0,0.0,0.0,1.0,6.0,1.0,nfl_hist,antoniofreeman
252,Karl Hankton,CAR,WR,0.0,0.0,0.0,0.0,0.0,0.0,0.0,0.0,1.0,6.0,0.0,nfl_hist,karlhankton
253,Tony Stewart,CIN,TE,0.0,0.0,0.0,0.0,0.0,0.0,0.0,0.0,1.0,6.0,0.0,nfl_hist,tonystewart
254,Jerame Tuman,PIT,WR,0.0,0.0,0.0,0.0,0.0,0.0,0.0,0.0,1.0,6.0,0.0,nfl_hist,jerametuman
255,Javon Walke,GNB,WR,0.0,0.0,0.0,0.0,0.0,0.0,0.0,0.0,1.0,6.0,0.0,nfl_hist,javonwalke
256,Boo Williams,NOR,TE,0.0,0.0,0.0,0.0,0.0,0.0,0.0,0.0,1.0,6.0,0.0,nfl_hist,boowilliams
257,Itula Mili,SEA,TE,0.0,0.0,0.0,0.0,0.0,0.0,0.0,0.0,1.0,5.0,0.0,nfl_hist,itulamili
258,David Patten,NWE,WR,0.0,0.0,0.0,0.0,0.0,0.0,0.0,0.0,1.0,5.0,0.0,nfl_hist,davidpatten
259,Jake Soliday,ARI,WR,0.0,0.0,0.0,0.0,0.0,0.0,0.0,0.0,1.0,5.0,0.0,nfl_hist,jakesoliday
260,Snoop Minnis,KAN,WR,0.0,0.0,0.0,0.0,0.0,0.0,0.0,0.0,1.0,4.0,0.0,nfl_hist,snoopminnis
261,Robert Thomas,DAL,FB,0.0,0.0,0.0,0.0,0.0,0.0,0.0,0.0,1.0,4.0,0.0,nfl_hist,robertthomas
262,James Whalen,DAL,TE,0.0,0.0,0.0,0.0,0.0,0.0,0.0,0.0,1.0,4.0,0.0,nfl_hist,jameswhalen
263,Verron Haynes,PIT,FB,0.0,0.0,0.0,0.0,0.0,0.0,0.0,0.0,1.0,3.0,0.0,nfl_hist,verronhaynes
264,Jay Riemersma,BUF,TE,0.0,0.0,0.0,0.0,0.0,0.0,0.0,0.0,1.0,3.0,0.0,nfl_hist,jayriemersma
265,Scotty Anderson,DET,WR,0.0,0.0,0.0,0.0,0.0,0.0,0.0,0.0,1.0,2.0,0.0,nfl_hist,scottyanderson
266,Andre' Davis,CLE,WR,0.0,0.0,0.0,0.0,0.0,0.0,0.0,0.0,1.0,2.0,0.0,nfl_hist,andredavis
267,Tai Streets,SFO,WR,0.0,0.0,0.0,0.0,0.0,0.0,0.0,0.0,1.0,1.0,0.0,nfl_hist,taistreets
268,Jermaine Wiggins,CAR,TE,0.0,0.0,0.0,0.0,0.0,0.0,0.0,0.0,2.0,-1.0,0.0,nfl_hist,jermainewiggins
269,Terrell Buckley,NWE,CB,0.0,0.0,0.0,0.0,0.0,0.0,0.0,0.0,0.0,0.0,0.0,nfl_hist,terrellbuckley
270,Nick Davis,MIN,WR,0.0,0.0,0.0,0.0,0.0,0.0,0.0,0.0,0.0,0.0,0.0,nfl_hist,nickdavis
271,J.J. Moses,GNB,WR,0.0,0.0,0.0,0.0,0.0,0.0,0.0,0.0,0.0,0.0,0.0,nfl_hist,jjmoses
272,Hank Poteat,PIT,CB,0.0,0.0,0.0,0.0,0.0,0.0,0.0,0.0,0.0,0.0,0.0,nfl_hist,hankpoteat
273,Delvin Joyce,NYG,RB,0.0,0.0,0.0,0.0,0.0,0.0,0.0,0.0,0.0,0.0,0.0,nfl_hist,delvinjoyce
274,Champ Bailey,WAS,LCB,0.0,0.0,0.0,0.0,0.0,0.0,0.0,0.0,0.0,0.0,0.0,nfl_hist,champbailey
275,Avion Black,HOU,WR,0.0,0.0,0.0,0.0,0.0,0.0,0.0,0.0,0.0,0.0,0.0,nfl_hist,avionblack
