,player,team,position,pass_yds,pass_tds,pass_int,pass_att,pass_comp,rush_att,rush_yds,rush_tds,rcv_rec,rcv_yds,rcv_tds,source,pname_merge
0,Chad Pennington,NYJ,QB,196.0,4.0,0.0,24.0,17.0,2.0,3.0,0.0,0.0,0.0,0.0,nfl_hist,chadpennington
1,Doug Pederson,GNB,QB,43.0,1.0,0.0,8.0,6.0,1.0,-1.0,0.0,0.0,0.0,0.0,nfl_hist,dougpederson
2,Steve Beuerlein,DEN,QB,203.0,2.0,0.0,24.0,16.0,1.0,0.0,0.0,0.0,0.0,0.0,nfl_hist,stevebeuerlein
3,Reche Caldwell,SDG,WR,20.0,0.0,0.0,1.0,1.0,1.0,3.0,0.0,4.0,35.0,0.0,nfl_hist,rechecaldwell
4,Vinny Testaverde,NYJ,QB,14.0,0.0,0.0,1.0,1.0,0.0,0.0,0.0,0.0,0.0,0.0,nfl_hist,vinnytestaverde
5,Tim Rattay,SFO,QB,138.0,2.0,0.0,21.0,14.0,1.0,-1.0,0.0,0.0,0.0,0.0,nfl_hist,timrattay
6,Daunte Culpeppe,MIN,QB,312.0,2.0,1.0,29.0,21.0,8.0,34.0,1.0,0.0,0.0,0.0,nfl_hist,daunteculpeppe
7,Jeff Blake,BAL,QB,336.0,2.0,2.0,26.0,19.0,1.0,1.0,0.0,0.0,0.0,0.0,nfl_hist,jeffblake
8,Drew Bledsoe,BUF,QB,231.0,1.0,0.0,31.0,23.0,3.0,8.0,1.0,0.0,0.0,0.0,nfl_hist,drewbledsoe
9,Peyton Manning,IND,QB,146.0,1.0,0.0,28.0,20.0,2.0,19.0,0.0,0.0,0.0,0.0,nfl_hist,peytonmanning
10,Rich Gannon,OAK,QB,79.0,1.0,0.0,14.0,7.0,3.0,4.0,0.0,0.0,0.0,0.0,nfl_hist,richgannon
11,Matt Hasselbeck,SEA,QB,449.0,2.0,2.0,53.0,36.0,7.0,42.0,1.0,0.0,0.0,0.0,nfl_hist,matthasselbeck
12,Kerry Collins,NYG,QB,256.0,1.0,1.0,35.0,25.0,6.0,8.0,0.0,0.0,0.0,0.0,nfl_hist,kerrycollins
13,Jamie Martin,STL,QB,245.0,3.0,2.0,35.0,22.0,1.0,0.0,0.0,0.0,0.0,0.0,nfl_hist,jamiemartin
14,Drew Brees,SDG,QB,332.0,3.0,1.0,49.0,27.0,1.0,10.0,0.0,0.0,0.0,0.0,nfl_hist,drewbrees
15,Cory Saute,CHI,QB,59.0,0.0,0.0,9.0,6.0,2.0,8.0,0.0,0.0,0.0,0.0,nfl_hist,corysaute
16,Jeff Garcia,SFO,QB,16.0,0.0,0.0,3.0,2.0,2.0,16.0,0.0,0.0,0.0,0.0,nfl_hist,jeffgarcia
17,Tommy Maddox,PIT,QB,194.0,2.0,2.0,30.0,20.0,2.0,20.0,0.0,0.0,0.0,0.0,nfl_hist,tommymaddox
18,Rob Johnson,TAM,QB,134.0,0.0,0.0,25.0,16.0,3.0,29.0,0.0,0.0,0.0,0.0,nfl_hist,robjohnson
19,Chad Hutchinson,DAL,QB,189.0,1.0,1.0,23.0,12.0,2.0,5.0,0.0,0.0,0.0,0.0,nfl_hist,chadhutchinson
20,Jake Plumme,ARI,QB,132.0,1.0,0.0,27.0,13.0,1.0,6.0,0.0,0.0,0.0,0.0,nfl_hist,jakeplumme
21,Jay Fiedle,MIA,QB,110.0,1.0,0.0,25.0,11.0,2.0,9.0,0.0,0.0,0.0,0.0,nfl_hist,jayfiedle
22,Tom Brady,NWE,QB,221.0,1.0,1.0,44.0,25.0,4.0,8.0,0.0,0.0,0.0,0.0,nfl_hist,tombrady
23,Rodney Peete,CAR,QB,203.0,1.0,2.0,30.0,19.0,2.0,1.0,0.0,0.0,0.0,0.0,nfl_hist,rodneypeete
24,David Garrard,JAX,QB,135.0,0.0,0.0,26.0,13.0,11.0,44.0,0.0,0.0,0.0,0.0,nfl_hist,davidgarrard
25,Brett Favre,GNB,QB,172.0,1.0,1.0,33.0,16.0,2.0,13.0,0.0,0.0,0.0,0.0,nfl_hist,brettfavre
26,Steve McNai,TEN,QB,148.0,0.0,0.0,22.0,8.0,3.0,3.0,0.0,0.0,0.0,0.0,nfl_hist,stevemcnai
27,Michael Vick,ATL,QB,240.0,1.0,1.0,40.0,17.0,6.0,38.0,0.0,0.0,0.0,0.0,nfl_hist,michaelvick
28,Mike McMahon,DET,QB,293.0,3.0,3.0,44.0,19.0,3.0,43.0,0.0,0.0,0.0,0.0,nfl_hist,mikemcmahon
29,David Ca,HOU,QB,214.0,0.0,1.0,40.0,21.0,3.0,7.0,0.0,0.0,0.0,0.0,nfl_hist,davidca
30,Chris Weinke,CAR,QB,0.0,0.0,0.0,2.0,1.0,0.0,0.0,0.0,0.0,0.0,0.0,nfl_hist,chrisweinke
31,A.J. Feeley,PHI,QB,150.0,0.0,1.0,25.0,13.0,1.0,-1.0,0.0,0.0,0.0,0.0,nfl_hist,ajfeeley
32,Kelly Holcomb,CLE,QB,86.0,1.0,2.0,14.0,7.0,4.0,-1.0,0.0,0.0,0.0,0.0,nfl_hist,kellyholcomb
33,Jon Kitna,CIN,QB,241.0,0.0,2.0,35.0,19.0,1.0,6.0,1.0,0.0,0.0,0.0,nfl_hist,jonkitna
34,Patrick Ramsey,WAS,QB,209.0,0.0,2.0,31.0,17.0,3.0,-5.0,0.0,0.0,0.0,0.0,nfl_hist,patrickramsey
35,Scott Covington,STL,QB,7.0,0.0,0.0,5.0,2.0,0.0,0.0,0.0,0.0,0.0,0.0,nfl_hist,scottcovington
36,Trent Green,KAN,QB,137.0,0.0,1.0,32.0,15.0,2.0,9.0,0.0,0.0,0.0,0.0,nfl_hist,trentgreen
37,Tim Couch,CLE,QB,68.0,0.0,1.0,11.0,7.0,0.0,0.0,0.0,0.0,0.0,0.0,nfl_hist,timcouch
38,James Allen,HOU,RB,0.0,0.0,0.0,1.0,0.0,6.0,20.0,0.0,6.0,46.0,0.0,nfl_hist,jamesallen
39,Marty Booke,CHI,WR,0.0,0.0,0.0,1.0,0.0,0.0,0.0,0.0,4.0,25.0,0.0,nfl_hist,martybooke
40,David Patten,NWE,WR,0.0,0.0,0.0,1.0,0.0,0.0,0.0,0.0,5.0,56.0,0.0,nfl_hist,davidpatten
41,Frank Wycheck,TEN,TE,0.0,0.0,0.0,1.0,0.0,0.0,0.0,0.0,0.0,0.0,0.0,nfl_hist,frankwycheck
42,Aaron Brooks,NOR,QB,145.0,0.0,2.0,31.0,12.0,2.0,8.0,0.0,0.0,0.0,0.0,nfl_hist,aaronbrooks
43,Josh McCown,ARI,QB,21.0,0.0,1.0,6.0,3.0,1.0,20.0,0.0,0.0,0.0,0.0,nfl_hist,joshmccown
44,Henry Burris,CHI,QB,78.0,0.0,4.0,19.0,7.0,4.0,14.0,0.0,0.0,0.0,0.0,nfl_hist,henryburris
45,Clinton Portis,DEN,RB,0.0,0.0,0.0,0.0,0.0,24.0,228.0,2.0,2.0,18.0,0.0,nfl_hist,clintonportis
46,Tiki Barbe,NYG,RB,0.0,0.0,0.0,0.0,0.0,32.0,203.0,0.0,8.0,73.0,0.0,nfl_hist,tikibarbe
47,Ricky Williams,MIA,HB,0.0,0.0,0.0,0.0,0.0,31.0,185.0,2.0,2.0,7.0,0.0,nfl_hist,rickywilliams
48,William Green,CLE,RB,0.0,0.0,0.0,0.0,0.0,27.0,178.0,2.0,2.0,9.0,0.0,nfl_hist,williamgreen
49,Charlie Garne,OAK,RB,0.0,0.0,0.0,0.0,0.0,29.0,135.0,1.0,0.0,0.0,0.0,nfl_hist,charliegarne
50,Deuce McAlliste,NOR,RB,0.0,0.0,0.0,0.0,0.0,28.0,117.0,0.0,2.0,10.0,0.0,nfl_hist,deucemcalliste
51,Amos Zereoue,PIT,RB,0.0,0.0,0.0,0.0,0.0,26.0,104.0,2.0,3.0,13.0,0.0,nfl_hist,amoszereoue
52,Eddie George,TEN,RB,0.0,0.0,0.0,0.0,0.0,25.0,102.0,1.0,2.0,18.0,0.0,nfl_hist,eddiegeorge
53,Ladell Betts,WAS,RB,0.0,0.0,0.0,0.0,0.0,17.0,98.0,0.0,0.0,0.0,0.0,nfl_hist,ladellbetts
54,Michael Pittman,TAM,RB,0.0,0.0,0.0,0.0,0.0,21.0,90.0,0.0,2.0,28.0,0.0,nfl_hist,michaelpittman
55,Kevan Barlow,SFO,RB,0.0,0.0,0.0,0.0,0.0,10.0,87.0,0.0,0.0,0.0,0.0,nfl_hist,kevanbarlow
56,Edgerrin James,IND,RB,0.0,0.0,0.0,0.0,0.0,15.0,86.0,0.0,4.0,33.0,0.0,nfl_hist,edgerrinjames
57,Jamal Lewis,BAL,RB,0.0,0.0,0.0,0.0,0.0,14.0,86.0,0.0,2.0,23.0,0.0,nfl_hist,jamallewis
58,Curtis Martin,NYJ,RB,0.0,0.0,0.0,0.0,0.0,18.0,83.0,1.0,4.0,42.0,0.0,nfl_hist,curtismartin
59,Michael Bennett,MIN,RB,0.0,0.0,0.0,0.0,0.0,19.0,82.0,1.0,3.0,31.0,0.0,nfl_hist,michaelbennett
60,Travis Henry,BUF,RB,0.0,0.0,0.0,0.0,0.0,30.0,80.0,0.0,2.0,0.0,0.0,nfl_hist,travishenry
61,Fred Taylo,JAX,RB,0.0,0.0,0.0,0.0,0.0,15.0,73.0,1.0,1.0,14.0,0.0,nfl_hist,fredtaylo
62,Zack Crockett,OAK,RB,0.0,0.0,0.0,0.0,0.0,11.0,72.0,1.0,0.0,0.0,0.0,nfl_hist,zackcrockett
63,Nick Goings,CAR,RB,0.0,0.0,0.0,0.0,0.0,18.0,70.0,0.0,3.0,5.0,0.0,nfl_hist,nickgoings
64,Tyrone Wheatley,OAK,RB,0.0,0.0,0.0,0.0,0.0,17.0,69.0,0.0,0.0,0.0,0.0,nfl_hist,tyronewheatley
65,Shaun Alexande,SEA,RB,0.0,0.0,0.0,0.0,0.0,15.0,67.0,1.0,1.0,14.0,0.0,nfl_hist,shaunalexande
66,Warrick Dunn,ATL,RB,0.0,0.0,0.0,0.0,0.0,20.0,67.0,0.0,3.0,14.0,0.0,nfl_hist,warrickdunn
67,Ahman Green,GNB,RB,0.0,0.0,0.0,0.0,0.0,14.0,67.0,0.0,3.0,5.0,0.0,nfl_hist,ahmangreen
68,Garrison Hearst,SFO,RB,0.0,0.0,0.0,0.0,0.0,19.0,67.0,0.0,4.0,16.0,0.0,nfl_hist,garrisonhearst
69,LaDainian Tomlinson,SDG,RB,0.0,0.0,0.0,0.0,0.0,17.0,67.0,0.0,3.0,18.0,0.0,nfl_hist,ladainiantomlinson
70,Chris Chambers,MIA,WR,0.0,0.0,0.0,0.0,0.0,3.0,59.0,0.0,0.0,0.0,0.0,nfl_hist,chrischambers
71,Marcel Shipp,ARI,RB,0.0,0.0,0.0,0.0,0.0,17.0,58.0,0.0,1.0,6.0,0.0,nfl_hist,marcelshipp
72,Kenny Watson,WAS,RB,0.0,0.0,0.0,0.0,0.0,17.0,58.0,1.0,1.0,5.0,0.0,nfl_hist,kennywatson
73,Antowain Smith,NWE,RB,0.0,0.0,0.0,0.0,0.0,19.0,55.0,1.0,1.0,11.0,0.0,nfl_hist,antowainsmith
74,Corey Dillon,CIN,HB,0.0,0.0,0.0,0.0,0.0,13.0,53.0,0.0,2.0,9.0,0.0,nfl_hist,coreydillon
75,Kevin Faulk,NWE,RB,0.0,0.0,0.0,0.0,0.0,8.0,53.0,0.0,9.0,70.0,0.0,nfl_hist,kevinfaulk
76,Chris Fuamatu-Ma'afala,PIT,RB,0.0,0.0,0.0,0.0,0.0,8.0,49.0,0.0,1.0,6.0,0.0,nfl_hist,chrisfuamatumaafala
77,Marshall Faulk,STL,RB,0.0,0.0,0.0,0.0,0.0,11.0,43.0,0.0,6.0,30.0,0.0,nfl_hist,marshallfaulk
78,Mike Alstott,TAM,FB,0.0,0.0,0.0,0.0,0.0,12.0,42.0,0.0,1.0,4.0,0.0,nfl_hist,mikealstott
79,Adrian Peterson,CHI,RB,0.0,0.0,0.0,0.0,0.0,7.0,42.0,0.0,0.0,0.0,0.0,nfl_hist,adrianpeterson
80,Robert Holcombe,TEN,RB,0.0,0.0,0.0,0.0,0.0,7.0,35.0,0.0,2.0,26.0,0.0,nfl_hist,robertholcombe
81,Stacey Mack,JAX,RB,0.0,0.0,0.0,0.0,0.0,6.0,35.0,0.0,2.0,22.0,0.0,nfl_hist,staceymack
82,Moe Williams,MIN,RB,0.0,0.0,0.0,0.0,0.0,6.0,35.0,0.0,0.0,0.0,0.0,nfl_hist,moewilliams
83,Mack Strong,SEA,FB,0.0,0.0,0.0,0.0,0.0,7.0,32.0,0.0,1.0,2.0,0.0,nfl_hist,mackstrong
84,Mike Anderson,DEN,FB,0.0,0.0,0.0,0.0,0.0,7.0,31.0,0.0,0.0,0.0,0.0,nfl_hist,mikeanderson
85,Duce Staley,PHI,RB,0.0,0.0,0.0,0.0,0.0,17.0,28.0,0.0,3.0,39.0,0.0,nfl_hist,ducestaley
86,William Henderson,GNB,FB,0.0,0.0,0.0,0.0,0.0,6.0,26.0,0.0,2.0,6.0,0.0,nfl_hist,williamhenderson
87,Rudi Johnson,CIN,HB,0.0,0.0,0.0,0.0,0.0,3.0,25.0,0.0,0.0,0.0,0.0,nfl_hist,rudijohnson
88,James Stewart,DET,HB,0.0,0.0,0.0,0.0,0.0,11.0,25.0,0.0,1.0,12.0,0.0,nfl_hist,jamesstewart
89,Mike Cloud,KAN,RB,0.0,0.0,0.0,0.0,0.0,9.0,23.0,0.0,0.0,0.0,0.0,nfl_hist,mikecloud
90,Heath Evans,SEA,FB,0.0,0.0,0.0,0.0,0.0,5.0,22.0,0.0,2.0,6.0,0.0,nfl_hist,heathevans
91,Laveranues Coles,NYJ,WR,0.0,0.0,0.0,0.0,0.0,1.0,21.0,0.0,6.0,93.0,0.0,nfl_hist,laveranuescoles
92,Leon Johnson,CHI,RB,0.0,0.0,0.0,0.0,0.0,9.0,21.0,0.0,1.0,31.0,0.0,nfl_hist,leonjohnson
93,Paul Smith,SFO,RB,0.0,0.0,0.0,0.0,0.0,3.0,21.0,0.0,0.0,0.0,0.0,nfl_hist,paulsmith
94,James Thrash,PHI,WR,0.0,0.0,0.0,0.0,0.0,1.0,20.0,1.0,1.0,8.0,0.0,nfl_hist,jamesthrash
95,James Mungro,IND,RB,0.0,0.0,0.0,0.0,0.0,11.0,19.0,1.0,1.0,4.0,0.0,nfl_hist,jamesmungro
96,Dorsey Levens,PHI,RB,0.0,0.0,0.0,0.0,0.0,4.0,18.0,0.0,0.0,0.0,0.0,nfl_hist,dorseylevens
97,Derrick Blaylock,KAN,RB,0.0,0.0,0.0,0.0,0.0,3.0,17.0,0.0,5.0,47.0,0.0,nfl_hist,derrickblaylock
98,Eddie Drummond,DET,WR,0.0,0.0,0.0,0.0,0.0,2.0,17.0,0.0,0.0,0.0,0.0,nfl_hist,eddiedrummond
99,Chester Taylo,BAL,RB,0.0,0.0,0.0,0.0,0.0,5.0,17.0,0.0,1.0,20.0,1.0,nfl_hist,chestertaylo
100,Santana Moss,NYJ,WR/K,0.0,0.0,0.0,0.0,0.0,1.0,14.0,0.0,2.0,20.0,1.0,nfl_hist,santanamoss
101,Darnay Scott,DAL,WR,0.0,0.0,0.0,0.0,0.0,1.0,14.0,0.0,0.0,0.0,0.0,nfl_hist,darnayscott
102,Emmitt Smith,DAL,RB,0.0,0.0,0.0,0.0,0.0,18.0,13.0,0.0,1.0,-3.0,0.0,nfl_hist,emmittsmith
103,Brad Hoove,CAR,FB,0.0,0.0,0.0,0.0,0.0,5.0,12.0,0.0,2.0,23.0,1.0,nfl_hist,bradhoove
104,Dennis Northcutt,CLE,WR,0.0,0.0,0.0,0.0,0.0,2.0,10.0,0.0,1.0,22.0,0.0,nfl_hist,dennisnorthcutt
105,Alan Ricard,BAL,FB,0.0,0.0,0.0,0.0,0.0,3.0,10.0,1.0,2.0,9.0,0.0,nfl_hist,alanricard
106,Tim Dwight,SDG,WR,0.0,0.0,0.0,0.0,0.0,1.0,8.0,0.0,4.0,44.0,0.0,nfl_hist,timdwight
107,Joe Burns,BUF,RB,0.0,0.0,0.0,0.0,0.0,4.0,7.0,0.0,0.0,0.0,0.0,nfl_hist,joeburns
108,Eric Metcalf,GNB,RB-K,0.0,0.0,0.0,0.0,0.0,2.0,7.0,0.0,0.0,0.0,0.0,nfl_hist,ericmetcalf
109,Troy Hambrick,DAL,RB,0.0,0.0,0.0,0.0,0.0,1.0,6.0,0.0,2.0,7.0,0.0,nfl_hist,troyhambrick
110,Chad Morton,NYJ,RB/K,0.0,0.0,0.0,0.0,0.0,1.0,6.0,0.0,0.0,0.0,0.0,nfl_hist,chadmorton
111,Larry Centers,BUF,FB,0.0,0.0,0.0,0.0,0.0,1.0,4.0,1.0,2.0,23.0,0.0,nfl_hist,larrycenters
112,Cory Schlesinge,DET,FB,0.0,0.0,0.0,0.0,0.0,2.0,4.0,0.0,2.0,15.0,0.0,nfl_hist,coryschlesinge
113,Fred Beasley,SFO,FB,0.0,0.0,0.0,0.0,0.0,1.0,3.0,0.0,2.0,19.0,0.0,nfl_hist,fredbeasley
114,Aveion Cason,DET,RB,0.0,0.0,0.0,0.0,0.0,1.0,3.0,0.0,2.0,49.0,1.0,nfl_hist,aveioncason
115,Tony Fishe,GNB,RB,0.0,0.0,0.0,0.0,0.0,1.0,3.0,0.0,0.0,0.0,0.0,nfl_hist,tonyfishe
116,Jim Kleinsasse,MIN,HB,0.0,0.0,0.0,0.0,0.0,1.0,3.0,0.0,2.0,29.0,0.0,nfl_hist,jimkleinsasse
117,Travis Mino,MIA,RB,0.0,0.0,0.0,0.0,0.0,1.0,3.0,0.0,0.0,0.0,0.0,nfl_hist,travismino
118,Ron Dayne,NYG,RB,0.0,0.0,0.0,0.0,0.0,1.0,2.0,0.0,1.0,8.0,0.0,nfl_hist,rondayne
119,Marvin Harrison,IND,WR,0.0,0.0,0.0,0.0,0.0,1.0,2.0,0.0,6.0,28.0,0.0,nfl_hist,marvinharrison
120,LaMont Jordan,NYJ,RB/K,0.0,0.0,0.0,0.0,0.0,6.0,2.0,1.0,0.0,0.0,0.0,nfl_hist,lamontjordan
121,Antwaan Randle El,PIT,WR,0.0,0.0,0.0,0.0,0.0,1.0,2.0,0.0,3.0,34.0,1.0,nfl_hist,antwaanrandleel
122,Rod Smart,CAR,RB,0.0,0.0,0.0,0.0,0.0,1.0,2.0,0.0,0.0,0.0,0.0,nfl_hist,rodsmart
123,Jimmy Smith,JAX,WR,0.0,0.0,0.0,0.0,0.0,1.0,2.0,0.0,3.0,35.0,0.0,nfl_hist,jimmysmith
124,Jamel White,CLE,RB,0.0,0.0,0.0,0.0,0.0,1.0,2.0,0.0,1.0,2.0,0.0,nfl_hist,jamelwhite
125,Rafael Coope,DET,RB,0.0,0.0,0.0,0.0,0.0,1.0,1.0,0.0,1.0,4.0,0.0,nfl_hist,rafaelcoope
126,Jonathan Wells,HOU,RB,0.0,0.0,0.0,0.0,0.0,13.0,1.0,0.0,0.0,0.0,0.0,nfl_hist,jonathanwells
127,T.J. Duckett,ATL,RB,0.0,0.0,0.0,0.0,0.0,1.0,0.0,0.0,0.0,0.0,0.0,nfl_hist,tjduckett
128,James Hodgins,STL,FB,0.0,0.0,0.0,0.0,0.0,1.0,0.0,0.0,1.0,3.0,0.0,nfl_hist,jameshodgins
129,Peter Warrick,CIN,WR,0.0,0.0,0.0,0.0,0.0,1.0,0.0,0.0,3.0,27.0,0.0,nfl_hist,peterwarrick
130,Donald Drive,GNB,WR,0.0,0.0,0.0,0.0,0.0,1.0,-1.0,0.0,1.0,10.0,0.0,nfl_hist,donalddrive
131,Dante Hall,KAN,WR,0.0,0.0,0.0,0.0,0.0,1.0,-5.0,0.0,1.0,4.0,0.0,nfl_hist,dantehall
132,Troy Edwards,STL,WR,0.0,0.0,0.0,0.0,0.0,1.0,-8.0,0.0,1.0,3.0,0.0,nfl_hist,troyedwards
133,Antonio Bryant,DAL,WR,0.0,0.0,0.0,0.0,0.0,0.0,0.0,0.0,7.0,170.0,1.0,nfl_hist,antoniobryant
134,Todd Heap,BAL,TE,0.0,0.0,0.0,0.0,0.0,0.0,0.0,0.0,7.0,146.0,1.0,nfl_hist,toddheap
135,Bill Schroede,DET,WR,0.0,0.0,0.0,0.0,0.0,0.0,0.0,0.0,6.0,132.0,1.0,nfl_hist,billschroede
136,Stephen Alexande,SDG,TE,0.0,0.0,0.0,0.0,0.0,0.0,0.0,0.0,8.0,129.0,1.0,nfl_hist,stephenalexande
137,Chad Johnson,CIN,WR,0.0,0.0,0.0,0.0,0.0,0.0,0.0,0.0,6.0,123.0,0.0,nfl_hist,chadjohnson
138,Itula Mili,SEA,TE,0.0,0.0,0.0,0.0,0.0,0.0,0.0,0.0,7.0,119.0,0.0,nfl_hist,itulamili
139,Ed McCaffrey,DEN,WR,0.0,0.0,0.0,0.0,0.0,0.0,0.0,0.0,7.0,112.0,0.0,nfl_hist,edmccaffrey
140,Randy Moss,MIN,WR,0.0,0.0,0.0,0.0,0.0,0.0,0.0,0.0,6.0,109.0,0.0,nfl_hist,randymoss
141,Koren Robinson,SEA,WR,0.0,0.0,0.0,0.0,0.0,0.0,0.0,0.0,9.0,103.0,1.0,nfl_hist,korenrobinson
142,Jeremy Shockey,NYG,WR,0.0,0.0,0.0,0.0,0.0,0.0,0.0,0.0,10.0,98.0,1.0,nfl_hist,jeremyshockey
143,Muhsin Muhammad,CAR,WR,0.0,0.0,0.0,0.0,0.0,0.0,0.0,0.0,7.0,95.0,0.0,nfl_hist,muhsinmuhammad
144,Darrell Jackson,SEA,WR,0.0,0.0,0.0,0.0,0.0,0.0,0.0,0.0,5.0,90.0,1.0,nfl_hist,darrelljackson
145,Bobby Engram,SEA,WR,0.0,0.0,0.0,0.0,0.0,0.0,0.0,0.0,6.0,84.0,0.0,nfl_hist,bobbyengram
146,Derrius Thompson,WAS,WR,0.0,0.0,0.0,0.0,0.0,0.0,0.0,0.0,4.0,78.0,0.0,nfl_hist,derriusthompson
147,Brian Finneran,ATL,WR,0.0,0.0,0.0,0.0,0.0,0.0,0.0,0.0,3.0,77.0,1.0,nfl_hist,brianfinneran
148,Torry Holt,STL,WR,0.0,0.0,0.0,0.0,0.0,0.0,0.0,0.0,6.0,77.0,0.0,nfl_hist,torryholt
149,Terry Glenn,GNB,WR,0.0,0.0,0.0,0.0,0.0,0.0,0.0,0.0,5.0,76.0,1.0,nfl_hist,terryglenn
150,Randy Hymes,BAL,WR,0.0,0.0,0.0,0.0,0.0,0.0,0.0,0.0,2.0,76.0,0.0,nfl_hist,randyhymes
151,D'Wayne Bates,MIN,WR,0.0,0.0,0.0,0.0,0.0,0.0,0.0,0.0,5.0,75.0,0.0,nfl_hist,dwaynebates
152,Eric Moulds,BUF,WR,0.0,0.0,0.0,0.0,0.0,0.0,0.0,0.0,9.0,75.0,1.0,nfl_hist,ericmoulds
153,Jabar Gaffney,HOU,WR,0.0,0.0,0.0,0.0,0.0,0.0,0.0,0.0,6.0,73.0,0.0,nfl_hist,jabargaffney
154,Troy Brown,NWE,WR,0.0,0.0,0.0,0.0,0.0,0.0,0.0,0.0,8.0,67.0,1.0,nfl_hist,troybrown
155,Quentin McCord,ATL,WR,0.0,0.0,0.0,0.0,0.0,0.0,0.0,0.0,3.0,65.0,0.0,nfl_hist,quentinmccord
156,Josh Norman,SDG,TE,0.0,0.0,0.0,0.0,0.0,0.0,0.0,0.0,4.0,62.0,0.0,nfl_hist,joshnorman
157,Rod Smith,DEN,WR,0.0,0.0,0.0,0.0,0.0,0.0,0.0,0.0,5.0,62.0,1.0,nfl_hist,rodsmith
158,Travis Taylo,BAL,WR,0.0,0.0,0.0,0.0,0.0,0.0,0.0,0.0,5.0,62.0,0.0,nfl_hist,travistaylo
159,Kelly Campbell,MIN,WR,0.0,0.0,0.0,0.0,0.0,0.0,0.0,0.0,4.0,60.0,2.0,nfl_hist,kellycampbell
160,Darnerien McCants,WAS,WR,0.0,0.0,0.0,0.0,0.0,0.0,0.0,0.0,6.0,60.0,0.0,nfl_hist,darnerienmccants
161,Donte' Stallworth,NOR,WR,0.0,0.0,0.0,0.0,0.0,0.0,0.0,0.0,4.0,60.0,0.0,nfl_hist,dontestallworth
162,Rod Gardne,WAS,WR,0.0,0.0,0.0,0.0,0.0,0.0,0.0,0.0,5.0,59.0,0.0,nfl_hist,rodgardne
163,Drew Bennett,TEN,WR,0.0,0.0,0.0,0.0,0.0,0.0,0.0,0.0,2.0,58.0,0.0,nfl_hist,drewbennett
164,Eric Parke,SDG,WR,0.0,0.0,0.0,0.0,0.0,0.0,0.0,0.0,3.0,58.0,1.0,nfl_hist,ericparke
165,Peerless Price,BUF,WR,0.0,0.0,0.0,0.0,0.0,0.0,0.0,0.0,5.0,57.0,0.0,nfl_hist,peerlessprice
166,Amani Toome,NYG,WR,0.0,0.0,0.0,0.0,0.0,0.0,0.0,0.0,2.0,57.0,0.0,nfl_hist,amanitoome
167,Scotty Anderson,DET,WR,0.0,0.0,0.0,0.0,0.0,0.0,0.0,0.0,4.0,56.0,1.0,nfl_hist,scottyanderson
168,Josh Reed,BUF,WR,0.0,0.0,0.0,0.0,0.0,0.0,0.0,0.0,3.0,54.0,0.0,nfl_hist,joshreed
169,Isaac Bruce,STL,WR,0.0,0.0,0.0,0.0,0.0,0.0,0.0,0.0,4.0,53.0,1.0,nfl_hist,isaacbruce
170,Tai Streets,SFO,WR,0.0,0.0,0.0,0.0,0.0,0.0,0.0,0.0,5.0,53.0,2.0,nfl_hist,taistreets
171,Plaxico Burress,PIT,WR,0.0,0.0,0.0,0.0,0.0,0.0,0.0,0.0,3.0,52.0,0.0,nfl_hist,plaxicoburress
172,Ernie Conwell,STL,TE,0.0,0.0,0.0,0.0,0.0,0.0,0.0,0.0,3.0,52.0,1.0,nfl_hist,ernieconwell
173,Justin McCareins,TEN,WR,0.0,0.0,0.0,0.0,0.0,0.0,0.0,0.0,2.0,46.0,0.0,nfl_hist,justinmccareins
174,Hines Ward,PIT,WR,0.0,0.0,0.0,0.0,0.0,0.0,0.0,0.0,5.0,46.0,1.0,nfl_hist,hinesward
175,Freddie Jones,ARI,TE,0.0,0.0,0.0,0.0,0.0,0.0,0.0,0.0,4.0,45.0,0.0,nfl_hist,freddiejones
176,Kevin Kaspe,ARI,WR,0.0,0.0,0.0,0.0,0.0,0.0,0.0,0.0,4.0,44.0,1.0,nfl_hist,kevinkaspe
177,Joe Horn,NOR,WR,0.0,0.0,0.0,0.0,0.0,0.0,0.0,0.0,4.0,43.0,0.0,nfl_hist,joehorn
178,Billy Mille,HOU,TE,0.0,0.0,0.0,0.0,0.0,0.0,0.0,0.0,3.0,42.0,0.0,nfl_hist,billymille
179,Keyshawn Johnson,TAM,WR,0.0,0.0,0.0,0.0,0.0,0.0,0.0,0.0,5.0,41.0,0.0,nfl_hist,keyshawnjohnson
180,Danny Farme,CIN,WR,0.0,0.0,0.0,0.0,0.0,0.0,0.0,0.0,3.0,40.0,0.0,nfl_hist,dannyfarme
181,Robert Ferguson,GNB,WR,0.0,0.0,0.0,0.0,0.0,0.0,0.0,0.0,4.0,39.0,0.0,nfl_hist,robertferguson
182,Marcus Pollard,IND,TE,0.0,0.0,0.0,0.0,0.0,0.0,0.0,0.0,5.0,39.0,1.0,nfl_hist,marcuspollard
183,Jason McAddley,ARI,WR,0.0,0.0,0.0,0.0,0.0,0.0,0.0,0.0,3.0,38.0,0.0,nfl_hist,jasonmcaddley
184,Wayne Chrebet,NYJ,WR,0.0,0.0,0.0,0.0,0.0,0.0,0.0,0.0,3.0,37.0,2.0,nfl_hist,waynechrebet
185,Steve Smith,CAR,WR,0.0,0.0,0.0,0.0,0.0,0.0,0.0,0.0,3.0,37.0,0.0,nfl_hist,stevesmith
186,Jeff Thomason,PHI,TE,0.0,0.0,0.0,0.0,0.0,0.0,0.0,0.0,2.0,37.0,0.0,nfl_hist,jeffthomason
187,Javon Walke,GNB,WR,0.0,0.0,0.0,0.0,0.0,0.0,0.0,0.0,3.0,37.0,0.0,nfl_hist,javonwalke
188,Jermaine Wiggins,CAR,TE,0.0,0.0,0.0,0.0,0.0,0.0,0.0,0.0,4.0,37.0,0.0,nfl_hist,jermainewiggins
189,Andre' Davis,CLE,WR,0.0,0.0,0.0,0.0,0.0,0.0,0.0,0.0,2.0,36.0,0.0,nfl_hist,andredavis
190,Bubba Franks,GNB,TE,0.0,0.0,0.0,0.0,0.0,0.0,0.0,0.0,3.0,35.0,1.0,nfl_hist,bubbafranks
191,Tony Gonzalez,KAN,TE,0.0,0.0,0.0,0.0,0.0,0.0,0.0,0.0,4.0,35.0,0.0,nfl_hist,tonygonzalez
192,Freddie Mitchell,PHI,WR,0.0,0.0,0.0,0.0,0.0,0.0,0.0,0.0,4.0,35.0,0.0,nfl_hist,freddiemitchell
193,Alge Crumple,ATL,TE,0.0,0.0,0.0,0.0,0.0,0.0,0.0,0.0,2.0,34.0,0.0,nfl_hist,algecrumple
194,Dedric Ward,MIA,WR,0.0,0.0,0.0,0.0,0.0,0.0,0.0,0.0,4.0,34.0,0.0,nfl_hist,dedricward
195,Ken Dilge,TAM,TE,0.0,0.0,0.0,0.0,0.0,0.0,0.0,0.0,3.0,32.0,0.0,nfl_hist,kendilge
196,Kevin Johnson,CLE,WR,0.0,0.0,0.0,0.0,0.0,0.0,0.0,0.0,3.0,32.0,1.0,nfl_hist,kevinjohnson
197,James McKnight,MIA,WR,0.0,0.0,0.0,0.0,0.0,0.0,0.0,0.0,1.0,32.0,1.0,nfl_hist,jamesmcknight
198,Pete Mitchell,JAX,TE,0.0,0.0,0.0,0.0,0.0,0.0,0.0,0.0,4.0,32.0,0.0,nfl_hist,petemitchell
199,Quincy Morgan,CLE,WR,0.0,0.0,0.0,0.0,0.0,0.0,0.0,0.0,2.0,32.0,0.0,nfl_hist,quincymorgan
200,Jake Reed,NOR,WR,0.0,0.0,0.0,0.0,0.0,0.0,0.0,0.0,2.0,32.0,0.0,nfl_hist,jakereed
201,Tim Brown,OAK,WR,0.0,0.0,0.0,0.0,0.0,0.0,0.0,0.0,2.0,31.0,0.0,nfl_hist,timbrown
202,Cedrick Wilson,SFO,WR,0.0,0.0,0.0,0.0,0.0,0.0,0.0,0.0,2.0,31.0,0.0,nfl_hist,cedrickwilson
203,Trevor Gaylo,ATL,WR,0.0,0.0,0.0,0.0,0.0,0.0,0.0,0.0,3.0,30.0,0.0,nfl_hist,trevorgaylo
204,John Gilmore,CHI,TE,0.0,0.0,0.0,0.0,0.0,0.0,0.0,0.0,1.0,30.0,0.0,nfl_hist,johngilmore
205,J.J. Stokes,SFO,WR,0.0,0.0,0.0,0.0,0.0,0.0,0.0,0.0,2.0,29.0,0.0,nfl_hist,jjstokes
206,Reggie Wayne,IND,WR,0.0,0.0,0.0,0.0,0.0,0.0,0.0,0.0,3.0,29.0,0.0,nfl_hist,reggiewayne
207,Ricky Proehl,STL,WR,0.0,0.0,0.0,0.0,0.0,0.0,0.0,0.0,2.0,28.0,0.0,nfl_hist,rickyproehl
208,T.J. Houshmandzadeh,CIN,WR,0.0,0.0,0.0,0.0,0.0,0.0,0.0,0.0,3.0,26.0,0.0,nfl_hist,tjhoushmandzadeh
209,Randy McMichael,MIA,TE,0.0,0.0,0.0,0.0,0.0,0.0,0.0,0.0,3.0,25.0,0.0,nfl_hist,randymcmichael
210,Kyle Brady,JAX,TE,0.0,0.0,0.0,0.0,0.0,0.0,0.0,0.0,2.0,24.0,0.0,nfl_hist,kylebrady
211,Ahmad Merritt,CHI,WR,0.0,0.0,0.0,0.0,0.0,0.0,0.0,0.0,4.0,22.0,0.0,nfl_hist,ahmadmerritt
212,Jay Riemersma,BUF,TE,0.0,0.0,0.0,0.0,0.0,0.0,0.0,0.0,2.0,22.0,0.0,nfl_hist,jayriemersma
213,Jerramy Stevens,SEA,TE,0.0,0.0,0.0,0.0,0.0,0.0,0.0,0.0,4.0,22.0,0.0,nfl_hist,jerramystevens
214,Dan Kreide,PIT,FB,0.0,0.0,0.0,0.0,0.0,0.0,0.0,0.0,3.0,21.0,0.0,nfl_hist,dankreide
215,Jerry Rice,OAK,WR,0.0,0.0,0.0,0.0,0.0,0.0,0.0,0.0,2.0,21.0,0.0,nfl_hist,jerryrice
216,Dez White,CHI,WR,0.0,0.0,0.0,0.0,0.0,0.0,0.0,0.0,2.0,21.0,0.0,nfl_hist,dezwhite
217,Eddie Kennison,KAN,X,0.0,0.0,0.0,0.0,0.0,0.0,0.0,0.0,2.0,20.0,0.0,nfl_hist,eddiekennison
218,Marc Boerigte,KAN,WR,0.0,0.0,0.0,0.0,0.0,0.0,0.0,0.0,2.0,18.0,0.0,nfl_hist,marcboerigte
219,Corey Bradford,HOU,WR,0.0,0.0,0.0,0.0,0.0,0.0,0.0,0.0,2.0,18.0,0.0,nfl_hist,coreybradford
220,Larry Foste,DET,WR,0.0,0.0,0.0,0.0,0.0,0.0,0.0,0.0,2.0,17.0,0.0,nfl_hist,larryfoste
221,Chad Lewis,PHI,TE,0.0,0.0,0.0,0.0,0.0,0.0,0.0,0.0,1.0,16.0,0.0,nfl_hist,chadlewis
222,Doug Jolley,OAK,TE,0.0,0.0,0.0,0.0,0.0,0.0,0.0,0.0,1.0,15.0,1.0,nfl_hist,dougjolley
223,Steve Bush,ARI,TE,0.0,0.0,0.0,0.0,0.0,0.0,0.0,0.0,3.0,14.0,0.0,nfl_hist,stevebush
224,Jabari Holloway,HOU,TE,0.0,0.0,0.0,0.0,0.0,0.0,0.0,0.0,1.0,14.0,0.0,nfl_hist,jabariholloway
225,JaJuan Dawson,HOU,WR,0.0,0.0,0.0,0.0,0.0,0.0,0.0,0.0,2.0,13.0,0.0,nfl_hist,jajuandawson
226,David Givens,NWE,WR,0.0,0.0,0.0,0.0,0.0,0.0,0.0,0.0,1.0,13.0,0.0,nfl_hist,davidgivens
227,Johnnie Morton,KAN,Z,0.0,0.0,0.0,0.0,0.0,0.0,0.0,0.0,1.0,13.0,0.0,nfl_hist,johnniemorton
228,Troy Walters,IND,WR,0.0,0.0,0.0,0.0,0.0,0.0,0.0,0.0,1.0,13.0,0.0,nfl_hist,troywalters
229,Mark Campbell,CLE,TE,0.0,0.0,0.0,0.0,0.0,0.0,0.0,0.0,1.0,12.0,0.0,nfl_hist,markcampbell
230,Ron Dugans,CIN,WR,0.0,0.0,0.0,0.0,0.0,0.0,0.0,0.0,1.0,12.0,0.0,nfl_hist,rondugans
231,Joe Jurevicius,TAM,WR,0.0,0.0,0.0,0.0,0.0,0.0,0.0,0.0,2.0,12.0,0.0,nfl_hist,joejurevicius
232,Rob Konrad,MIA,FB,0.0,0.0,0.0,0.0,0.0,0.0,0.0,0.0,1.0,12.0,0.0,nfl_hist,robkonrad
233,Jerry Porte,OAK,WR,0.0,0.0,0.0,0.0,0.0,0.0,0.0,0.0,2.0,12.0,0.0,nfl_hist,jerryporte
234,Jerame Tuman,PIT,TE,0.0,0.0,0.0,0.0,0.0,0.0,0.0,0.0,1.0,12.0,0.0,nfl_hist,jerametuman
235,George Layne,ATL,FB,0.0,0.0,0.0,0.0,0.0,0.0,0.0,0.0,2.0,11.0,0.0,nfl_hist,georgelayne
236,Cecil Martin,PHI,FB,0.0,0.0,0.0,0.0,0.0,0.0,0.0,0.0,1.0,11.0,0.0,nfl_hist,cecilmartin
237,Keenan McCardell,TAM,WR,0.0,0.0,0.0,0.0,0.0,0.0,0.0,0.0,2.0,11.0,0.0,nfl_hist,keenanmccardell
238,Terance Mathis,PIT,WR,0.0,0.0,0.0,0.0,0.0,0.0,0.0,0.0,1.0,10.0,0.0,nfl_hist,terancemathis
239,Richie Anderson,NYJ,FB,0.0,0.0,0.0,0.0,0.0,0.0,0.0,0.0,2.0,9.0,1.0,nfl_hist,richieanderson
240,Anthony Becht,NYJ,TE,0.0,0.0,0.0,0.0,0.0,0.0,0.0,0.0,1.0,9.0,0.0,nfl_hist,anthonybecht
241,Steve Heiden,CLE,TE,0.0,0.0,0.0,0.0,0.0,0.0,0.0,0.0,2.0,9.0,0.0,nfl_hist,steveheiden
242,Reggie Kelly,ATL,TE,0.0,0.0,0.0,0.0,0.0,0.0,0.0,0.0,1.0,9.0,0.0,nfl_hist,reggiekelly
243,James Williams,SEA,WR,0.0,0.0,0.0,0.0,0.0,0.0,0.0,0.0,1.0,9.0,0.0,nfl_hist,jameswilliams
244,Dan Campbell,NYG,TE,0.0,0.0,0.0,0.0,0.0,0.0,0.0,0.0,2.0,8.0,0.0,nfl_hist,dancampbell
245,Hunter Goodwin,MIN,TE,0.0,0.0,0.0,0.0,0.0,0.0,0.0,0.0,1.0,8.0,0.0,nfl_hist,huntergoodwin
246,Atnaf Harris,HOU,WR,0.0,0.0,0.0,0.0,0.0,0.0,0.0,0.0,1.0,8.0,0.0,nfl_hist,atnafharris
247,Daryl Jones,NYG,WR,0.0,0.0,0.0,0.0,0.0,0.0,0.0,0.0,1.0,8.0,0.0,nfl_hist,daryljones
248,Matt Murphy,DET,TE,0.0,0.0,0.0,0.0,0.0,0.0,0.0,0.0,1.0,8.0,0.0,nfl_hist,mattmurphy
249,Bobby Shaw,JAX,WR,0.0,0.0,0.0,0.0,0.0,0.0,0.0,0.0,1.0,8.0,0.0,nfl_hist,bobbyshaw
250,Daimon Shelton,CHI,FB,0.0,0.0,0.0,0.0,0.0,0.0,0.0,0.0,1.0,8.0,0.0,nfl_hist,daimonshelton
251,James Whalen,DAL,TE,0.0,0.0,0.0,0.0,0.0,0.0,0.0,0.0,1.0,8.0,0.0,nfl_hist,jameswhalen
252,Tyrone Davis,GNB,TE,0.0,0.0,0.0,0.0,0.0,0.0,0.0,0.0,1.0,7.0,0.0,nfl_hist,tyronedavis
253,Jason McKie,DAL,FB,0.0,0.0,0.0,0.0,0.0,0.0,0.0,0.0,1.0,7.0,0.0,nfl_hist,jasonmckie
254,Walter Rasby,WAS,FB,0.0,0.0,0.0,0.0,0.0,0.0,0.0,0.0,1.0,7.0,0.0,nfl_hist,walterrasby
255,Rickey Dudley,TAM,TE,0.0,0.0,0.0,0.0,0.0,0.0,0.0,0.0,1.0,6.0,0.0,nfl_hist,rickeydudley
256,Joel Makovicka,ARI,FB,0.0,0.0,0.0,0.0,0.0,0.0,0.0,0.0,1.0,6.0,0.0,nfl_hist,joelmakovicka
257,Kris Mangum,CAR,TE,0.0,0.0,0.0,0.0,0.0,0.0,0.0,0.0,1.0,6.0,0.0,nfl_hist,krismangum
258,Brandon Manumaleuna,STL,TE,0.0,0.0,0.0,0.0,0.0,0.0,0.0,0.0,1.0,6.0,1.0,nfl_hist,brandonmanumaleuna
259,Fred McCrary,SDG,FB,0.0,0.0,0.0,0.0,0.0,0.0,0.0,0.0,2.0,6.0,1.0,nfl_hist,fredmccrary
260,Shannon Sharpe,DEN,TE,0.0,0.0,0.0,0.0,0.0,0.0,0.0,0.0,1.0,6.0,0.0,nfl_hist,shannonsharpe
261,Justin Swift,SFO,TE,0.0,0.0,0.0,0.0,0.0,0.0,0.0,0.0,1.0,6.0,0.0,nfl_hist,justinswift
262,Ashley Lelie,DEN,WR,0.0,0.0,0.0,0.0,0.0,0.0,0.0,0.0,1.0,5.0,1.0,nfl_hist,ashleylelie
263,Christian Fauria,NWE,TE,0.0,0.0,0.0,0.0,0.0,0.0,0.0,0.0,1.0,4.0,0.0,nfl_hist,christianfauria
264,Antonio Freeman,PHI,WR,0.0,0.0,0.0,0.0,0.0,0.0,0.0,0.0,1.0,4.0,0.0,nfl_hist,antoniofreeman
265,Matt Schobel,CIN,TE,0.0,0.0,0.0,0.0,0.0,0.0,0.0,0.0,1.0,4.0,0.0,nfl_hist,mattschobel
266,Charles Stackhouse,NYG,FB,0.0,0.0,0.0,0.0,0.0,0.0,0.0,0.0,1.0,4.0,0.0,nfl_hist,charlesstackhouse
267,Keyuo Crave,NOR,CB,0.0,0.0,0.0,0.0,0.0,0.0,0.0,0.0,0.0,0.0,0.0,nfl_hist,keyuocrave
268,Allen Rossum,ATL,CB,0.0,0.0,0.0,0.0,0.0,0.0,0.0,0.0,0.0,0.0,0.0,nfl_hist,allenrossum
